timestamp,water_level,inflow,rainfall_mm
2023-01-01 00:00:00,2.419,84.258,0.463
2023-01-01 01:00:00,2.8911,91.748,11.7589
2023-01-01 02:00:00,3.5397,100.534,5.6896
2023-01-01 03:00:00,4.0052,112.658,9.388
2023-01-01 04:00:00,3.9259,110.569,1.5895
2023-01-01 05:00:00,4.0561,112.865,8.562
2023-01-01 06:00:00,4.048,114.22,4.0467
2023-01-01 07:00:00,4.2334,117.253,5.7267
2023-01-01 08:00:00,4.0229,112.479,0.488
2023-01-01 09:00:00,3.8457,109.435,0.4252
2023-01-01 10:00:00,4.3877,120.217,15.3297
2023-01-01 11:00:00,4.2876,117.837,3.9483
2023-01-01 12:00:00,3.8774,109.971,1.0409
2023-01-01 13:00:00,3.9639,112.471,9.9004
2023-01-01 14:00:00,3.949,111.057,3.2236
2023-01-01 15:00:00,3.7692,110.788,0.3071
2023-01-01 16:00:00,3.4595,101.547,3.2045
2023-01-01 17:00:00,3.2994,99.36,1.4191
2023-01-01 18:00:00,3.577,104.41,8.5464
2023-01-01 19:00:00,3.6381,106.043,5.0058
2023-01-01 20:00:00,4.1114,115.442,12.6029
2023-01-01 21:00:00,4.3413,118.236,8.1466
2023-01-01 22:00:00,4.1198,115.505,2.2292
2023-01-01 23:00:00,4.2838,115.368,5.3067
2023-01-02 00:00:00,4.1476,113.112,2.2702
2023-01-02 01:00:00,4.3119,119.741,4.4521
2023-01-02 02:00:00,4.7158,123.801,7.1108
2023-01-02 03:00:00,4.795,128.095,9.6044
2023-01-02 04:00:00,4.8564,128.043,9.0934
2023-01-02 05:00:00,4.7485,126.448,2.2106
2023-01-02 06:00:00,4.6739,125.187,2.8677
2023-01-02 07:00:00,4.6354,123.933,2.2766
2023-01-02 08:00:00,4.1898,113.879,0.9605
2023-01-02 09:00:00,4.2579,115.723,2.852
2023-01-02 10:00:00,3.9364,111.126,1.1483
2023-01-02 11:00:00,3.7614,107.606,1.581
2023-01-02 12:00:00,3.4848,102.303,0.7177
2023-01-02 13:00:00,3.2313,97.7,0.015
2023-01-02 14:00:00,4.2437,118.008,22.6092
2023-01-02 15:00:00,4.0212,112.176,3.0585
2023-01-02 16:00:00,3.9232,109.412,1.7012
2023-01-02 17:00:00,3.8385,108.21,8.92
2023-01-02 18:00:00,3.6669,105.228,0.7738
2023-01-02 19:00:00,3.5659,105.105,0.6336
2023-01-02 20:00:00,3.5405,105.262,2.704
2023-01-02 21:00:00,3.6132,102.308,8.2291
2023-01-02 22:00:00,3.8881,110.069,2.9981
2023-01-02 23:00:00,3.8247,109.177,3.3828
2023-01-03 00:00:00,3.9234,110.872,1.7471
2023-01-03 01:00:00,3.9874,112.613,5.6339
2023-01-03 02:00:00,3.9016,109.195,0.3479
2023-01-03 03:00:00,3.8326,108.074,0.1678
2023-01-03 04:00:00,3.6991,106.105,1.6941
2023-01-03 05:00:00,3.6692,105.809,1.7476
2023-01-03 06:00:00,3.6196,106.482,0.7299
2023-01-03 07:00:00,3.4764,101.929,1.5006
2023-01-03 08:00:00,3.4199,101.391,3.3112
2023-01-03 09:00:00,3.8022,109.226,2.3527
2023-01-03 10:00:00,3.9783,112.463,13.5814
2023-01-03 11:00:00,3.8651,109.813,2.6914
2023-01-03 12:00:00,3.8554,108.287,5.9298
2023-01-03 13:00:00,3.743,107.814,1.5766
2023-01-03 14:00:00,3.4165,100.467,0.2037
2023-01-03 15:00:00,3.3311,100.093,3.5051
2023-01-03 16:00:00,3.233,96.061,3.7578
2023-01-03 17:00:00,3.2761,98.322,2.6142
2023-01-03 18:00:00,3.0322,95.732,1.7963
2023-01-03 19:00:00,3.4547,102.7,7.8339
2023-01-03 20:00:00,3.3364,101.166,0.5736
2023-01-03 21:00:00,3.3086,99.845,2.4845
2023-01-03 22:00:00,3.1109,94.158,0.2775
2023-01-03 23:00:00,3.2775,99.349,0.1202
2023-01-04 00:00:00,4.088,113.188,16.177
2023-01-04 01:00:00,4.0421,112.841,1.5917
2023-01-04 02:00:00,3.974,113.057,1.5923
2023-01-04 03:00:00,4.7055,122.772,13.5647
2023-01-04 04:00:00,4.3591,119.323,0.5237
2023-01-04 05:00:00,4.366,117.891,2.0339
2023-01-04 06:00:00,4.1597,114.203,2.5158
2023-01-04 07:00:00,4.1945,116.686,2.0976
2023-01-04 08:00:00,4.5426,122.239,11.9322
2023-01-04 09:00:00,4.4076,121.289,5.0628
2023-01-04 10:00:00,4.2719,117.005,0.3538
2023-01-04 11:00:00,3.8107,105.62,0.308
2023-01-04 12:00:00,3.838,111.094,4.7292
2023-01-04 13:00:00,3.8194,107.814,3.9441
2023-01-04 14:00:00,3.3848,102.68,0.157
2023-01-04 15:00:00,3.1632,97.355,2.7915
2023-01-04 16:00:00,3.6414,106.405,8.6874
2023-01-04 17:00:00,3.4467,103.253,3.9421
2023-01-04 18:00:00,3.4483,99.831,3.3272
2023-01-04 19:00:00,3.5273,103.045,4.0713
2023-01-04 20:00:00,3.6175,103.54,5.9412
2023-01-04 21:00:00,3.5597,102.217,0.7235
2023-01-04 22:00:00,3.4567,103.719,3.2137
2023-01-04 23:00:00,3.9448,110.151,9.5975
2023-01-05 00:00:00,3.9203,113.186,0.9297
2023-01-05 01:00:00,3.7057,107.02,0.7662
2023-01-05 02:00:00,4.066,115.147,4.5995
2023-01-05 03:00:00,3.9157,112.538,2.8523
2023-01-05 04:00:00,4.2992,117.988,7.4217
2023-01-05 05:00:00,4.3715,118.595,3.3381
2023-01-05 06:00:00,3.9974,111.022,0.4905
2023-01-05 07:00:00,4.5787,124.417,11.8406
2023-01-05 08:00:00,4.5169,122.323,5.2876
2023-01-05 09:00:00,4.4664,119.915,1.6553
2023-01-05 10:00:00,4.3056,117.149,4.222
2023-01-05 11:00:00,4.4485,120.688,10.2545
2023-01-05 12:00:00,4.2237,115.418,3.1951
2023-01-05 13:00:00,3.927,110.901,0.6723
2023-01-05 14:00:00,4.0907,113.963,8.066
2023-01-05 15:00:00,3.665,104.522,1.1283
2023-01-05 16:00:00,3.6927,106.991,3.8893
2023-01-05 17:00:00,3.744,106.229,5.7821
2023-01-05 18:00:00,3.9603,113.117,9.6827
2023-01-05 19:00:00,4.0846,115.735,5.9835
2023-01-05 20:00:00,3.8761,108.278,3.5226
2023-01-05 21:00:00,3.8371,108.128,0.4924
2023-01-05 22:00:00,3.7485,107.428,1.7965
2023-01-05 23:00:00,3.8507,108.621,2.3774
2023-01-06 00:00:00,3.6201,107.741,0.3668
2023-01-06 01:00:00,4.1526,111.771,10.8948
2023-01-06 02:00:00,4.1035,113.788,0.5138
2023-01-06 03:00:00,4.2525,115.41,5.2374
2023-01-06 04:00:00,4.1623,115.573,1.6523
2023-01-06 05:00:00,4.131,114.856,0.9685
2023-01-06 06:00:00,4.0081,112.42,1.9989
2023-01-06 07:00:00,4.0208,110.416,1.9426
2023-01-06 08:00:00,3.941,111.796,1.8763
2023-01-06 09:00:00,3.5506,104.19,0.7607
2023-01-06 10:00:00,3.6032,106.38,1.1632
2023-01-06 11:00:00,3.456,103.322,1.7704
2023-01-06 12:00:00,3.4411,101.425,5.4149
2023-01-06 13:00:00,3.7969,110.75,8.5244
2023-01-06 14:00:00,3.5087,102.757,2.917
2023-01-06 15:00:00,3.7196,107.403,7.4864
2023-01-06 16:00:00,3.4716,103.854,1.2984
2023-01-06 17:00:00,3.1883,97.679,0.5398
2023-01-06 18:00:00,3.2911,98.134,6.0576
2023-01-06 19:00:00,3.3735,99.35,1.7733
2023-01-06 20:00:00,3.3934,101.454,7.5426
2023-01-06 21:00:00,3.491,102.441,2.4434
2023-01-06 22:00:00,3.3931,99.806,0.4828
2023-01-06 23:00:00,3.5477,104.691,1.602
2023-01-07 00:00:00,3.5707,103.999,2.2129
2023-01-07 01:00:00,3.7755,108.741,4.3576
2023-01-07 02:00:00,3.9464,111.34,5.5598
2023-01-07 03:00:00,3.8043,108.01,0.4161
2023-01-07 04:00:00,3.7799,106.787,1.6392
2023-01-07 05:00:00,4.2745,116.721,10.7877
2023-01-07 06:00:00,4.5333,122.126,6.3278
2023-01-07 07:00:00,4.288,116.123,1.0161
2023-01-07 08:00:00,4.066,110.497,0.7158
2023-01-07 09:00:00,3.9139,110.034,1.2818
2023-01-07 10:00:00,3.888,108.692,4.2587
2023-01-07 11:00:00,3.7748,108.442,1.532
2023-01-07 12:00:00,3.945,111.614,8.8401
2023-01-07 13:00:00,3.5887,104.025,2.1639
2023-01-07 14:00:00,3.632,104.869,3.7126
2023-01-07 15:00:00,3.5418,102.86,5.0692
2023-01-07 16:00:00,3.6041,104.532,6.4531
2023-01-07 17:00:00,3.5679,104.127,1.1143
2023-01-07 18:00:00,3.4156,104.21,0.7966
2023-01-07 19:00:00,3.1246,95.254,1.7745
2023-01-07 20:00:00,3.9785,112.41,13.1169
2023-01-07 21:00:00,4.3729,121.267,13.6448
2023-01-07 22:00:00,4.2712,118.309,1.0389
2023-01-07 23:00:00,4.181,112.161,3.6364
2023-01-08 00:00:00,4.288,116.125,2.5037
2023-01-08 01:00:00,4.047,112.274,1.0168
2023-01-08 02:00:00,4.1658,112.666,5.4497
2023-01-08 03:00:00,4.213,117.758,2.3871
2023-01-08 04:00:00,4.2933,117.645,3.6838
2023-01-08 05:00:00,4.2705,116.909,1.2693
2023-01-08 06:00:00,4.3425,116.923,6.9583
2023-01-08 07:00:00,4.6694,124.254,10.0249
2023-01-08 08:00:00,4.5116,117.725,2.5369
2023-01-08 09:00:00,4.4651,120.3,5.8835
2023-01-08 10:00:00,4.2771,116.73,1.1543
2023-01-08 11:00:00,4.0101,111.172,0.5882
2023-01-08 12:00:00,3.6556,105.5,1.8598
2023-01-08 13:00:00,3.3015,100.353,0.3073
2023-01-08 14:00:00,3.351,101.657,2.7212
2023-01-08 15:00:00,3.2977,98.799,1.6125
2023-01-08 16:00:00,3.2474,97.858,1.9289
2023-01-08 17:00:00,4.0654,113.69,20.1309
2023-01-08 18:00:00,3.982,112.443,3.068
2023-01-08 19:00:00,3.7155,104.684,0.189
2023-01-08 20:00:00,3.7625,108.069,4.928
2023-01-08 21:00:00,3.7409,108.075,2.1711
2023-01-08 22:00:00,3.5732,104.793,1.6697
2023-01-08 23:00:00,3.8212,109.203,5.8544
2023-01-09 00:00:00,4.0798,112.852,6.9185
2023-01-09 01:00:00,4.467,120.369,9.155
2023-01-09 02:00:00,4.6592,122.522,2.5426
2023-01-09 03:00:00,4.4901,120.192,2.5013
2023-01-09 04:00:00,4.4408,121.017,3.3373
2023-01-09 05:00:00,4.6021,120.874,6.9211
2023-01-09 06:00:00,4.3268,118.16,1.6486
2023-01-09 07:00:00,4.242,114.854,0.1755
2023-01-09 08:00:00,4.2575,116.701,5.215
2023-01-09 09:00:00,4.0377,113.955,1.3515
2023-01-09 10:00:00,3.8797,110.773,0.7376
2023-01-09 11:00:00,3.7931,108.489,3.1577
2023-01-09 12:00:00,3.5632,105.268,1.0761
2023-01-09 13:00:00,3.6332,103.59,6.5431
2023-01-09 14:00:00,4.4159,119.21,17.6603
2023-01-09 15:00:00,3.9747,109.931,1.8147
2023-01-09 16:00:00,3.7999,108.594,5.2682
2023-01-09 17:00:00,3.8712,109.428,2.7073
2023-01-09 18:00:00,3.5695,103.381,1.2925
2023-01-09 19:00:00,3.5979,103.943,4.5484
2023-01-09 20:00:00,3.7352,107.05,4.213
2023-01-09 21:00:00,3.7664,108.821,4.5016
2023-01-09 22:00:00,3.849,107.984,4.4668
2023-01-09 23:00:00,3.9245,110.072,1.1021
2023-01-10 00:00:00,3.8346,110.031,2.1145
2023-01-10 01:00:00,3.7366,109.388,1.5722
2023-01-10 02:00:00,4.1789,113.033,5.1259
2023-01-10 03:00:00,4.3629,120.115,5.9883
2023-01-10 04:00:00,4.3275,119.004,1.9584
2023-01-10 05:00:00,4.7474,125.436,10.425
2023-01-10 06:00:00,4.8178,127.059,10.033
2023-01-10 07:00:00,4.6044,124.848,0.0368
2023-01-10 08:00:00,4.6403,123.947,3.2078
2023-01-10 09:00:00,4.3362,118.23,4.1453
2023-01-10 10:00:00,4.3739,117.777,4.0881
2023-01-10 11:00:00,4.5521,120.165,11.1585
2023-01-10 12:00:00,4.2967,120.052,0.9991
2023-01-10 13:00:00,3.9813,111.824,1.7762
2023-01-10 14:00:00,3.8013,110.045,1.06
2023-01-10 15:00:00,3.7524,105.324,5.8365
2023-01-10 16:00:00,3.8352,106.61,8.2453
2023-01-10 17:00:00,3.7296,107.483,2.1452
2023-01-10 18:00:00,3.496,103.761,3.175
2023-01-10 19:00:00,3.873,108.885,10.1302
2023-01-10 20:00:00,4.4405,118.76,11.486
2023-01-10 21:00:00,4.3449,119.345,3.8533
2023-01-10 22:00:00,4.3427,119.385,5.5802
2023-01-10 23:00:00,4.3069,116.73,3.7944
2023-01-11 00:00:00,4.4667,121.949,2.4041
2023-01-11 01:00:00,4.1617,112.967,0.4231
2023-01-11 02:00:00,4.6281,121.781,10.8601
2023-01-11 03:00:00,4.5878,123.7,3.9684
2023-01-11 04:00:00,4.7311,128.837,1.6348
2023-01-11 05:00:00,4.4323,119.363,1.0535
2023-01-11 06:00:00,4.3971,118.199,2.5458
2023-01-11 07:00:00,4.4535,118.436,4.8837
2023-01-11 08:00:00,4.543,119.821,6.2846
2023-01-11 09:00:00,4.6455,123.849,6.4334
2023-01-11 10:00:00,4.5764,123.309,6.913
2023-01-11 11:00:00,4.6216,123.825,4.5757
2023-01-11 12:00:00,4.8362,127.183,14.5672
2023-01-11 13:00:00,4.7973,126.287,5.3118
2023-01-11 14:00:00,5.0578,131.717,16.3893
2023-01-11 15:00:00,4.9764,129.01,6.4438
2023-01-11 16:00:00,4.467,120.577,1.1891
2023-01-11 17:00:00,4.3614,120.691,2.6414
2023-01-11 18:00:00,4.543,119.32,8.1623
2023-01-11 19:00:00,4.1125,113.928,1.0963
2023-01-11 20:00:00,4.043,112.097,1.8917
2023-01-11 21:00:00,3.9555,111.524,1.0335
2023-01-11 22:00:00,3.7514,106.5,0.9961
2023-01-11 23:00:00,3.7663,110.056,0.4943
2023-01-12 00:00:00,3.8712,108.178,4.6924
2023-01-12 01:00:00,4.2321,116.237,6.6969
2023-01-12 02:00:00,4.8402,125.323,14.9273
2023-01-12 03:00:00,5.547,140.821,18.5567
2023-01-12 04:00:00,5.392,135.205,2.8661
2023-01-12 05:00:00,5.1814,134.244,0.9256
2023-01-12 06:00:00,4.834,126.224,4.3834
2023-01-12 07:00:00,5.644,142.01,17.6967
2023-01-12 08:00:00,5.497,139.169,5.1501
2023-01-12 09:00:00,5.6835,142.58,11.5948
2023-01-12 10:00:00,5.6765,144.402,8.2464
2023-01-12 11:00:00,5.3431,135.385,6.8566
2023-01-12 12:00:00,4.9624,129.949,1.6008
2023-01-12 13:00:00,4.944,128.847,4.8637
2023-01-12 14:00:00,4.6868,125.516,4.0327
2023-01-12 15:00:00,4.3279,117.46,0.7494
2023-01-12 16:00:00,4.5114,120.974,10.9558
2023-01-12 17:00:00,4.2824,116.113,0.5765
2023-01-12 18:00:00,4.119,115.725,2.8756
2023-01-12 19:00:00,3.966,110.459,5.5152
2023-01-12 20:00:00,3.7893,106.435,0.1848
2023-01-12 21:00:00,3.6797,104.666,0.1772
2023-01-12 22:00:00,3.5558,102.856,1.519
2023-01-12 23:00:00,3.4956,102.618,2.1512
2023-01-13 00:00:00,3.79,107.565,4.0704
2023-01-13 01:00:00,3.8558,109.69,1.7544
2023-01-13 02:00:00,4.0802,114.388,4.1496
2023-01-13 03:00:00,4.2759,116.81,4.5231
2023-01-13 04:00:00,4.0762,112.474,0.2392
2023-01-13 05:00:00,4.1275,113.829,3.3182
2023-01-13 06:00:00,4.0078,112.967,0.2203
2023-01-13 07:00:00,4.0246,110.869,2.4479
2023-01-13 08:00:00,3.9367,108.032,2.2604
2023-01-13 09:00:00,3.835,107.643,2.0595
2023-01-13 10:00:00,4.0535,114.245,7.3682
2023-01-13 11:00:00,3.8561,112.298,0.5532
2023-01-13 12:00:00,3.8279,109.763,6.7554
2023-01-13 13:00:00,3.9635,110.95,8.9063
2023-01-13 14:00:00,4.2019,116.661,7.675
2023-01-13 15:00:00,4.1485,114.107,9.773
2023-01-13 16:00:00,4.3308,121.253,6.7077
2023-01-13 17:00:00,4.2017,115.922,4.1375
2023-01-13 18:00:00,4.055,112.867,4.7476
2023-01-13 19:00:00,4.4997,122.11,12.5542
2023-01-13 20:00:00,4.414,119.026,0.757
2023-01-13 21:00:00,4.0084,111.04,0.3208
2023-01-13 22:00:00,3.9905,111.665,3.4338
2023-01-13 23:00:00,4.1789,113.368,3.0277
2023-01-14 00:00:00,4.0252,110.515,0.5686
2023-01-14 01:00:00,4.3069,117.266,7.4398
2023-01-14 02:00:00,4.3401,116.754,3.352
2023-01-14 03:00:00,4.3308,116.411,0.1066
2023-01-14 04:00:00,4.3853,118.313,5.9129
2023-01-14 05:00:00,4.3472,117.234,1.5628
2023-01-14 06:00:00,4.7681,128.387,14.0602
2023-01-14 07:00:00,4.5948,122.398,1.4553
2023-01-14 08:00:00,4.4962,121.869,1.7357
2023-01-14 09:00:00,5.215,134.235,18.7842
2023-01-14 10:00:00,5.0865,131.657,3.531
2023-01-14 11:00:00,4.6333,123.541,2.6556
2023-01-14 12:00:00,4.2042,115.296,0.594
2023-01-14 13:00:00,4.2229,114.425,2.064
2023-01-14 14:00:00,4.0451,113.423,4.5795
2023-01-14 15:00:00,3.7177,105.909,1.1393
2023-01-14 16:00:00,3.7732,108.375,3.6756
2023-01-14 17:00:00,3.4365,103.361,2.4334
2023-01-14 18:00:00,3.3832,101.314,1.265
2023-01-14 19:00:00,3.7795,108.224,10.0636
2023-01-14 20:00:00,3.7626,106.222,4.1165
2023-01-14 21:00:00,3.6264,105.852,0.1608
2023-01-14 22:00:00,3.8932,109.912,5.362
2023-01-14 23:00:00,3.9607,109.153,4.8651
2023-01-15 00:00:00,4.0809,112.785,3.8636
2023-01-15 01:00:00,4.2628,116.222,5.4902
2023-01-15 02:00:00,4.3649,119.206,4.4877
2023-01-15 03:00:00,4.1743,113.179,0.684
2023-01-15 04:00:00,4.4736,120.312,7.3063
2023-01-15 05:00:00,4.4767,119.957,2.5172
2023-01-15 06:00:00,4.4962,122.288,5.8045
2023-01-15 07:00:00,4.3953,120.229,0.9451
2023-01-15 08:00:00,4.8441,128.197,13.8541
2023-01-15 09:00:00,4.8385,127.681,6.327
2023-01-15 10:00:00,4.6652,125.616,0.8044
2023-01-15 11:00:00,4.5459,120.4,6.2794
2023-01-15 12:00:00,4.2773,116.227,3.1445
2023-01-15 13:00:00,3.9783,109.224,0.4679
2023-01-15 14:00:00,4.6778,124.559,19.1308
2023-01-15 15:00:00,4.4072,118.002,1.2331
2023-01-15 16:00:00,4.0659,113.64,2.609
2023-01-15 17:00:00,4.0952,112.656,4.0896
2023-01-15 18:00:00,3.9919,113.109,3.1474
2023-01-15 19:00:00,3.9095,109.491,3.011
2023-01-15 20:00:00,4.1685,114.331,7.1096
2023-01-15 21:00:00,3.9331,109.636,3.503
2023-01-15 22:00:00,5.4608,138.857,29.7806
2023-01-15 23:00:00,5.2948,134.155,3.0394
2023-01-16 00:00:00,5.3296,136.753,8.7451
2023-01-16 01:00:00,5.3862,135.019,1.5462
2023-01-16 02:00:00,5.3376,138.113,6.2058
2023-01-16 03:00:00,5.4171,137.76,5.5086
2023-01-16 04:00:00,5.143,132.495,1.8257
2023-01-16 05:00:00,5.2375,134.239,7.0539
2023-01-16 06:00:00,5.0402,132.051,0.1319
2023-01-16 07:00:00,4.8226,128.17,5.3195
2023-01-16 08:00:00,4.7804,125.354,3.7381
2023-01-16 09:00:00,4.6703,125.52,2.7185
2023-01-16 10:00:00,4.4365,120.293,0.411
2023-01-16 11:00:00,4.0487,112.893,0.9502
2023-01-16 12:00:00,3.9881,111.984,6.0606
2023-01-16 13:00:00,3.9512,110.245,2.0289
2023-01-16 14:00:00,3.9804,112.365,8.6851
2023-01-16 15:00:00,3.9965,111.309,5.6252
2023-01-16 16:00:00,3.8885,111.471,0.8613
2023-01-16 17:00:00,3.7284,106.216,2.6384
2023-01-16 18:00:00,3.6788,107.16,5.0677
2023-01-16 19:00:00,3.5557,104.3,0.967
2023-01-16 20:00:00,3.3958,101.469,0.7139
2023-01-16 21:00:00,3.6364,104.776,3.2489
2023-01-16 22:00:00,3.4229,99.659,2.0799
2023-01-16 23:00:00,3.6767,106.744,4.4895
2023-01-17 00:00:00,3.8702,109.451,3.2229
2023-01-17 01:00:00,3.7131,106.093,2.1689
2023-01-17 02:00:00,4.1398,115.675,1.288
2023-01-17 03:00:00,3.956,112.813,1.1372
2023-01-17 04:00:00,4.2217,116.879,6.7652
2023-01-17 05:00:00,4.5229,120.072,6.2971
2023-01-17 06:00:00,4.4239,118.52,2.1182
2023-01-17 07:00:00,4.378,120.136,6.8901
2023-01-17 08:00:00,4.2937,118.986,1.6922
2023-01-17 09:00:00,4.7702,125.319,14.064
2023-01-17 10:00:00,4.6612,125.484,2.856
2023-01-17 11:00:00,4.3834,115.126,1.3119
2023-01-17 12:00:00,4.1746,117.064,2.5386
2023-01-17 13:00:00,3.9319,109.379,3.2323
2023-01-17 14:00:00,3.9061,108.291,1.5885
2023-01-17 15:00:00,3.5905,104.476,3.7415
2023-01-17 16:00:00,4.0302,113.547,13.1465
2023-01-17 17:00:00,3.839,111.361,0.0569
2023-01-17 18:00:00,3.6208,103.13,0.8886
2023-01-17 19:00:00,3.9314,111.725,10.2514
2023-01-17 20:00:00,4.4613,120.724,10.9657
2023-01-17 21:00:00,4.7058,126.196,11.3071
2023-01-17 22:00:00,4.5646,122.532,2.5249
2023-01-17 23:00:00,4.8185,127.339,8.2152
2023-01-18 00:00:00,4.7323,122.478,0.6193
2023-01-18 01:00:00,4.5684,120.424,0.3392
2023-01-18 02:00:00,4.6335,122.039,2.4515
2023-01-18 03:00:00,4.3721,118.783,0.3756
2023-01-18 04:00:00,4.2594,117.796,3.6096
2023-01-18 05:00:00,4.5686,121.193,6.1932
2023-01-18 06:00:00,4.5393,119.803,3.198
2023-01-18 07:00:00,4.4649,122.426,1.0026
2023-01-18 08:00:00,4.2806,117.129,2.9405
2023-01-18 09:00:00,4.1718,117.437,1.9373
2023-01-18 10:00:00,3.9149,111.122,2.5402
2023-01-18 11:00:00,4.3728,117.537,9.4677
2023-01-18 12:00:00,4.7671,125.495,15.6919
2023-01-18 13:00:00,4.3841,119.217,2.7674
2023-01-18 14:00:00,4.4156,118.255,7.1063
2023-01-18 15:00:00,4.1855,115.949,1.8897
2023-01-18 16:00:00,4.0625,112.893,1.7717
2023-01-18 17:00:00,4.0867,113.517,8.7778
2023-01-18 18:00:00,4.3436,118.299,9.1702
2023-01-18 19:00:00,4.219,115.033,1.1542
2023-01-18 20:00:00,3.8884,111.325,1.3739
2023-01-18 21:00:00,3.8685,108.816,0.6373
2023-01-18 22:00:00,4.3826,118.524,12.5359
2023-01-18 23:00:00,4.9553,129.302,13.9785
2023-01-19 00:00:00,4.9527,127.505,5.9843
2023-01-19 01:00:00,4.9711,128.529,3.7451
2023-01-19 02:00:00,5.0364,130.525,4.4476
2023-01-19 03:00:00,5.0556,133.51,4.9808
2023-01-19 04:00:00,4.9506,130.485,0.8554
2023-01-19 05:00:00,4.867,126.539,6.7123
2023-01-19 06:00:00,5.0944,131.359,5.6338
2023-01-19 07:00:00,4.8115,127.152,0.6834
2023-01-19 08:00:00,4.4532,121.692,0.7761
2023-01-19 09:00:00,4.7796,124.508,8.0503
2023-01-19 10:00:00,4.6945,124.057,9.2153
2023-01-19 11:00:00,5.8668,143.976,26.33
2023-01-19 12:00:00,5.6824,142.319,4.1597
2023-01-19 13:00:00,5.7133,141.606,15.9303
2023-01-19 14:00:00,5.442,137.973,4.772
2023-01-19 15:00:00,5.0181,131.08,1.9063
2023-01-19 16:00:00,5.2446,134.724,11.1377
2023-01-19 17:00:00,4.76,124.286,0.2085
2023-01-19 18:00:00,4.4601,120.711,0.1001
2023-01-19 19:00:00,4.529,121.855,3.287
2023-01-19 20:00:00,4.7762,126.986,14.3832
2023-01-19 21:00:00,4.7279,126.685,2.6327
2023-01-19 22:00:00,4.5347,121.691,1.0471
2023-01-19 23:00:00,4.6498,123.902,5.6448
2023-01-20 00:00:00,4.5057,120.75,0.113
2023-01-20 01:00:00,4.4181,118.453,1.5381
2023-01-20 02:00:00,4.7941,124.947,8.5964
2023-01-20 03:00:00,5.1088,131.466,10.2044
2023-01-20 04:00:00,4.9117,128.493,0.1422
2023-01-20 05:00:00,5.6095,140.207,18.0904
2023-01-20 06:00:00,5.7573,143.672,9.5075
2023-01-20 07:00:00,5.4715,137.738,1.8707
2023-01-20 08:00:00,5.499,137.386,7.0584
2023-01-20 09:00:00,5.0469,129.651,0.1985
2023-01-20 10:00:00,4.744,125.935,1.3536
2023-01-20 11:00:00,5.0481,130.219,10.5191
2023-01-20 12:00:00,4.8045,128.386,4.1958
2023-01-20 13:00:00,4.5113,121.263,0.8145
2023-01-20 14:00:00,4.1767,114.789,2.1964
2023-01-20 15:00:00,4.0756,112.528,5.2818
2023-01-20 16:00:00,4.0354,113.039,4.6035
2023-01-20 17:00:00,3.7383,107.804,1.5863
2023-01-20 18:00:00,3.8072,110.149,2.9708
2023-01-20 19:00:00,3.6447,106.749,2.2231
2023-01-20 20:00:00,3.7074,106.874,3.0685
2023-01-20 21:00:00,3.6708,105.096,0.599
2023-01-20 22:00:00,3.6068,103.972,0.0965
2023-01-20 23:00:00,3.6113,106.136,0.2222
2023-01-21 00:00:00,3.6852,106.18,4.697
2023-01-21 01:00:00,3.8483,109.076,3.7479
2023-01-21 02:00:00,4.7481,126.171,19.0814
2023-01-21 03:00:00,4.984,131.375,7.4376
2023-01-21 04:00:00,5.0613,131.172,4.8983
2023-01-21 05:00:00,5.2422,133.781,6.349
2023-01-21 06:00:00,5.028,132.209,3.8202
2023-01-21 07:00:00,4.82,125.086,0.7925
2023-01-21 08:00:00,4.675,125.363,1.7336
2023-01-21 09:00:00,4.3887,118.608,0.761
2023-01-21 10:00:00,4.0897,113.466,2.1771
2023-01-21 11:00:00,4.1212,115.675,4.3911
2023-01-21 12:00:00,3.9951,110.656,2.7404
2023-01-21 13:00:00,5.0213,129.974,24.6402
2023-01-21 14:00:00,4.781,125.524,3.6395
2023-01-21 15:00:00,5.1424,133.264,14.8005
2023-01-21 16:00:00,4.8109,125.305,3.1767
2023-01-21 17:00:00,4.5398,122.4,3.4554
2023-01-21 18:00:00,4.5055,120.55,2.0835
2023-01-21 19:00:00,4.4783,121.901,6.8066
2023-01-21 20:00:00,4.4754,119.464,7.1233
2023-01-21 21:00:00,4.7438,126.571,5.8546
2023-01-21 22:00:00,4.564,124.69,0.2201
2023-01-21 23:00:00,4.5759,122.836,5.9064
2023-01-22 00:00:00,4.6246,122.437,3.5221
2023-01-22 01:00:00,4.5233,121.766,1.0435
2023-01-22 02:00:00,4.2854,118.082,0.0462
2023-01-22 03:00:00,4.6024,122.72,8.0425
2023-01-22 04:00:00,4.5976,119.788,1.6772
2023-01-22 05:00:00,4.5036,119.996,0.3588
2023-01-22 06:00:00,4.3206,117.228,2.6541
2023-01-22 07:00:00,4.2965,116.277,4.7026
2023-01-22 08:00:00,4.5372,122.075,2.6937
2023-01-22 09:00:00,4.1136,113.227,1.6481
2023-01-22 10:00:00,3.9724,111.803,1.2139
2023-01-22 11:00:00,3.8601,108.419,1.6777
2023-01-22 12:00:00,3.5256,102.508,1.6718
2023-01-22 13:00:00,3.7117,106.039,3.3686
2023-01-22 14:00:00,3.8627,109.848,9.5778
2023-01-22 15:00:00,4.0338,114.258,6.3091
2023-01-22 16:00:00,3.7876,107.633,0.466
2023-01-22 17:00:00,3.4367,101.266,2.684
2023-01-22 18:00:00,3.6607,105.502,7.4669
2023-01-22 19:00:00,3.9051,111.038,3.8716
2023-01-22 20:00:00,3.7633,108.807,3.3529
2023-01-22 21:00:00,3.8192,110.014,1.6775
2023-01-22 22:00:00,4.2035,115.453,10.7112
2023-01-22 23:00:00,4.3871,118.994,2.1213
2023-01-23 00:00:00,4.2789,117.179,3.6875
2023-01-23 01:00:00,4.5685,123.545,8.2326
2023-01-23 02:00:00,4.9674,129.372,10.0635
2023-01-23 03:00:00,4.8007,126.672,1.5093
2023-01-23 04:00:00,4.9455,127.888,7.3836
2023-01-23 05:00:00,5.1507,131.868,6.0769
2023-01-23 06:00:00,5.0569,129.862,2.9799
2023-01-23 07:00:00,4.9476,129.26,5.7868
2023-01-23 08:00:00,4.7638,125.02,0.8174
2023-01-23 09:00:00,4.5453,120.894,2.9306
2023-01-23 10:00:00,4.4468,119.887,0.1762
2023-01-23 11:00:00,4.2227,116.041,3.1545
2023-01-23 12:00:00,3.9181,109.817,0.4713
2023-01-23 13:00:00,4.1198,114.182,8.9613
2023-01-23 14:00:00,4.084,115.502,3.4442
2023-01-23 15:00:00,3.8133,109.589,2.2297
2023-01-23 16:00:00,3.7356,108.032,4.8005
2023-01-23 17:00:00,3.7269,104.674,2.4229
2023-01-23 18:00:00,3.8324,109.089,4.1838
2023-01-23 19:00:00,3.8644,109.853,5.23
2023-01-23 20:00:00,4.3115,117.186,11.1347
2023-01-23 21:00:00,4.0583,115.404,1.026
2023-01-23 22:00:00,4.2651,117.421,4.0458
2023-01-23 23:00:00,3.9346,110.772,0.7196
2023-01-24 00:00:00,4.276,116.999,3.8934
2023-01-24 01:00:00,4.2262,118.067,0.8023
2023-01-24 02:00:00,4.4675,122.531,5.2104
2023-01-24 03:00:00,4.2893,117.491,0.7945
2023-01-24 04:00:00,4.6268,123.318,10.5196
2023-01-24 05:00:00,4.6234,123.332,0.0099
2023-01-24 06:00:00,4.7133,125.36,8.7405
2023-01-24 07:00:00,4.9814,129.911,8.7893
2023-01-24 08:00:00,4.9258,128.825,2.4585
2023-01-24 09:00:00,4.6403,122.261,1.6165
2023-01-24 10:00:00,4.8333,128.02,10.222
2023-01-24 11:00:00,4.7908,128.19,6.2194
2023-01-24 12:00:00,4.5183,123.047,3.1497
2023-01-24 13:00:00,4.494,123.68,4.7612
2023-01-24 14:00:00,4.2002,116.229,0.5018
2023-01-24 15:00:00,3.8544,109.751,1.5073
2023-01-24 16:00:00,4.0617,114.485,5.0402
2023-01-24 17:00:00,4.0234,111.584,6.7941
2023-01-24 18:00:00,3.9027,110.292,0.8132
2023-01-24 19:00:00,3.761,108.285,2.9796
2023-01-24 20:00:00,3.5073,103.419,0.1742
2023-01-24 21:00:00,3.4727,103.673,2.7823
2023-01-24 22:00:00,3.7618,107.864,1.5191
2023-01-24 23:00:00,3.8616,108.039,2.5611
2023-01-25 00:00:00,3.7261,107.169,1.8793
2023-01-25 01:00:00,3.7785,110.581,0.4519
2023-01-25 02:00:00,4.0184,114.483,4.8269
2023-01-25 03:00:00,4.9643,128.772,18.4334
2023-01-25 04:00:00,4.7201,128.526,0.187
2023-01-25 05:00:00,4.8643,128.264,6.8215
2023-01-25 06:00:00,4.8752,127.694,3.6307
2023-01-25 07:00:00,5.5624,140.3,18.5512
2023-01-25 08:00:00,5.2686,134.838,0.1909
2023-01-25 09:00:00,4.8904,125.973,1.2007
2023-01-25 10:00:00,5.2079,134.753,12.2451
2023-01-25 11:00:00,5.2409,135.146,9.6626
2023-01-25 12:00:00,5.0622,130.047,4.1109
2023-01-25 13:00:00,4.6655,124.275,1.5473
2023-01-25 14:00:00,4.5482,121.514,6.3915
2023-01-25 15:00:00,4.3612,118.112,3.0345
2023-01-25 16:00:00,4.4518,122.231,5.0635
2023-01-25 17:00:00,4.6445,125.08,11.8342
2023-01-25 18:00:00,4.5773,123.461,2.4212
2023-01-25 19:00:00,4.2437,116.597,0.9627
2023-01-25 20:00:00,4.4119,119.966,5.7163
2023-01-25 21:00:00,4.7624,127.077,12.9319
2023-01-25 22:00:00,5.0542,131.668,7.7773
2023-01-25 23:00:00,4.8464,127.103,3.0544
2023-01-26 00:00:00,4.9617,130.496,3.8627
2023-01-26 01:00:00,4.8759,127.994,1.1891
2023-01-26 02:00:00,4.7154,123.705,2.7374
2023-01-26 03:00:00,5.3121,135.346,13.7929
2023-01-26 04:00:00,5.2627,135.287,3.42
2023-01-26 05:00:00,5.1831,131.639,3.8967
2023-01-26 06:00:00,4.8746,128.392,0.2024
2023-01-26 07:00:00,4.8819,127.613,2.6062
2023-01-26 08:00:00,4.7825,126.664,3.0589
2023-01-26 09:00:00,4.7595,126.132,8.2369
2023-01-26 10:00:00,4.6756,125.138,3.7621
2023-01-26 11:00:00,4.5936,123.446,5.2722
2023-01-26 12:00:00,4.7481,125.052,7.1516
2023-01-26 13:00:00,4.2239,115.282,0.0938
2023-01-26 14:00:00,4.4165,117.47,8.9253
2023-01-26 15:00:00,4.443,123.239,8.1873
2023-01-26 16:00:00,4.4925,122.463,3.9861
2023-01-26 17:00:00,4.2289,115.381,3.9009
2023-01-26 18:00:00,4.9027,129.095,19.0706
2023-01-26 19:00:00,5.0995,130.953,5.8729
2023-01-26 20:00:00,4.6391,124.073,1.4658
2023-01-26 21:00:00,4.525,119.182,2.3066
2023-01-26 22:00:00,4.7786,125.436,9.7984
2023-01-26 23:00:00,4.8508,125.831,4.8148
2023-01-27 00:00:00,5.1488,134.03,6.7844
2023-01-27 01:00:00,4.8966,130.318,0.1509
2023-01-27 02:00:00,4.6591,123.746,0.7242
2023-01-27 03:00:00,5.1581,132.018,10.0938
2023-01-27 04:00:00,4.8961,128.308,0.511
2023-01-27 05:00:00,4.8404,129.245,0.6334
2023-01-27 06:00:00,4.5424,121.206,0.614
2023-01-27 07:00:00,4.454,120.911,1.5226
2023-01-27 08:00:00,4.1668,116.677,0.7246
2023-01-27 09:00:00,4.2324,117.064,4.9501
2023-01-27 10:00:00,4.429,118.737,6.0245
2023-01-27 11:00:00,4.1669,113.866,3.7211
2023-01-27 12:00:00,4.0917,115.435,0.376
2023-01-27 13:00:00,3.7076,106.261,0.3589
2023-01-27 14:00:00,3.7954,110.449,7.08
2023-01-27 15:00:00,3.7168,105.874,0.2744
2023-01-27 16:00:00,3.5557,105.04,3.4597
2023-01-27 17:00:00,3.8388,109.282,7.9188
2023-01-27 18:00:00,3.8485,107.328,3.114
2023-01-27 19:00:00,3.922,110.424,7.6327
2023-01-27 20:00:00,3.9436,110.027,4.4199
2023-01-27 21:00:00,4.6851,125.406,12.1502
2023-01-27 22:00:00,4.8406,126.821,11.2826
2023-01-27 23:00:00,4.7047,121.757,0.0553
2023-01-28 00:00:00,4.6551,124.448,4.2974
2023-01-28 01:00:00,4.6832,123.44,2.6798
2023-01-28 02:00:00,5.7428,142.944,20.4315
2023-01-28 03:00:00,5.6086,142.607,1.6751
2023-01-28 04:00:00,5.2836,137.172,0.665
2023-01-28 05:00:00,5.1313,133.173,4.2656
2023-01-28 06:00:00,5.0443,131.379,3.5537
2023-01-28 07:00:00,5.5606,142.56,14.0268
2023-01-28 08:00:00,5.268,133.143,1.2343
2023-01-28 09:00:00,5.3335,135.16,6.0796
2023-01-28 10:00:00,6.1312,150.68,23.123
2023-01-28 11:00:00,5.6953,142.554,0.4656
2023-01-28 12:00:00,5.2224,135.328,3.9425
2023-01-28 13:00:00,4.8645,127.119,0.8082
2023-01-28 14:00:00,4.5772,122.602,0.4878
2023-01-28 15:00:00,4.2438,116.729,1.9929
2023-01-28 16:00:00,4.0879,115.063,2.2213
2023-01-28 17:00:00,3.8139,107.87,0.473
2023-01-28 18:00:00,3.9019,111.889,5.3992
2023-01-28 19:00:00,3.9683,110.907,3.4576
2023-01-28 20:00:00,4.037,112.918,7.8897
2023-01-28 21:00:00,4.0431,113.217,3.5933
2023-01-28 22:00:00,4.2426,117.231,1.1474
2023-01-28 23:00:00,4.236,114.487,6.9094
2023-01-29 00:00:00,4.4691,120.433,3.5887
2023-01-29 01:00:00,4.6384,124.463,3.8543
2023-01-29 02:00:00,4.543,120.392,2.6963
2023-01-29 03:00:00,4.8433,127.908,8.7472
2023-01-29 04:00:00,5.4287,137.325,12.9158
2023-01-29 05:00:00,5.6559,144.434,11.1869
2023-01-29 06:00:00,5.3557,136.665,0.809
2023-01-29 07:00:00,5.423,137.588,4.1846
2023-01-29 08:00:00,5.2572,135.276,5.7272
2023-01-29 09:00:00,5.1559,131.675,4.8095
2023-01-29 10:00:00,4.9693,127.371,2.3012
2023-01-29 11:00:00,4.6086,123.092,3.4413
2023-01-29 12:00:00,4.8146,125.143,6.7777
2023-01-29 13:00:00,4.3723,117.769,1.8815
2023-01-29 14:00:00,4.0335,113.41,1.5014
2023-01-29 15:00:00,3.8698,110.372,0.7225
2023-01-29 16:00:00,4.0004,112.734,6.3648
2023-01-29 17:00:00,3.9591,109.611,4.9197
2023-01-29 18:00:00,3.9431,109.44,1.9907
2023-01-29 19:00:00,3.6336,108.247,0.6264
2023-01-29 20:00:00,3.6733,106.471,1.2982
2023-01-29 21:00:00,3.8099,109.748,6.5956
2023-01-29 22:00:00,3.8425,109.135,1.8319
2023-01-29 23:00:00,4.037,113.604,2.2463
2023-01-30 00:00:00,3.9511,109.779,1.5558
2023-01-30 01:00:00,4.7636,127.244,16.0391
2023-01-30 02:00:00,5.2038,133.644,12.2155
2023-01-30 03:00:00,5.4496,138.291,6.6225
2023-01-30 04:00:00,5.8352,144.442,13.5061
2023-01-30 05:00:00,6.2253,151.803,13.2704
2023-01-30 06:00:00,5.7703,145.643,1.3444
2023-01-30 07:00:00,5.4956,139.066,1.5051
2023-01-30 08:00:00,5.7301,141.913,9.5967
2023-01-30 09:00:00,5.5651,140.568,7.2914
2023-01-30 10:00:00,5.2312,135.224,0.1399
2023-01-30 11:00:00,4.9481,128.212,0.8959
2023-01-30 12:00:00,4.6405,122.932,1.7262
2023-01-30 13:00:00,4.8131,127.144,11.8739
2023-01-30 14:00:00,4.8123,127.894,4.3704
2023-01-30 15:00:00,4.4918,122.813,3.403
2023-01-30 16:00:00,4.2744,117.15,2.01
2023-01-30 17:00:00,4.1874,115.532,1.9432
2023-01-30 18:00:00,3.9867,114.36,2.5064
2023-01-30 19:00:00,3.7419,106.355,0.0481
2023-01-30 20:00:00,4.3313,118.285,12.8815
2023-01-30 21:00:00,4.1734,115.385,2.322
2023-01-30 22:00:00,4.3642,117.919,5.3156
2023-01-30 23:00:00,4.2922,116.881,3.1533
2023-01-31 00:00:00,4.7049,123.721,7.8298
2023-01-31 01:00:00,4.4899,123.016,0.7229
2023-01-31 02:00:00,4.5708,121.247,0.2324
2023-01-31 03:00:00,4.5619,123.018,0.5157
2023-01-31 04:00:00,4.6178,123.526,5.6669
2023-01-31 05:00:00,4.5728,122.099,0.1093
2023-01-31 06:00:00,4.427,119.841,0.0666
2023-01-31 07:00:00,4.7739,125.313,13.6703
2023-01-31 08:00:00,4.8644,129.54,4.6049
2023-01-31 09:00:00,4.8091,126.836,4.7394
2023-01-31 10:00:00,4.6035,125.096,2.8228
2023-01-31 11:00:00,4.3581,116.922,0.3869
2023-01-31 12:00:00,4.2548,115.797,2.6862
2023-01-31 13:00:00,3.9889,114.027,1.9832
2023-01-31 14:00:00,3.7151,106.884,0.3152
2023-01-31 15:00:00,3.6842,104.082,0.0785
2023-01-31 16:00:00,3.5302,102.697,0.9792
2023-01-31 17:00:00,4.2065,115.221,17.5096
2023-01-31 18:00:00,4.1093,112.878,4.9713
2023-01-31 19:00:00,3.9973,113.275,2.0538
2023-01-31 20:00:00,4.2421,114.116,5.5797
2023-01-31 21:00:00,4.2658,119.322,5.6555
2023-01-31 22:00:00,4.3407,119.542,2.7059
2023-01-31 23:00:00,4.3375,116.703,3.4146
2023-02-01 00:00:00,4.3795,120.957,0.6641
2023-02-01 01:00:00,4.4368,119.688,2.4415
2023-02-01 02:00:00,4.5111,120.814,8.4952
2023-02-01 03:00:00,4.5968,122.167,0.678
2023-02-01 04:00:00,4.4582,117.271,1.3612
2023-02-01 05:00:00,5.1015,132.328,13.3704
2023-02-01 06:00:00,4.9862,130.458,1.5191
2023-02-01 07:00:00,4.7904,126.449,3.1464
2023-02-01 08:00:00,4.7705,125.513,4.462
2023-02-01 09:00:00,4.6618,121.648,1.2414
2023-02-01 10:00:00,4.8063,124.554,8.7086
2023-02-01 11:00:00,4.8327,128.228,6.5701
2023-02-01 12:00:00,4.6495,123.156,4.2136
2023-02-01 13:00:00,4.0929,114.891,0.5615
2023-02-01 14:00:00,4.1027,114.233,0.9406
2023-02-01 15:00:00,4.0032,110.544,3.8793
2023-02-01 16:00:00,4.1118,113.146,6.6181
2023-02-01 17:00:00,4.286,115.102,6.961
2023-02-01 18:00:00,4.0512,112.289,3.324
2023-02-01 19:00:00,4.2255,116.238,3.7182
2023-02-01 20:00:00,4.1853,115.546,4.3205
2023-02-01 21:00:00,4.3415,116.31,5.3207
2023-02-01 22:00:00,4.3082,116.911,5.4772
2023-02-01 23:00:00,4.3847,116.534,0.2907
2023-02-02 00:00:00,4.4671,120.362,6.164
2023-02-02 01:00:00,4.6229,122.689,5.4161
2023-02-02 02:00:00,4.6493,122.866,0.1225
2023-02-02 03:00:00,4.5976,123.343,1.4322
2023-02-02 04:00:00,4.7667,127.237,4.7333
2023-02-02 05:00:00,4.8509,125.444,6.0112
2023-02-02 06:00:00,4.9128,131.715,5.5232
2023-02-02 07:00:00,4.7525,124.699,1.734
2023-02-02 08:00:00,4.4253,118.725,0.0294
2023-02-02 09:00:00,4.2395,114.224,0.2227
2023-02-02 10:00:00,4.2816,116.961,3.014
2023-02-02 11:00:00,3.9324,111.68,2.1563
2023-02-02 12:00:00,3.8211,106.531,1.6776
2023-02-02 13:00:00,4.148,112.744,9.1885
2023-02-02 14:00:00,3.9234,109.663,2.8494
2023-02-02 15:00:00,3.74,106.446,0.7644
2023-02-02 16:00:00,4.0945,114.953,8.1288
2023-02-02 17:00:00,4.2007,116.913,8.572
2023-02-02 18:00:00,4.4611,119.666,12.2007
2023-02-02 19:00:00,4.4956,121.369,2.4609
2023-02-02 20:00:00,4.3541,116.335,4.8038
2023-02-02 21:00:00,4.1833,115.04,0.0935
2023-02-02 22:00:00,4.2549,116.656,4.326
2023-02-02 23:00:00,4.3986,120.41,2.1784
2023-02-03 00:00:00,4.4948,119.378,4.4242
2023-02-03 01:00:00,4.3108,118.602,0.515
2023-02-03 02:00:00,4.3825,119.057,1.6132
2023-02-03 03:00:00,4.3875,119.696,3.0522
2023-02-03 04:00:00,4.9253,128.744,11.725
2023-02-03 05:00:00,4.8905,129.645,2.0717
2023-02-03 06:00:00,5.4553,139.35,14.8378
2023-02-03 07:00:00,5.5455,138.478,7.1482
2023-02-03 08:00:00,5.3101,136.083,3.0541
2023-02-03 09:00:00,4.7777,126.036,0.3652
2023-02-03 10:00:00,5.0598,131.746,6.9273
2023-02-03 11:00:00,4.8292,126.951,3.1081
2023-02-03 12:00:00,4.5565,121.143,3.3474
2023-02-03 13:00:00,4.1665,116.324,0.0915
2023-02-03 14:00:00,4.3656,119.559,7.1871
2023-02-03 15:00:00,4.366,117.453,2.1057
2023-02-03 16:00:00,4.0256,110.529,1.9585
2023-02-03 17:00:00,3.9475,109.393,4.5524
2023-02-03 18:00:00,3.871,109.262,1.4524
2023-02-03 19:00:00,3.8479,107.527,2.0664
2023-02-03 20:00:00,4.0182,111.12,5.8279
2023-02-03 21:00:00,4.1152,112.518,5.4352
2023-02-03 22:00:00,4.4725,120.757,7.3701
2023-02-03 23:00:00,4.6914,123.134,7.3696
2023-02-04 00:00:00,4.6902,124.078,2.6254
2023-02-04 01:00:00,4.8967,128.795,6.3057
2023-02-04 02:00:00,4.933,127.959,3.635
2023-02-04 03:00:00,5.0729,131.765,4.0606
2023-02-04 04:00:00,4.8843,128.304,0.1857
2023-02-04 05:00:00,4.7421,125.343,1.7292
2023-02-04 06:00:00,5.0422,131.539,9.8359
2023-02-04 07:00:00,4.9835,130.197,3.1285
2023-02-04 08:00:00,4.6304,125.326,0.6005
2023-02-04 09:00:00,4.5482,121.06,3.4358
2023-02-04 10:00:00,4.5914,123.11,2.5961
2023-02-04 11:00:00,4.5317,122.825,1.5362
2023-02-04 12:00:00,4.0963,114.252,3.2072
2023-02-04 13:00:00,3.7888,108.02,0.6347
2023-02-04 14:00:00,3.7688,110.315,2.0279
2023-02-04 15:00:00,4.0465,112.603,6.0793
2023-02-04 16:00:00,3.8808,108.731,3.9223
2023-02-04 17:00:00,3.7218,108.671,1.796
2023-02-04 18:00:00,3.7041,105.873,4.8485
2023-02-04 19:00:00,3.8968,111.621,6.685
2023-02-04 20:00:00,4.0094,114.047,1.3173
2023-02-04 21:00:00,3.9938,111.106,4.1784
2023-02-04 22:00:00,4.2171,116.148,7.787
2023-02-04 23:00:00,4.3302,118.105,0.8237
2023-02-05 00:00:00,4.5498,123.525,7.9893
2023-02-05 01:00:00,4.6976,126.576,4.5411
2023-02-05 02:00:00,5.1095,132.367,11.2967
2023-02-05 03:00:00,5.1929,132.914,4.3816
2023-02-05 04:00:00,4.9798,127.691,0.1412
2023-02-05 05:00:00,4.9526,129.125,4.1798
2023-02-05 06:00:00,4.9156,131.293,0.309
2023-02-05 07:00:00,4.7224,124.456,0.3431
2023-02-05 08:00:00,4.4673,121.129,1.7757
2023-02-05 09:00:00,4.8868,128.175,8.7504
2023-02-05 10:00:00,4.6768,124.243,4.2582
2023-02-05 11:00:00,4.6225,122.758,3.3236
2023-02-05 12:00:00,4.2861,117.235,3.2813
2023-02-05 13:00:00,4.5514,123.126,6.926
2023-02-05 14:00:00,4.1903,118.112,3.8349
2023-02-05 15:00:00,4.2256,117.567,4.3587
2023-02-05 16:00:00,4.3257,118.555,6.1323
2023-02-05 17:00:00,4.2325,114.042,2.5409
2023-02-05 18:00:00,4.0854,113.339,5.0826
2023-02-05 19:00:00,4.424,120.151,8.1271
2023-02-05 20:00:00,4.1991,115.59,0.4949
2023-02-05 21:00:00,4.3898,117.995,7.9737
2023-02-05 22:00:00,4.3399,117.53,1.6311
2023-02-05 23:00:00,4.8682,128.04,10.9181
2023-02-06 00:00:00,5.0229,131.556,1.3405
2023-02-06 01:00:00,4.7678,126.279,1.9796
2023-02-06 02:00:00,5.4055,138.223,16.2636
2023-02-06 03:00:00,5.4038,134.78,1.3492
2023-02-06 04:00:00,4.9735,129.555,0.3165
2023-02-06 05:00:00,4.8426,127.5,0.9457
2023-02-06 06:00:00,4.8598,129.238,2.6687
2023-02-06 07:00:00,5.0085,129.562,5.6101
2023-02-06 08:00:00,5.128,133.99,8.2492
2023-02-06 09:00:00,5.3687,134.898,8.657
2023-02-06 10:00:00,5.1497,133.786,1.5716
2023-02-06 11:00:00,4.8231,127.485,3.0625
2023-02-06 12:00:00,4.4314,121.263,1.2669
2023-02-06 13:00:00,4.4597,122.498,3.7417
2023-02-06 14:00:00,4.1455,115.066,1.1684
2023-02-06 15:00:00,4.2371,115.242,7.2346
2023-02-06 16:00:00,4.2603,117.352,5.3493
2023-02-06 17:00:00,4.1587,112.644,2.8122
2023-02-06 18:00:00,4.2034,113.676,7.0301
2023-02-06 19:00:00,4.1191,113.815,0.169
2023-02-06 20:00:00,4.0427,111.982,3.7991
2023-02-06 21:00:00,4.091,111.557,4.6561
2023-02-06 22:00:00,4.1871,115.623,4.3545
2023-02-06 23:00:00,4.5574,123.099,5.8781
2023-02-07 00:00:00,4.7563,125.243,5.5391
2023-02-07 01:00:00,4.6594,126.42,2.6147
2023-02-07 02:00:00,4.9212,127.969,10.482
2023-02-07 03:00:00,5.1524,131.795,2.937
2023-02-07 04:00:00,4.9892,126.991,0.6528
2023-02-07 05:00:00,4.9336,128.084,1.5823
2023-02-07 06:00:00,4.9557,129.734,5.7395
2023-02-07 07:00:00,4.7473,125.8,0.7529
2023-02-07 08:00:00,4.9421,127.397,5.4215
2023-02-07 09:00:00,4.4992,119.802,0.6945
2023-02-07 10:00:00,4.5061,121.723,1.0511
2023-02-07 11:00:00,4.3788,117.92,4.2124
2023-02-07 12:00:00,4.4128,117.77,3.812
2023-02-07 13:00:00,4.1007,112.974,2.0135
2023-02-07 14:00:00,3.832,110.302,1.7368
2023-02-07 15:00:00,3.9472,109.962,5.6123
2023-02-07 16:00:00,3.8707,107.999,5.5779
2023-02-07 17:00:00,3.8659,112.871,0.0346
2023-02-07 18:00:00,3.8188,108.168,3.1565
2023-02-07 19:00:00,4.291,119.109,13.4398
2023-02-07 20:00:00,4.2087,117.051,1.8026
2023-02-07 21:00:00,4.4518,120.08,8.0439
2023-02-07 22:00:00,4.338,118.74,1.0399
2023-02-07 23:00:00,4.5941,122.239,5.6906
2023-02-08 00:00:00,4.4852,119.736,1.0781
2023-02-08 01:00:00,4.5844,122.296,3.6952
2023-02-08 02:00:00,4.5042,120.642,1.461
2023-02-08 03:00:00,4.4808,121.969,1.5492
2023-02-08 04:00:00,4.5172,121.753,1.6348
2023-02-08 05:00:00,4.56,120.493,4.394
2023-02-08 06:00:00,4.5918,120.316,2.6864
2023-02-08 07:00:00,4.613,123.92,2.5904
2023-02-08 08:00:00,5.1201,130.794,14.5856
2023-02-08 09:00:00,4.9511,129.884,3.2995
2023-02-08 10:00:00,4.7828,125.863,0.6698
2023-02-08 11:00:00,4.4533,119.999,2.4491
2023-02-08 12:00:00,4.3098,118.231,1.5136
2023-02-08 13:00:00,4.064,113.248,1.7904
2023-02-08 14:00:00,4.1239,110.363,2.6474
2023-02-08 15:00:00,4.2003,115.929,10.797
2023-02-08 16:00:00,4.0303,113.9,1.9608
2023-02-08 17:00:00,4.1493,114.432,1.2548
2023-02-08 18:00:00,3.8406,109.329,2.8562
2023-02-08 19:00:00,3.884,109.058,0.4158
2023-02-08 20:00:00,4.6449,123.234,17.1176
2023-02-08 21:00:00,4.4371,121.287,2.4677
2023-02-08 22:00:00,4.5393,121.102,2.1198
2023-02-08 23:00:00,4.5708,123.491,7.6642
2023-02-09 00:00:00,4.7556,125.205,4.79
2023-02-09 01:00:00,4.6645,123.687,0.8682
2023-02-09 02:00:00,4.9374,127.946,4.8943
2023-02-09 03:00:00,4.8535,127.303,3.0007
2023-02-09 04:00:00,4.8819,127.96,3.2855
2023-02-09 05:00:00,4.9019,129.394,2.956
2023-02-09 06:00:00,5.0639,131.442,9.4295
2023-02-09 07:00:00,5.4079,137.218,7.8443
2023-02-09 08:00:00,5.122,133.092,2.4933
2023-02-09 09:00:00,4.9821,130.686,1.4941
2023-02-09 10:00:00,4.7638,126.175,2.2723
2023-02-09 11:00:00,4.4505,120.454,3.667
2023-02-09 12:00:00,4.4224,119.14,1.0017
2023-02-09 13:00:00,4.1416,114.504,3.5986
2023-02-09 14:00:00,4.2102,112.966,1.943
2023-02-09 15:00:00,3.9613,111.969,1.1103
2023-02-09 16:00:00,3.9628,113.004,6.7609
2023-02-09 17:00:00,4.0284,110.171,5.1822
2023-02-09 18:00:00,3.8375,109.302,1.0955
2023-02-09 19:00:00,3.9243,111.164,2.7086
2023-02-09 20:00:00,3.8684,109.878,0.4142
2023-02-09 21:00:00,3.7655,110.02,3.617
2023-02-09 22:00:00,3.9675,110.634,4.9351
2023-02-09 23:00:00,4.1517,113.701,1.2814
2023-02-10 00:00:00,4.5694,121.982,8.5686
2023-02-10 01:00:00,4.6294,124.665,5.6485
2023-02-10 02:00:00,4.8926,127.204,6.6489
2023-02-10 03:00:00,4.8414,127.151,2.2117
2023-02-10 04:00:00,5.0866,130.968,9.0356
2023-02-10 05:00:00,4.9739,131.352,3.441
2023-02-10 06:00:00,5.2261,134.44,5.974
2023-02-10 07:00:00,5.1609,132.447,2.6382
2023-02-10 08:00:00,5.2351,134.029,8.5645
2023-02-10 09:00:00,6.021,148.434,18.6629
2023-02-10 10:00:00,6.3069,153.597,19.0872
2023-02-10 11:00:00,5.933,150.765,0.7263
2023-02-10 12:00:00,6.2039,149.622,13.4059
2023-02-10 13:00:00,5.6938,144.645,0.8359
2023-02-10 14:00:00,5.5948,140.25,6.4226
2023-02-10 15:00:00,5.4201,136.812,7.8091
2023-02-10 16:00:00,5.4015,138.748,6.054
2023-02-10 17:00:00,5.5685,142.08,10.5218
2023-02-10 18:00:00,5.2572,133.185,2.5097
2023-02-10 19:00:00,5.1645,133.027,1.983
2023-02-10 20:00:00,5.3272,137.208,10.8041
2023-02-10 21:00:00,5.342,132.846,9.0543
2023-02-10 22:00:00,5.0778,131.22,1.2883
2023-02-10 23:00:00,5.3726,137.509,6.0184
2023-02-11 00:00:00,5.1671,133.844,3.5817
2023-02-11 01:00:00,5.0813,131.089,0.0043
2023-02-11 02:00:00,5.1278,131.834,1.7347
2023-02-11 03:00:00,5.1826,134.216,6.2317
2023-02-11 04:00:00,5.2604,133.911,5.2671
2023-02-11 05:00:00,5.1126,130.541,1.7814
2023-02-11 06:00:00,5.0766,133.171,2.7366
2023-02-11 07:00:00,4.9183,129.23,2.8342
2023-02-11 08:00:00,4.9578,129.186,7.1296
2023-02-11 09:00:00,4.9115,128.181,3.4915
2023-02-11 10:00:00,5.2139,134.474,9.0146
2023-02-11 11:00:00,4.8582,126.664,3.5139
2023-02-11 12:00:00,4.869,128.043,1.6509
2023-02-11 13:00:00,4.5514,123.044,3.1203
2023-02-11 14:00:00,4.5218,119.586,2.7725
2023-02-11 15:00:00,4.3315,119.139,5.2716
2023-02-11 16:00:00,4.0641,113.736,1.8819
2023-02-11 17:00:00,4.0017,111.528,1.2812
2023-02-11 18:00:00,3.7453,107.375,0.4744
2023-02-11 19:00:00,4.0937,115.864,8.2719
2023-02-11 20:00:00,4.0458,111.312,1.8046
2023-02-11 21:00:00,4.1912,116.312,3.6367
2023-02-11 22:00:00,4.1525,116.315,1.3864
2023-02-11 23:00:00,4.1002,112.115,0.0657
2023-02-12 00:00:00,4.1014,116.058,0.5997
2023-02-12 01:00:00,4.2284,115.664,4.1575
2023-02-12 02:00:00,4.4367,118.137,5.8545
2023-02-12 03:00:00,4.5643,122.188,1.9364
2023-02-12 04:00:00,5.1981,135.289,14.7296
2023-02-12 05:00:00,5.7158,142.195,10.835
2023-02-12 06:00:00,5.5718,138.788,4.6249
2023-02-12 07:00:00,5.6049,139.211,5.8918
2023-02-12 08:00:00,5.3076,133.708,2.5917
2023-02-12 09:00:00,5.2768,133.956,3.7077
2023-02-12 10:00:00,4.9407,129.319,2.5435
2023-02-12 11:00:00,4.6524,124.087,0.3157
2023-02-12 12:00:00,4.4465,122.107,2.7708
2023-02-12 13:00:00,4.8729,127.916,13.7315
2023-02-12 14:00:00,4.6443,124.014,1.2135
2023-02-12 15:00:00,4.6837,123.241,7.3914
2023-02-12 16:00:00,4.2402,118.761,0.3126
2023-02-12 17:00:00,4.3437,117.87,4.4404
2023-02-12 18:00:00,4.1814,116.645,1.3968
2023-02-12 19:00:00,4.0782,113.301,0.2362
2023-02-12 20:00:00,4.0379,112.478,3.6569
2023-02-12 21:00:00,4.1171,113.282,2.627
2023-02-12 22:00:00,4.2167,115.8,5.2622
2023-02-12 23:00:00,4.1446,114.283,2.412
2023-02-13 00:00:00,4.5486,122.497,4.1004
2023-02-13 01:00:00,4.4067,120.07,0.9418
2023-02-13 02:00:00,4.6283,122.58,2.2831
2023-02-13 03:00:00,4.5874,121.121,2.6909
2023-02-13 04:00:00,4.7889,126.857,6.9139
2023-02-13 05:00:00,4.71,124.239,1.0599
2023-02-13 06:00:00,4.9498,129.642,3.0344
2023-02-13 07:00:00,4.5572,121.626,1.1936
2023-02-13 08:00:00,4.4083,119.279,0.3208
2023-02-13 09:00:00,4.6047,121.729,7.9831
2023-02-13 10:00:00,4.7143,125.707,4.8268
2023-02-13 11:00:00,4.3724,116.782,0.2649
2023-02-13 12:00:00,4.8475,127.728,12.7432
2023-02-13 13:00:00,4.7697,124.049,8.1294
2023-02-13 14:00:00,4.5291,123.281,1.0368
2023-02-13 15:00:00,4.4126,118.817,5.4632
2023-02-13 16:00:00,4.4202,118.842,2.4947
2023-02-13 17:00:00,4.3473,121.117,2.0746
2023-02-13 18:00:00,4.3247,118.161,5.786
2023-02-13 19:00:00,4.4613,118.926,7.1149
2023-02-13 20:00:00,4.3498,118.699,0.2485
2023-02-13 21:00:00,4.1188,113.833,0.0711
2023-02-13 22:00:00,4.2192,117.353,0.2436
2023-02-13 23:00:00,4.7892,124.952,15.7464
2023-02-14 00:00:00,4.8476,126.365,5.9458
2023-02-14 01:00:00,4.697,127.509,0.5091
2023-02-14 02:00:00,4.8171,129.001,5.4929
2023-02-14 03:00:00,4.7574,125.807,0.9238
2023-02-14 04:00:00,4.9165,129.582,1.4182
2023-02-14 05:00:00,5.766,143.527,19.9809
2023-02-14 06:00:00,6.1644,151.997,14.3259
2023-02-14 07:00:00,5.9135,148.597,1.4217
2023-02-14 08:00:00,6.0728,149.659,10.9004
2023-02-14 09:00:00,5.5338,140.313,1.9613
2023-02-14 10:00:00,5.5119,139.683,1.3958
2023-02-14 11:00:00,5.0654,131.674,1.117
2023-02-14 12:00:00,4.9802,129.992,6.9163
2023-02-14 13:00:00,5.168,131.835,10.2487
2023-02-14 14:00:00,4.942,128.016,6.0459
2023-02-14 15:00:00,4.7025,124.946,0.0033
2023-02-14 16:00:00,4.3379,117.997,0.5648
2023-02-14 17:00:00,4.2258,116.49,1.6855
2023-02-14 18:00:00,4.1601,115.663,3.0376
2023-02-14 19:00:00,4.4213,121.134,7.3274
2023-02-14 20:00:00,4.2576,116.545,1.0884
2023-02-14 21:00:00,4.1806,114.942,2.3887
2023-02-14 22:00:00,4.1658,116.29,0.3117
2023-02-14 23:00:00,4.5795,123.56,5.9867
2023-02-15 00:00:00,4.4637,117.877,4.527
2023-02-15 01:00:00,4.7214,124.235,6.5705
2023-02-15 02:00:00,4.6952,124.351,1.7977
2023-02-15 03:00:00,4.8767,129.976,4.7899
2023-02-15 04:00:00,5.6572,141.04,16.3831
2023-02-15 05:00:00,6.2889,150.762,18.8252
2023-02-15 06:00:00,6.5946,156.692,11.2475
2023-02-15 07:00:00,6.3388,154.323,5.493
2023-02-15 08:00:00,6.1187,148.956,2.5646
2023-02-15 09:00:00,5.8784,144.579,3.9995
2023-02-15 10:00:00,5.5373,141.459,0.1228
2023-02-15 11:00:00,5.1407,133.849,2.6011
2023-02-15 12:00:00,4.936,130.429,1.5409
2023-02-15 13:00:00,4.7229,126.284,2.8509
2023-02-15 14:00:00,4.5724,122.885,2.0153
2023-02-15 15:00:00,4.5018,121.293,0.7481
2023-02-15 16:00:00,4.2212,117.783,4.6529
2023-02-15 17:00:00,4.1111,114.083,4.2089
2023-02-15 18:00:00,4.1047,117.38,0.7789
2023-02-15 19:00:00,4.2164,115.596,2.2936
2023-02-15 20:00:00,4.4959,122.637,9.5801
2023-02-15 21:00:00,4.483,118.428,5.2556
2023-02-15 22:00:00,4.6981,125.568,6.7115
2023-02-15 23:00:00,4.3893,118.46,0.1433
2023-02-16 00:00:00,5.1924,134.659,17.0605
2023-02-16 01:00:00,5.1936,133.229,1.8702
2023-02-16 02:00:00,5.0427,131.899,0.0011
2023-02-16 03:00:00,4.9904,129.197,1.72
2023-02-16 04:00:00,4.8859,131.025,1.0769
2023-02-16 05:00:00,4.5803,121.599,0.6568
2023-02-16 06:00:00,4.9559,130.368,7.3088
2023-02-16 07:00:00,4.7949,125.17,2.4528
2023-02-16 08:00:00,4.864,127.06,4.2545
2023-02-16 09:00:00,4.7531,126.961,0.7223
2023-02-16 10:00:00,4.5897,123.116,3.0107
2023-02-16 11:00:00,4.3521,117.755,0.4766
2023-02-16 12:00:00,4.3437,119.697,3.7517
2023-02-16 13:00:00,4.3023,118.37,3.9801
2023-02-16 14:00:00,4.2149,117.219,1.611
2023-02-16 15:00:00,4.5448,121.741,13.315
2023-02-16 16:00:00,4.252,117.047,0.2627
2023-02-16 17:00:00,4.2968,118.585,4.8601
2023-02-16 18:00:00,4.6249,123.385,9.0444
2023-02-16 19:00:00,5.0174,132.503,15.568
2023-02-16 20:00:00,4.7865,125.001,1.107
2023-02-16 21:00:00,4.9981,130.708,4.6722
2023-02-16 22:00:00,4.7532,124.466,0.3318
2023-02-16 23:00:00,4.7562,124.714,2.3375
2023-02-17 00:00:00,5.3539,134.275,14.7856
2023-02-17 01:00:00,5.1813,132.836,0.884
2023-02-17 02:00:00,5.6964,142.934,13.1761
2023-02-17 03:00:00,5.7547,142.055,4.0213
2023-02-17 04:00:00,5.6169,143.05,1.2931
2023-02-17 05:00:00,5.3122,135.208,1.5236
2023-02-17 06:00:00,5.322,136.128,3.0501
2023-02-17 07:00:00,5.2153,134.194,3.1566
2023-02-17 08:00:00,5.0791,130.794,2.1635
2023-02-17 09:00:00,5.0697,132.82,5.2495
2023-02-17 10:00:00,4.9009,127.93,3.4347
2023-02-17 11:00:00,4.7851,125.606,1.7651
2023-02-17 12:00:00,4.6385,124.211,3.6933
2023-02-17 13:00:00,4.4699,120.324,2.7981
2023-02-17 14:00:00,4.4023,120.16,3.7341
2023-02-17 15:00:00,4.3111,117.175,2.1034
2023-02-17 16:00:00,4.4776,122.815,9.3276
2023-02-17 17:00:00,4.2371,114.921,0.7793
2023-02-17 18:00:00,3.9547,110.505,2.2096
2023-02-17 19:00:00,4.2688,116.504,6.0038
2023-02-17 20:00:00,4.172,115.063,0.8513
2023-02-17 21:00:00,4.267,115.961,3.7829
2023-02-17 22:00:00,4.894,130.683,15.2204
2023-02-17 23:00:00,4.7891,126.908,0.1694
2023-02-18 00:00:00,4.7191,125.795,1.3259
2023-02-18 01:00:00,4.8949,128.1,4.1729
2023-02-18 02:00:00,4.9441,130.233,3.3619
2023-02-18 03:00:00,4.9428,126.965,1.3005
2023-02-18 04:00:00,4.6812,123.1,0.5144
2023-02-18 05:00:00,5.6337,142.617,20.6084
2023-02-18 06:00:00,5.4714,140.121,2.0495
2023-02-18 07:00:00,5.6793,143.798,5.7166
2023-02-18 08:00:00,5.3636,135.569,0.9859
2023-02-18 09:00:00,4.8705,127.734,0.0731
2023-02-18 10:00:00,4.6268,123.463,0.0778
2023-02-18 11:00:00,4.5883,123.155,1.2106
2023-02-18 12:00:00,4.3657,117.439,0.469
2023-02-18 13:00:00,4.6753,125.59,11.6585
2023-02-18 14:00:00,4.4818,120.287,4.8184
2023-02-18 15:00:00,4.6806,123.468,5.9128
2023-02-18 16:00:00,4.3439,116.922,1.3177
2023-02-18 17:00:00,4.2249,116.568,3.3487
2023-02-18 18:00:00,4.3225,118.019,5.6941
2023-02-18 19:00:00,4.3318,118.526,5.8424
2023-02-18 20:00:00,4.2122,114.746,0.1362
2023-02-18 21:00:00,4.3831,119.546,3.954
2023-02-18 22:00:00,4.753,126.688,9.835
2023-02-18 23:00:00,4.9039,127.674,7.9542
2023-02-19 00:00:00,5.2313,136.174,8.9759
2023-02-19 01:00:00,5.1742,134.258,2.5404
2023-02-19 02:00:00,5.2156,135.261,0.0988
2023-02-19 03:00:00,4.8727,128.684,0.8041
2023-02-19 04:00:00,5.266,137.272,7.4439
2023-02-19 05:00:00,5.2503,134.462,4.9354
2023-02-19 06:00:00,5.5661,141.308,8.5297
2023-02-19 07:00:00,5.6124,142.411,6.0431
2023-02-19 08:00:00,5.3114,137.306,1.4917
2023-02-19 09:00:00,5.154,131.654,0.7374
2023-02-19 10:00:00,4.8733,128.321,1.0441
2023-02-19 11:00:00,4.5395,121.448,2.0667
2023-02-19 12:00:00,4.4998,119.791,1.4678
2023-02-19 13:00:00,4.3471,119.222,0.5576
2023-02-19 14:00:00,4.0771,114.907,2.7259
2023-02-19 15:00:00,4.8433,126.344,19.528
2023-02-19 16:00:00,4.7804,125.327,8.0069
2023-02-19 17:00:00,4.9542,130.172,4.9211
2023-02-19 18:00:00,4.8891,127.438,6.3128
2023-02-19 19:00:00,4.9752,129.661,6.495
2023-02-19 20:00:00,4.8013,128.664,1.6364
2023-02-19 21:00:00,4.7537,125.664,0.8803
2023-02-19 22:00:00,4.6467,124.083,2.858
2023-02-19 23:00:00,4.7592,127.345,6.2722
2023-02-20 00:00:00,4.6435,124.406,0.5429
2023-02-20 01:00:00,4.8586,127.875,5.6078
2023-02-20 02:00:00,5.3029,134.262,9.7773
2023-02-20 03:00:00,5.3181,134.218,2.5584
2023-02-20 04:00:00,5.1016,134.071,1.592
2023-02-20 05:00:00,5.089,134.433,1.6822
2023-02-20 06:00:00,5.2621,133.272,4.7146
2023-02-20 07:00:00,5.1544,133.182,2.5918
2023-02-20 08:00:00,4.7195,125.063,1.2412
2023-02-20 09:00:00,4.8681,127.785,5.1948
2023-02-20 10:00:00,4.7489,126.113,0.6356
2023-02-20 11:00:00,4.4594,122.131,1.0971
2023-02-20 12:00:00,4.6076,125.069,5.2616
2023-02-20 13:00:00,4.2775,118.135,2.04
2023-02-20 14:00:00,4.199,114.968,3.2279
2023-02-20 15:00:00,4.0494,111.311,0.8982
2023-02-20 16:00:00,3.9878,109.143,1.9754
2023-02-20 17:00:00,3.7317,109.027,1.3753
2023-02-20 18:00:00,3.9303,112.881,5.7472
2023-02-20 19:00:00,3.9195,109.373,1.9734
2023-02-20 20:00:00,4.0558,113.061,5.1111
2023-02-20 21:00:00,4.1156,114.922,7.1319
2023-02-20 22:00:00,4.8815,128.193,12.2687
2023-02-20 23:00:00,4.8052,126.441,3.1515
2023-02-21 00:00:00,5.0028,130.802,5.1485
2023-02-21 01:00:00,5.2196,135.239,7.0019
2023-02-21 02:00:00,5.1762,133.5,2.6919
2023-02-21 03:00:00,5.3913,137.132,1.954
2023-02-21 04:00:00,5.1668,133.909,3.7507
2023-02-21 05:00:00,5.2322,135.09,3.5785
2023-02-21 06:00:00,5.1656,132.076,1.8101
2023-02-21 07:00:00,4.9736,127.278,0.6201
2023-02-21 08:00:00,4.8078,126.112,0.2144
2023-02-21 09:00:00,4.7537,126.784,6.4904
2023-02-21 10:00:00,5.22,132.842,11.0041
2023-02-21 11:00:00,4.8876,130.328,3.3355
2023-02-21 12:00:00,4.7486,127.591,1.0304
2023-02-21 13:00:00,4.2991,115.096,0.3675
2023-02-21 14:00:00,4.3666,119.901,1.6067
2023-02-21 15:00:00,4.3547,118.304,4.0696
2023-02-21 16:00:00,4.1551,115.228,5.7748
2023-02-21 17:00:00,4.0929,112.67,2.6523
2023-02-21 18:00:00,4.2955,117.883,4.8931
2023-02-21 19:00:00,4.0193,110.181,0.1929
2023-02-21 20:00:00,4.2078,117.011,5.0636
2023-02-21 21:00:00,4.2737,115.164,2.0759
2023-02-21 22:00:00,4.312,117.56,2.7164
2023-02-21 23:00:00,4.4307,120.406,5.093
2023-02-22 00:00:00,4.4732,120.298,0.811
2023-02-22 01:00:00,4.3415,118.064,2.5729
2023-02-22 02:00:00,4.6289,122.747,1.2785
2023-02-22 03:00:00,4.6079,122.111,2.7571
2023-02-22 04:00:00,4.7826,125.227,4.4293
2023-02-22 05:00:00,5.1086,131.214,10.1039
2023-02-22 06:00:00,5.4012,136.596,7.7132
2023-02-22 07:00:00,5.5511,139.548,6.1728
2023-02-22 08:00:00,5.6981,143.553,8.8969
2023-02-22 09:00:00,5.4949,136.744,4.6408
2023-02-22 10:00:00,5.277,135.936,2.4335
2023-02-22 11:00:00,5.0362,131.44,1.4473
2023-02-22 12:00:00,4.7101,124.92,1.6476
2023-02-22 13:00:00,4.5808,122.039,1.8715
2023-02-22 14:00:00,4.3713,118.093,3.0733
2023-02-22 15:00:00,4.5427,120.632,1.1215
2023-02-22 16:00:00,4.0335,115.163,2.4542
2023-02-22 17:00:00,4.0375,111.996,2.7331
2023-02-22 18:00:00,3.9833,111.767,0.3407
2023-02-22 19:00:00,3.9813,110.742,4.9919
2023-02-22 20:00:00,4.0477,114.049,4.799
2023-02-22 21:00:00,4.1951,113.344,0.0351
2023-02-22 22:00:00,4.0414,112.03,0.2688
2023-02-22 23:00:00,4.1672,115.5,2.7911
2023-02-23 00:00:00,4.7623,126.891,11.2688
2023-02-23 01:00:00,4.7218,122.273,1.7664
2023-02-23 02:00:00,4.6533,123.903,0.2955
2023-02-23 03:00:00,4.6527,124.012,2.1016
2023-02-23 04:00:00,4.8615,125.854,6.628
2023-02-23 05:00:00,4.9793,129.893,2.0381
2023-02-23 06:00:00,4.9184,128.63,2.9038
2023-02-23 07:00:00,4.6867,124.129,0.5294
2023-02-23 08:00:00,4.5187,123.799,0.6259
2023-02-23 09:00:00,4.5389,120.374,2.2308
2023-02-23 10:00:00,4.8898,128.262,9.3077
2023-02-23 11:00:00,4.9595,130.815,8.7716
2023-02-23 12:00:00,4.6903,122.348,0.6448
2023-02-23 13:00:00,4.7072,126.715,6.3946
2023-02-23 14:00:00,4.4508,122.848,0.2462
2023-02-23 15:00:00,4.6944,125.3,7.4882
2023-02-23 16:00:00,4.842,126.15,9.7703
2023-02-23 17:00:00,4.5724,120.656,1.6836
2023-02-23 18:00:00,4.2195,117.1,1.7117
2023-02-23 19:00:00,4.2711,115.66,2.652
2023-02-23 20:00:00,4.7854,124.02,11.072
2023-02-23 21:00:00,4.9486,129.273,3.4484
2023-02-23 22:00:00,4.6293,124.078,2.9602
2023-02-23 23:00:00,4.9347,129.327,6.3724
2023-02-24 00:00:00,5.0458,129.145,4.205
2023-02-24 01:00:00,5.321,135.814,2.4833
2023-02-24 02:00:00,5.2171,132.908,5.6696
2023-02-24 03:00:00,5.1491,134.038,0.6729
2023-02-24 04:00:00,5.3737,137.191,7.4779
2023-02-24 05:00:00,6.1039,150.657,18.6686
2023-02-24 06:00:00,6.1441,151.732,6.5326
2023-02-24 07:00:00,5.7954,144.629,1.3684
2023-02-24 08:00:00,5.6827,144.684,3.4466
2023-02-24 09:00:00,5.7627,143.795,5.4801
2023-02-24 10:00:00,5.2086,134.113,0.0558
2023-02-24 11:00:00,5.4803,139.123,8.1951
2023-02-24 12:00:00,4.9478,132.592,0.0655
2023-02-24 13:00:00,4.8463,126.819,3.0831
2023-02-24 14:00:00,4.4849,119.246,0.0593
2023-02-24 15:00:00,4.5766,122.072,4.5702
2023-02-24 16:00:00,5.2174,134.85,18.9597
2023-02-24 17:00:00,5.0094,131.971,3.0424
2023-02-24 18:00:00,5.2467,133.753,10.695
2023-02-24 19:00:00,5.6668,144.078,14.5718
2023-02-24 20:00:00,5.3368,137.103,0.136
2023-02-24 21:00:00,5.1897,132.597,0.5632
2023-02-24 22:00:00,5.1549,134.577,6.5529
2023-02-24 23:00:00,5.1319,132.552,4.2917
2023-02-25 00:00:00,5.6315,141.303,10.4277
2023-02-25 01:00:00,5.5643,139.892,1.3427
2023-02-25 02:00:00,5.4945,138.496,2.5195
2023-02-25 03:00:00,5.6106,141.764,5.4831
2023-02-25 04:00:00,5.9656,149.759,12.2211
2023-02-25 05:00:00,5.9928,149.568,4.5018
2023-02-25 06:00:00,5.6868,145.572,1.8365
2023-02-25 07:00:00,5.574,140.98,4.4916
2023-02-25 08:00:00,5.4517,138.106,1.0641
2023-02-25 09:00:00,5.2247,133.564,4.6747
2023-02-25 10:00:00,5.5757,140.739,9.0289
2023-02-25 11:00:00,5.3502,137.592,4.6692
2023-02-25 12:00:00,5.0593,133.505,2.7429
2023-02-25 13:00:00,4.9705,129.487,1.4802
2023-02-25 14:00:00,4.9016,128.326,7.3784
2023-02-25 15:00:00,4.7022,124.671,3.3198
2023-02-25 16:00:00,5.0922,132.839,12.3729
2023-02-25 17:00:00,4.9729,129.739,3.8565
2023-02-25 18:00:00,4.8397,129.115,2.818
2023-02-25 19:00:00,4.9371,128.631,6.7909
2023-02-25 20:00:00,4.9012,130.162,2.1212
2023-02-25 21:00:00,4.8657,128.782,6.061
2023-02-25 22:00:00,4.7628,124.162,0.4626
2023-02-25 23:00:00,4.868,127.198,2.3623
2023-02-26 00:00:00,5.1986,132.65,9.4631
2023-02-26 01:00:00,5.3779,135.889,6.6193
2023-02-26 02:00:00,5.2516,132.912,0.5091
2023-02-26 03:00:00,5.1278,132.819,2.8754
2023-02-26 04:00:00,5.1035,131.034,0.8572
2023-02-26 05:00:00,4.999,130.171,3.8042
2023-02-26 06:00:00,5.07,132.589,1.6635
2023-02-26 07:00:00,4.8433,127.166,0.183
2023-02-26 08:00:00,5.1571,133.684,8.2199
2023-02-26 09:00:00,5.206,134.274,4.6382
2023-02-26 10:00:00,4.7152,122.627,1.4312
2023-02-26 11:00:00,4.7693,127.13,1.8066
2023-02-26 12:00:00,4.6084,124.436,6.2599
2023-02-26 13:00:00,4.331,119.07,0.0082
2023-02-26 14:00:00,4.5475,121.596,7.2374
2023-02-26 15:00:00,4.7391,124.377,7.0035
2023-02-26 16:00:00,4.3866,117.848,3.0361
2023-02-26 17:00:00,4.421,120.172,3.2957
2023-02-26 18:00:00,4.3793,120.006,4.1354
2023-02-26 19:00:00,4.5191,119.673,6.7415
2023-02-26 20:00:00,4.3663,118.89,0.1434
2023-02-26 21:00:00,4.3525,117.349,0.9471
2023-02-26 22:00:00,4.4924,119.814,7.3282
2023-02-26 23:00:00,4.6249,123.338,1.3829
2023-02-27 00:00:00,5.1484,131.513,9.2865
2023-02-27 01:00:00,4.8518,126.926,0.0849
2023-02-27 02:00:00,5.1108,132.698,6.917
2023-02-27 03:00:00,5.6077,141.048,12.8014
2023-02-27 04:00:00,5.432,136.9,3.9091
2023-02-27 05:00:00,5.5139,139.51,3.3694
2023-02-27 06:00:00,5.4539,136.781,2.0192
2023-02-27 07:00:00,6.1793,150.902,17.4822
2023-02-27 08:00:00,6.2117,153.529,9.5495
2023-02-27 09:00:00,5.8622,146.104,1.1485
2023-02-27 10:00:00,5.7537,144.849,4.1525
2023-02-27 11:00:00,5.4057,136.525,2.1746
2023-02-27 12:00:00,5.2611,134.43,0.8945
2023-02-27 13:00:00,5.0874,131.471,4.9221
2023-02-27 14:00:00,5.0657,130.511,7.3923
2023-02-27 15:00:00,5.1601,132.274,4.832
2023-02-27 16:00:00,4.7038,124.63,0.3595
2023-02-27 17:00:00,4.6273,122.172,4.2188
2023-02-27 18:00:00,4.4923,120.418,2.2497
2023-02-27 19:00:00,4.4741,121.022,1.1293
2023-02-27 20:00:00,4.3667,118.911,3.1666
2023-02-27 21:00:00,4.391,118.444,4.3657
2023-02-27 22:00:00,4.41,119.148,2.6755
2023-02-27 23:00:00,4.8065,126.315,4.6941
2023-02-28 00:00:00,4.6582,123.498,0.2134
2023-02-28 01:00:00,4.5542,120.741,1.1974
2023-02-28 02:00:00,4.7903,126.17,3.8593
2023-02-28 03:00:00,4.8421,126.351,2.1566
2023-02-28 04:00:00,4.7035,124.419,0.8368
2023-02-28 05:00:00,4.852,124.294,3.5643
2023-02-28 06:00:00,4.8766,127.447,2.2564
2023-02-28 07:00:00,5.3538,137.32,13.2252
2023-02-28 08:00:00,5.339,137.637,3.6479
2023-02-28 09:00:00,5.1292,131.733,1.5978
2023-02-28 10:00:00,4.9266,129.188,2.4673
2023-02-28 11:00:00,4.9457,128.735,4.6417
2023-02-28 12:00:00,4.9601,129.143,6.9555
2023-02-28 13:00:00,4.9372,129.152,4.3057
2023-02-28 14:00:00,4.4776,122.08,0.1982
2023-02-28 15:00:00,4.6821,124.483,7.3948
2023-02-28 16:00:00,4.626,123.821,6.6667
2023-02-28 17:00:00,4.5448,119.239,0.5876
2023-02-28 18:00:00,4.3761,120.403,2.6074
2023-02-28 19:00:00,4.5266,119.345,5.613
2023-02-28 20:00:00,4.4119,120.467,1.1732
2023-02-28 21:00:00,4.6889,123.209,6.5311
2023-02-28 22:00:00,5.1058,131.932,13.9938
2023-02-28 23:00:00,5.3991,135.692,5.4926
2023-03-01 00:00:00,5.2274,133.265,1.0879
2023-03-01 01:00:00,5.3302,136.185,2.9116
2023-03-01 02:00:00,4.9607,127.3,1.571
2023-03-01 03:00:00,5.0963,132.666,0.9333
2023-03-01 04:00:00,5.0468,131.157,1.855
2023-03-01 05:00:00,5.1292,131.953,3.0053
2023-03-01 06:00:00,4.9315,127.95,0.8967
2023-03-01 07:00:00,5.1262,131.25,5.5734
2023-03-01 08:00:00,5.1533,130.898,3.8944
2023-03-01 09:00:00,5.1483,134.376,4.6843
2023-03-01 10:00:00,5.0739,131.444,3.2561
2023-03-01 11:00:00,4.6908,124.784,0.2416
2023-03-01 12:00:00,4.5942,122.255,3.9782
2023-03-01 13:00:00,5.2903,137.139,14.1379
2023-03-01 14:00:00,4.8589,126.116,1.1121
2023-03-01 15:00:00,4.7571,127.53,3.5718
2023-03-01 16:00:00,4.9298,125.663,11.159
2023-03-01 17:00:00,5.1441,133.497,6.3893
2023-03-01 18:00:00,5.027,131.205,6.658
2023-03-01 19:00:00,4.9305,130.56,1.1747
2023-03-01 20:00:00,4.8914,127.292,4.7227
2023-03-01 21:00:00,4.9395,128.96,4.5052
2023-03-01 22:00:00,4.7546,126.364,0.1618
2023-03-01 23:00:00,4.7813,126.541,0.2835
2023-03-02 00:00:00,4.8482,128.808,4.7322
2023-03-02 01:00:00,5.3025,135.867,9.6795
2023-03-02 02:00:00,5.5449,141.165,6.7786
2023-03-02 03:00:00,5.3525,137.275,1.3726
2023-03-02 04:00:00,5.2441,134.222,1.5386
2023-03-02 05:00:00,5.6619,143.613,8.4766
2023-03-02 06:00:00,5.2588,135.46,1.0151
2023-03-02 07:00:00,5.2959,135.547,3.0238
2023-03-02 08:00:00,5.2265,132.943,3.3039
2023-03-02 09:00:00,4.9516,127.882,1.3261
2023-03-02 10:00:00,4.8172,126.856,3.6974
2023-03-02 11:00:00,4.7255,127.144,0.228
2023-03-02 12:00:00,4.8127,125.021,8.0341
2023-03-02 13:00:00,4.8296,126.202,4.3145
2023-03-02 14:00:00,5.2417,134.131,14.7344
2023-03-02 15:00:00,5.3002,135.16,6.5327
2023-03-02 16:00:00,4.879,129.637,1.7913
2023-03-02 17:00:00,5.0757,131.45,7.2361
2023-03-02 18:00:00,4.9549,129.703,2.9279
2023-03-02 19:00:00,4.5056,120.942,0.2453
2023-03-02 20:00:00,4.3588,119.108,0.081
2023-03-02 21:00:00,4.774,126.216,7.3326
2023-03-02 22:00:00,4.7153,125.533,1.7187
2023-03-02 23:00:00,4.7573,126.496,1.8394
2023-03-03 00:00:00,4.8316,127.757,4.4433
2023-03-03 01:00:00,4.8213,127.647,2.2393
2023-03-03 02:00:00,5.2927,134.274,6.6522
2023-03-03 03:00:00,5.2415,135.501,3.5901
2023-03-03 04:00:00,5.0705,133.451,2.8172
2023-03-03 05:00:00,5.4304,137.479,10.2726
2023-03-03 06:00:00,5.6998,142.8,6.8151
2023-03-03 07:00:00,5.6017,142.16,3.3055
2023-03-03 08:00:00,5.6081,141.228,8.2517
2023-03-03 09:00:00,5.6889,140.405,5.1129
2023-03-03 10:00:00,5.3813,137.093,1.5449
2023-03-03 11:00:00,5.062,131.096,0.6032
2023-03-03 12:00:00,4.9644,127.317,4.7121
2023-03-03 13:00:00,4.865,127.777,1.9017
2023-03-03 14:00:00,4.9206,130.208,8.5179
2023-03-03 15:00:00,4.8819,128.355,4.9442
2023-03-03 16:00:00,4.691,126.115,0.5233
2023-03-03 17:00:00,4.5194,122.68,2.4753
2023-03-03 18:00:00,4.318,116.668,2.1445
2023-03-03 19:00:00,4.7413,124.105,9.302
2023-03-03 20:00:00,4.4969,121.344,0.0591
2023-03-03 21:00:00,4.6106,123.086,2.3493
2023-03-03 22:00:00,4.3767,117.744,0.2016
2023-03-03 23:00:00,4.6637,124.105,5.7097
2023-03-04 00:00:00,4.8854,127.078,4.3455
2023-03-04 01:00:00,4.9972,129.595,3.8256
2023-03-04 02:00:00,4.9129,126.638,0.7177
2023-03-04 03:00:00,5.0108,131.099,2.5242
2023-03-04 04:00:00,4.8534,125.255,0.5671
2023-03-04 05:00:00,5.0752,128.973,4.2004
2023-03-04 06:00:00,4.8073,128.536,0.2412
2023-03-04 07:00:00,4.6627,124.916,1.9245
2023-03-04 08:00:00,4.8021,126.105,4.0049
2023-03-04 09:00:00,4.9157,129.109,3.0581
2023-03-04 10:00:00,4.9228,128.877,6.6817
2023-03-04 11:00:00,4.6043,124.825,0.5511
2023-03-04 12:00:00,4.5902,120.848,2.1511
2023-03-04 13:00:00,4.2225,114.957,0.0828
2023-03-04 14:00:00,4.3711,117.664,4.8601
2023-03-04 15:00:00,4.144,112.728,1.1245
2023-03-04 16:00:00,4.5731,121.487,9.8439
2023-03-04 17:00:00,4.5386,121.535,5.5742
2023-03-04 18:00:00,4.3548,116.636,1.5482
2023-03-04 19:00:00,4.679,123.306,8.9931
2023-03-04 20:00:00,4.6587,123.603,2.2194
2023-03-04 21:00:00,4.447,120.847,0.0787
2023-03-04 22:00:00,4.3417,116.466,1.1924
2023-03-04 23:00:00,4.852,127.805,10.5233
2023-03-05 00:00:00,5.0291,130.424,0.8331
2023-03-05 01:00:00,4.8783,126.503,1.7229
2023-03-05 02:00:00,5.028,130.15,6.696
2023-03-05 03:00:00,5.2799,134.706,6.5337
2023-03-05 04:00:00,5.4144,138.101,7.5364
2023-03-05 05:00:00,5.9135,145.979,9.8139
2023-03-05 06:00:00,5.8457,144.063,5.097
2023-03-05 07:00:00,5.8172,144.772,4.3701
2023-03-05 08:00:00,5.7703,143.81,3.2936
2023-03-05 09:00:00,5.4434,137.062,0.0015
2023-03-05 10:00:00,5.2094,132.94,3.4978
2023-03-05 11:00:00,5.4622,137.834,8.3073
2023-03-05 12:00:00,5.2434,134.555,7.5449
2023-03-05 13:00:00,4.8567,125.881,0.1164
2023-03-05 14:00:00,4.8041,126.411,1.274
2023-03-05 15:00:00,5.4432,138.24,14.9277
2023-03-05 16:00:00,5.2237,133.4,7.2793
2023-03-05 17:00:00,4.9782,129.237,1.0788
2023-03-05 18:00:00,4.9352,131.741,3.1184
2023-03-05 19:00:00,4.842,126.031,4.4152
2023-03-05 20:00:00,4.662,123.667,0.105
2023-03-05 21:00:00,4.8362,126.007,8.7024
2023-03-05 22:00:00,5.6462,142.545,14.6536
2023-03-05 23:00:00,5.2523,134.333,0.1763
2023-03-06 00:00:00,5.2966,135.735,3.0338
2023-03-06 01:00:00,5.4745,140.774,5.0688
2023-03-06 02:00:00,5.3344,135.919,1.0767
2023-03-06 03:00:00,5.827,143.359,11.49
2023-03-06 04:00:00,5.5971,142.533,1.5508
2023-03-06 05:00:00,5.87,145.429,7.4824
2023-03-06 06:00:00,5.6391,139.983,2.7389
2023-03-06 07:00:00,5.7364,142.033,9.5363
2023-03-06 08:00:00,5.7404,145.382,2.0086
2023-03-06 09:00:00,5.8514,143.476,9.1669
2023-03-06 10:00:00,5.6418,140.947,0.5291
2023-03-06 11:00:00,5.7514,142.925,10.9614
2023-03-06 12:00:00,5.4347,138.149,2.5878
2023-03-06 13:00:00,5.22,133.923,2.0229
2023-03-06 14:00:00,4.9579,128.989,1.5018
2023-03-06 15:00:00,5.0533,129.246,9.9078
2023-03-06 16:00:00,4.8884,128.357,0.9144
2023-03-06 17:00:00,4.8095,126.951,2.9828
2023-03-06 18:00:00,4.482,120.47,0.0705
2023-03-06 19:00:00,4.346,118.656,2.3043
2023-03-06 20:00:00,4.2972,116.955,2.583
2023-03-06 21:00:00,4.4886,118.951,3.9311
2023-03-06 22:00:00,4.7805,125.094,8.2798
2023-03-06 23:00:00,5.1742,133.009,7.7778
2023-03-07 00:00:00,5.0678,131.384,1.3535
2023-03-07 01:00:00,5.3023,135.995,5.7811
2023-03-07 02:00:00,5.158,135.073,0.2091
2023-03-07 03:00:00,5.3464,136.224,6.2222
2023-03-07 04:00:00,5.4522,137.886,2.7558
2023-03-07 05:00:00,5.5154,141.758,2.9012
2023-03-07 06:00:00,5.2688,131.685,2.7405
2023-03-07 07:00:00,5.72,143.102,11.2311
2023-03-07 08:00:00,5.4064,136.4,0.8471
2023-03-07 09:00:00,5.4144,137.716,5.9872
2023-03-07 10:00:00,5.4315,137.19,8.493
2023-03-07 11:00:00,5.9852,148.82,14.7523
2023-03-07 12:00:00,5.6943,140.446,0.9934
2023-03-07 13:00:00,5.3646,134.648,1.1925
2023-03-07 14:00:00,5.1418,131.941,4.8129
2023-03-07 15:00:00,5.0628,129.206,4.623
2023-03-07 16:00:00,4.9807,129.503,3.9686
2023-03-07 17:00:00,4.7841,126.238,3.5661
2023-03-07 18:00:00,4.6297,123.404,2.9219
2023-03-07 19:00:00,4.5751,122.881,1.4555
2023-03-07 20:00:00,5.1946,132.865,12.4548
2023-03-07 21:00:00,5.454,137.4,13.5695
2023-03-07 22:00:00,5.4022,138.325,0.855
2023-03-07 23:00:00,5.3595,135.507,2.5717
2023-03-08 00:00:00,5.422,139.82,2.4093
2023-03-08 01:00:00,5.2544,133.22,0.9645
2023-03-08 02:00:00,5.3826,136.524,5.3356
2023-03-08 03:00:00,5.3989,138.414,0.1547
2023-03-08 04:00:00,5.324,135.465,2.5293
2023-03-08 05:00:00,5.5356,138.714,9.9784
2023-03-08 06:00:00,5.4193,139.095,1.0902
2023-03-08 07:00:00,5.3313,135.569,0.3343
2023-03-08 08:00:00,5.2099,134.452,0.4151
2023-03-08 09:00:00,4.9204,128.534,1.3217
2023-03-08 10:00:00,5.0113,128.184,6.212
2023-03-08 11:00:00,4.7102,124.707,2.1111
2023-03-08 12:00:00,4.6028,123.472,0.6844
2023-03-08 13:00:00,4.5783,121.271,2.1618
2023-03-08 14:00:00,4.4132,119.986,3.1942
2023-03-08 15:00:00,4.4855,120.821,8.1695
2023-03-08 16:00:00,4.8076,127.116,7.5404
2023-03-08 17:00:00,4.7058,122.863,0.8491
2023-03-08 18:00:00,4.5156,124.697,5.3952
2023-03-08 19:00:00,4.3043,117.312,0.6713
2023-03-08 20:00:00,5.4888,138.285,25.429
2023-03-08 21:00:00,5.4275,136.951,2.9906
2023-03-08 22:00:00,5.6773,141.369,7.3153
2023-03-08 23:00:00,5.6677,141.292,1.0109
2023-03-09 00:00:00,5.2867,134.349,1.4318
2023-03-09 01:00:00,6.8494,162.856,31.1998
2023-03-09 02:00:00,6.9086,164.41,6.7028
2023-03-09 03:00:00,6.6452,160.882,1.1535
2023-03-09 04:00:00,6.4274,154.196,2.2542
2023-03-09 05:00:00,6.3019,151.928,3.7469
2023-03-09 06:00:00,6.0958,150.145,2.2683
2023-03-09 07:00:00,5.869,143.967,0.3641
2023-03-09 08:00:00,5.829,144.992,5.9015
2023-03-09 09:00:00,5.4898,137.445,0.0962
2023-03-09 10:00:00,5.2775,134.026,1.8439
2023-03-09 11:00:00,5.0343,130.101,5.0425
2023-03-09 12:00:00,4.9574,128.26,0.3113
2023-03-09 13:00:00,4.6645,121.02,0.9437
2023-03-09 14:00:00,4.5757,119.252,3.4697
2023-03-09 15:00:00,4.904,130.317,11.1586
2023-03-09 16:00:00,5.3502,135.235,11.9114
2023-03-09 17:00:00,4.8908,128.62,2.5269
2023-03-09 18:00:00,5.1427,131.92,3.7378
2023-03-09 19:00:00,4.7912,124.666,1.9487
2023-03-09 20:00:00,4.8577,124.629,2.416
2023-03-09 21:00:00,4.5584,120.943,1.9677
2023-03-09 22:00:00,4.5695,122.048,0.9399
2023-03-09 23:00:00,5.151,131.466,10.8296
2023-03-10 00:00:00,5.9957,147.825,15.3494
2023-03-10 01:00:00,5.6606,142.019,0.9624
2023-03-10 02:00:00,5.5973,142.531,2.3819
2023-03-10 03:00:00,5.7707,145.671,6.1901
2023-03-10 04:00:00,5.667,143.404,0.1492
2023-03-10 05:00:00,5.4175,135.881,1.8774
2023-03-10 06:00:00,5.2303,136.063,0.8003
2023-03-10 07:00:00,5.1309,133.347,0.6887
2023-03-10 08:00:00,4.9664,130.331,1.8627
2023-03-10 09:00:00,4.906,126.556,1.6848
2023-03-10 10:00:00,4.8869,127.436,4.223
2023-03-10 11:00:00,4.8704,128.929,4.8227
2023-03-10 12:00:00,4.6767,121.876,0.9863
2023-03-10 13:00:00,4.4785,120.582,3.1115
2023-03-10 14:00:00,4.6271,123.294,3.407
2023-03-10 15:00:00,4.4775,121.392,1.4399
2023-03-10 16:00:00,4.2581,116.287,2.8293
2023-03-10 17:00:00,4.1083,114.668,0.5882
2023-03-10 18:00:00,4.53,120.251,11.4271
2023-03-10 19:00:00,4.5814,123.316,2.7383
2023-03-10 20:00:00,4.5108,120.733,4.5188
2023-03-10 21:00:00,4.7613,126.974,5.2029
2023-03-10 22:00:00,4.8485,127.856,5.1714
2023-03-10 23:00:00,5.2117,133.111,9.9911
2023-03-11 00:00:00,5.534,140.186,3.6219
2023-03-11 01:00:00,5.0897,130.106,0.0979
2023-03-11 02:00:00,5.311,135.418,3.5395
2023-03-11 03:00:00,5.4891,139.668,6.5894
2023-03-11 04:00:00,5.4613,136.832,3.5308
2023-03-11 05:00:00,5.4865,140.335,1.5428
2023-03-11 06:00:00,5.3086,135.912,0.0494
2023-03-11 07:00:00,5.3565,136.668,5.2169
2023-03-11 08:00:00,5.0883,133.004,0.1063
2023-03-11 09:00:00,5.1028,132.213,2.242
2023-03-11 10:00:00,5.3224,135.773,9.7593
2023-03-11 11:00:00,5.1528,130.823,2.9661
2023-03-11 12:00:00,5.0155,130.013,6.615
2023-03-11 13:00:00,4.9074,127.802,0.507
2023-03-11 14:00:00,4.6403,124.402,2.3588
2023-03-11 15:00:00,4.7529,128.191,4.8918
2023-03-11 16:00:00,4.3932,118.542,1.6791
2023-03-11 17:00:00,4.6917,125.564,6.4165
2023-03-11 18:00:00,4.5487,123.107,3.3886
2023-03-11 19:00:00,4.6193,125.425,1.9251
2023-03-11 20:00:00,4.625,122.007,4.0286
2023-03-11 21:00:00,4.6518,123.942,1.2753
2023-03-11 22:00:00,4.5147,121.768,1.7002
2023-03-11 23:00:00,4.5873,123.359,1.3778
2023-03-12 00:00:00,4.8882,127.986,6.8337
2023-03-12 01:00:00,5.2134,133.94,7.7944
2023-03-12 02:00:00,5.4128,138.076,6.4814
2023-03-12 03:00:00,5.3405,136.214,1.1169
2023-03-12 04:00:00,5.3662,136.807,2.4673
2023-03-12 05:00:00,5.3272,136.54,2.791
2023-03-12 06:00:00,5.3895,137.679,6.1206
2023-03-12 07:00:00,5.5049,138.054,4.449
2023-03-12 08:00:00,5.9058,145.355,11.4053
2023-03-12 09:00:00,5.6025,138.5,1.7616
2023-03-12 10:00:00,5.514,140.139,3.7946
2023-03-12 11:00:00,6.176,151.618,18.8315
2023-03-12 12:00:00,6.051,148.286,7.5197
2023-03-12 13:00:00,5.7404,143.475,1.6784
2023-03-12 14:00:00,5.8165,144.053,10.8256
2023-03-12 15:00:00,5.6448,140.984,3.2661
2023-03-12 16:00:00,5.3809,136.34,1.7546
2023-03-12 17:00:00,5.1066,132.153,1.4911
2023-03-12 18:00:00,4.876,127.197,2.2013
2023-03-12 19:00:00,4.954,130.427,3.506
2023-03-12 20:00:00,5.772,145.54,22.1369
2023-03-12 21:00:00,5.8687,144.08,4.9968
2023-03-12 22:00:00,5.5095,140.261,0.9666
2023-03-12 23:00:00,6.8099,162.596,29.9787
2023-03-13 00:00:00,6.7949,161.258,6.4979
2023-03-13 01:00:00,6.8282,161.252,1.3129
2023-03-13 02:00:00,6.4134,154.127,3.12
2023-03-13 03:00:00,6.4623,157.858,3.1389
2023-03-13 04:00:00,6.2023,153.349,2.2362
2023-03-13 05:00:00,6.4565,154.313,9.3696
2023-03-13 06:00:00,6.2081,151.775,2.835
2023-03-13 07:00:00,5.8788,146.455,0.0412
2023-03-13 08:00:00,5.7497,142.62,1.0702
2023-03-13 09:00:00,5.4701,139.381,1.6552
2023-03-13 10:00:00,5.4351,136.223,6.3773
2023-03-13 11:00:00,5.2914,135.678,0.0881
2023-03-13 12:00:00,5.1032,131.146,5.2405
2023-03-13 13:00:00,5.2188,133.388,6.8365
2023-03-13 14:00:00,4.9189,128.664,0.5706
2023-03-13 15:00:00,4.5922,122.463,0.3228
2023-03-13 16:00:00,4.8758,127.654,6.9937
2023-03-13 17:00:00,4.9728,129.088,8.0474
2023-03-13 18:00:00,4.79,123.466,2.0234
2023-03-13 19:00:00,4.6446,123.771,1.3787
2023-03-13 20:00:00,4.7962,127.196,4.1906
2023-03-13 21:00:00,4.6927,125.199,3.588
2023-03-13 22:00:00,5.0209,131.99,7.2443
2023-03-13 23:00:00,4.9999,129.362,2.749
2023-03-14 00:00:00,5.2026,137.037,2.3731
2023-03-14 01:00:00,5.046,133.048,2.0539
2023-03-14 02:00:00,5.8305,143.524,15.813
2023-03-14 03:00:00,5.6815,141.453,0.4676
2023-03-14 04:00:00,5.5188,138.838,0.2435
2023-03-14 05:00:00,6.0083,145.572,12.2702
2023-03-14 06:00:00,6.0014,148.121,7.8945
2023-03-14 07:00:00,6.1958,151.815,8.5996
2023-03-14 08:00:00,5.9645,148.388,1.395
2023-03-14 09:00:00,5.787,144.895,3.3304
2023-03-14 10:00:00,5.5676,141.314,0.9829
2023-03-14 11:00:00,5.3967,137.699,3.4823
2023-03-14 12:00:00,5.3856,135.524,3.8972
2023-03-14 13:00:00,5.4268,137.453,9.4522
2023-03-14 14:00:00,5.2958,133.341,3.6054
2023-03-14 15:00:00,4.8835,127.169,0.5866
2023-03-14 16:00:00,4.9494,129.669,6.0331
2023-03-14 17:00:00,5.0659,131.061,5.3479
2023-03-14 18:00:00,4.9584,129.4,5.962
2023-03-14 19:00:00,4.9269,128.233,2.4053
2023-03-14 20:00:00,4.7647,123.891,2.3648
2023-03-14 21:00:00,4.7335,125.26,0.5004
2023-03-14 22:00:00,4.706,122.06,2.272
2023-03-14 23:00:00,5.8226,144.241,23.5757
2023-03-15 00:00:00,6.1476,152.553,9.4634
2023-03-15 01:00:00,6.0612,150.126,4.181
2023-03-15 02:00:00,6.1785,151.538,3.8295
2023-03-15 03:00:00,6.0499,148.023,3.5302
2023-03-15 04:00:00,5.6703,139.567,0.5295
2023-03-15 05:00:00,5.8479,144.924,2.7975
2023-03-15 06:00:00,5.6909,141.206,5.2861
2023-03-15 07:00:00,5.5936,140.099,0.5702
2023-03-15 08:00:00,5.4089,136.145,3.4145
2023-03-15 09:00:00,5.5357,140.597,4.4709
2023-03-15 10:00:00,5.692,141.646,6.4021
2023-03-15 11:00:00,5.2925,136.127,2.3921
2023-03-15 12:00:00,5.5229,137.757,11.2643
2023-03-15 13:00:00,5.7435,142.828,12.8041
2023-03-15 14:00:00,5.4465,139.647,4.1051
2023-03-15 15:00:00,5.8462,145.861,11.1429
2023-03-15 16:00:00,5.7146,142.926,5.5442
2023-03-15 17:00:00,5.7614,142.173,6.3388
2023-03-15 18:00:00,5.4652,137.805,1.7069
2023-03-15 19:00:00,5.2448,133.468,2.3035
2023-03-15 20:00:00,5.0624,127.995,0.169
2023-03-15 21:00:00,4.8614,127.118,2.2841
2023-03-15 22:00:00,4.876,126.042,3.1341
2023-03-15 23:00:00,5.1529,132.686,3.6338
2023-03-16 00:00:00,5.031,131.095,3.8165
2023-03-16 01:00:00,5.3717,136.967,6.936
2023-03-16 02:00:00,5.2793,133.852,0.2854
2023-03-16 03:00:00,5.2864,138.184,0.0516
2023-03-16 04:00:00,5.1785,133.303,4.2499
2023-03-16 05:00:00,5.3873,138.038,0.5907
2023-03-16 06:00:00,5.1216,132.355,1.3075
2023-03-16 07:00:00,5.074,128.242,0.8251
2023-03-16 08:00:00,4.9633,129.244,1.6577
2023-03-16 09:00:00,4.7019,124.975,0.7724
2023-03-16 10:00:00,4.8009,126.523,1.1492
2023-03-16 11:00:00,4.6923,123.982,4.2428
2023-03-16 12:00:00,4.6722,124.856,4.4095
2023-03-16 13:00:00,4.4292,120.556,0.1636
2023-03-16 14:00:00,4.2471,115.902,1.2141
2023-03-16 15:00:00,4.3091,119.961,1.4729
2023-03-16 16:00:00,4.2282,116.411,2.6897
2023-03-16 17:00:00,4.0846,114.165,2.8659
2023-03-16 18:00:00,4.173,116.921,6.4675
2023-03-16 19:00:00,4.0517,112.834,0.508
2023-03-16 20:00:00,4.2436,117.53,4.1682
2023-03-16 21:00:00,4.3425,117.434,2.6702
2023-03-16 22:00:00,4.5617,124.457,1.6835
2023-03-16 23:00:00,4.502,118.957,2.3569
2023-03-17 00:00:00,4.6136,121.101,0.5755
2023-03-17 01:00:00,4.7254,125.601,1.7183
2023-03-17 02:00:00,4.8981,127.66,3.3879
2023-03-17 03:00:00,5.7039,142.037,20.2251
2023-03-17 04:00:00,5.9367,146.603,10.4954
2023-03-17 05:00:00,5.9401,147.49,0.884
2023-03-17 06:00:00,5.9232,147.055,7.8643
2023-03-17 07:00:00,6.1364,150.11,4.9105
2023-03-17 08:00:00,5.9844,146.405,5.7163
2023-03-17 09:00:00,5.6607,140.772,0.3674
2023-03-17 10:00:00,6.0415,149.623,13.4518
2023-03-17 11:00:00,5.879,146.086,3.9182
2023-03-17 12:00:00,5.6456,141.94,1.094
2023-03-17 13:00:00,5.3225,136.33,3.2421
2023-03-17 14:00:00,5.1594,130.076,3.3041
2023-03-17 15:00:00,4.8687,128.133,0.9042
2023-03-17 16:00:00,4.8185,127.764,5.6048
2023-03-17 17:00:00,4.6029,123.138,0.4434
2023-03-17 18:00:00,4.4229,118.038,2.6043
2023-03-17 19:00:00,4.6033,124.43,1.9986
2023-03-17 20:00:00,4.5608,121.338,1.5088
2023-03-17 21:00:00,4.6862,124.685,6.5732
2023-03-17 22:00:00,4.7014,125.524,1.7351
2023-03-17 23:00:00,4.9142,130.112,5.8734
2023-03-18 00:00:00,5.0203,130.904,3.3438
2023-03-18 01:00:00,5.4824,136.856,7.5885
2023-03-18 02:00:00,5.3376,138.369,5.5975
2023-03-18 03:00:00,5.4532,138.721,0.594
2023-03-18 04:00:00,5.3428,137.849,4.7127
2023-03-18 05:00:00,5.3743,136.111,2.5623
2023-03-18 06:00:00,5.4889,138.52,2.6051
2023-03-18 07:00:00,5.4366,139.095,3.6417
2023-03-18 08:00:00,5.3651,136.933,4.2005
2023-03-18 09:00:00,5.6305,140.319,7.7937
2023-03-18 10:00:00,5.2692,131.481,1.1583
2023-03-18 11:00:00,5.0581,131.33,0.2193
2023-03-18 12:00:00,5.0403,131.605,4.0373
2023-03-18 13:00:00,4.713,123.426,0.1613
2023-03-18 14:00:00,4.5949,124.479,3.6443
2023-03-18 15:00:00,4.4165,118.396,0.7916
2023-03-18 16:00:00,4.4305,117.689,3.0676
2023-03-18 17:00:00,4.5858,122.575,4.4639
2023-03-18 18:00:00,4.7331,124.949,5.6972
2023-03-18 19:00:00,4.5672,123.527,3.0131
2023-03-18 20:00:00,5.6095,139.592,22.7946
2023-03-18 21:00:00,5.5292,139.653,3.1103
2023-03-18 22:00:00,5.7993,145.754,8.284
2023-03-18 23:00:00,5.7109,142.995,5.3876
2023-03-19 00:00:00,6.075,150.293,8.2198
2023-03-19 01:00:00,5.9945,148.751,3.1887
2023-03-19 02:00:00,5.6856,141.837,0.496
2023-03-19 03:00:00,5.7182,145.194,1.1364
2023-03-19 04:00:00,5.5931,139.516,1.4385
2023-03-19 05:00:00,5.6498,142.21,5.3526
2023-03-19 06:00:00,5.7146,143.375,3.3487
2023-03-19 07:00:00,5.8006,145.69,6.18
2023-03-19 08:00:00,5.6765,141.602,3.5188
2023-03-19 09:00:00,5.6632,143.182,1.7124
2023-03-19 10:00:00,5.3388,136.946,3.0976
2023-03-19 11:00:00,5.1057,130.602,2.1512
2023-03-19 12:00:00,5.1892,132.864,6.0514
2023-03-19 13:00:00,5.7387,144.625,17.7396
2023-03-19 14:00:00,5.3135,136.739,1.4614
2023-03-19 15:00:00,5.2582,134.445,2.2847
2023-03-19 16:00:00,4.9028,128.287,3.4427
2023-03-19 17:00:00,5.1165,130.056,7.6321
2023-03-19 18:00:00,5.5813,142.551,11.5482
2023-03-19 19:00:00,5.527,138.498,5.764
2023-03-19 20:00:00,6.0458,148.648,14.8484
2023-03-19 21:00:00,5.8751,144.775,1.6238
2023-03-19 22:00:00,5.6075,140.676,0.7787
2023-03-19 23:00:00,5.4259,137.212,1.1373
2023-03-20 00:00:00,5.4585,139.183,3.9664
2023-03-20 01:00:00,5.6083,139.657,2.4387
2023-03-20 02:00:00,5.4634,138.918,1.0869
2023-03-20 03:00:00,5.2608,135.446,0.2407
2023-03-20 04:00:00,5.1927,135.038,0.0316
2023-03-20 05:00:00,5.0928,131.096,0.567
2023-03-20 06:00:00,5.0424,131.803,0.0259
2023-03-20 07:00:00,5.0793,131.667,4.8162
2023-03-20 08:00:00,5.0855,132.427,1.9621
2023-03-20 09:00:00,4.9592,129.108,2.1846
2023-03-20 10:00:00,4.8634,128.543,3.0101
2023-03-20 11:00:00,4.5593,121.821,0.7454
2023-03-20 12:00:00,4.5608,120.046,0.3299
2023-03-20 13:00:00,4.3694,117.796,1.8915
2023-03-20 14:00:00,4.4231,120.492,3.8982
2023-03-20 15:00:00,4.3769,122.024,1.9041
2023-03-20 16:00:00,4.2662,117.108,2.8048
2023-03-20 17:00:00,4.7076,124.281,11.3876
2023-03-20 18:00:00,4.4313,121.143,0.6484
2023-03-20 19:00:00,4.4886,119.378,0.3144
2023-03-20 20:00:00,4.6338,121.247,7.0449
2023-03-20 21:00:00,4.8377,124.981,3.5999
2023-03-20 22:00:00,4.7277,124.842,2.7266
2023-03-20 23:00:00,4.6571,123.292,0.0364
2023-03-21 00:00:00,4.8877,129.312,3.9023
2023-03-21 01:00:00,5.7102,143.223,17.0751
2023-03-21 02:00:00,5.573,140.797,0.4214
2023-03-21 03:00:00,6.1822,151.871,11.8785
2023-03-21 04:00:00,5.7784,145.549,1.4465
2023-03-21 05:00:00,6.1464,148.211,8.6135
2023-03-21 06:00:00,5.9991,146.552,0.8766
2023-03-21 07:00:00,5.8272,144.55,5.2566
2023-03-21 08:00:00,5.8699,145.1,5.1138
2023-03-21 09:00:00,6.0017,148.895,7.7136
2023-03-21 10:00:00,5.6986,142.331,0.3898
2023-03-21 11:00:00,5.6897,142.392,5.093
2023-03-21 12:00:00,5.3357,136.242,0.7097
2023-03-21 13:00:00,4.9897,129.416,0.6897
2023-03-21 14:00:00,4.8408,127.018,1.8091
2023-03-21 15:00:00,5.022,129.272,8.4872
2023-03-21 16:00:00,4.6768,124.568,0.3997
2023-03-21 17:00:00,4.6841,123.02,1.819
2023-03-21 18:00:00,4.6979,125.066,7.5588
2023-03-21 19:00:00,4.6832,124.999,1.5666
2023-03-21 20:00:00,4.6327,121.635,1.7792
2023-03-21 21:00:00,4.8252,128.057,5.1197
2023-03-21 22:00:00,4.8104,128.793,4.7505
2023-03-21 23:00:00,4.8932,127.272,1.1388
2023-03-22 00:00:00,5.4278,138.618,6.426
2023-03-22 01:00:00,5.4346,139.163,6.4663
2023-03-22 02:00:00,5.4477,135.104,4.6915
2023-03-22 03:00:00,5.6953,142.166,6.849
2023-03-22 04:00:00,5.6264,141.336,2.0972
2023-03-22 05:00:00,5.8176,144.166,5.0386
2023-03-22 06:00:00,5.688,141.618,1.5633
2023-03-22 07:00:00,5.6228,141.562,2.617
2023-03-22 08:00:00,5.3519,135.277,1.5801
2023-03-22 09:00:00,4.8693,126.94,0.1375
2023-03-22 10:00:00,5.0635,130.771,1.6005
2023-03-22 11:00:00,4.7607,126.269,0.7191
2023-03-22 12:00:00,4.645,123.609,2.5366
2023-03-22 13:00:00,4.6152,123.484,2.574
2023-03-22 14:00:00,5.4999,139.655,21.3515
2023-03-22 15:00:00,5.3669,137.506,4.1249
2023-03-22 16:00:00,5.1322,131.928,5.6122
2023-03-22 17:00:00,5.0636,131.106,4.0847
2023-03-22 18:00:00,5.0639,131.14,1.9763
2023-03-22 19:00:00,4.9074,129.371,3.6459
2023-03-22 20:00:00,5.042,130.691,2.7515
2023-03-22 21:00:00,4.9157,129.502,3.3453
2023-03-22 22:00:00,5.3785,138.709,10.2349
2023-03-22 23:00:00,5.2842,134.753,1.6538
2023-03-23 00:00:00,5.9003,144.347,14.0394
2023-03-23 01:00:00,5.797,146.031,1.8919
2023-03-23 02:00:00,5.665,141.161,0.2195
2023-03-23 03:00:00,5.8257,143.892,6.2301
2023-03-23 04:00:00,5.9022,147.286,4.9495
2023-03-23 05:00:00,5.7816,144.292,1.01
2023-03-23 06:00:00,5.6821,142.405,0.7838
2023-03-23 07:00:00,5.3154,136.304,2.1822
2023-03-23 08:00:00,5.4117,138.874,2.3402
2023-03-23 09:00:00,5.4906,136.624,5.9336
2023-03-23 10:00:00,5.5204,139.619,5.4471
2023-03-23 11:00:00,5.3106,135.255,3.4564
2023-03-23 12:00:00,5.23,134.464,3.1794
2023-03-23 13:00:00,4.9112,128.486,1.1376
2023-03-23 14:00:00,5.415,138.129,13.2391
2023-03-23 15:00:00,5.1818,133.23,3.6567
2023-03-23 16:00:00,5.0496,131.507,1.5233
2023-03-23 17:00:00,4.7987,126.194,1.1958
2023-03-23 18:00:00,4.7567,126.158,4.6052
2023-03-23 19:00:00,4.9843,129.607,3.9136
2023-03-23 20:00:00,4.9028,128.165,3.0921
2023-03-23 21:00:00,4.8333,125.519,1.3821
2023-03-23 22:00:00,4.7575,125.871,1.3926
2023-03-23 23:00:00,4.6401,124.411,0.4491
2023-03-24 00:00:00,4.8592,127.839,1.6868
2023-03-24 01:00:00,4.9369,129.508,2.5331
2023-03-24 02:00:00,5.8143,143.836,16.8464
2023-03-24 03:00:00,5.5179,140.118,0.1857
2023-03-24 04:00:00,5.5498,140.531,1.6834
2023-03-24 05:00:00,5.3689,138.384,0.2855
2023-03-24 06:00:00,5.2679,133.755,1.6301
2023-03-24 07:00:00,5.2973,136.031,4.1014
2023-03-24 08:00:00,5.1626,131.836,1.2041
2023-03-24 09:00:00,5.4769,138.596,7.3115
2023-03-24 10:00:00,5.5008,137.673,6.8682
2023-03-24 11:00:00,5.2195,134.356,2.1372
2023-03-24 12:00:00,5.1496,133.11,4.8129
2023-03-24 13:00:00,4.9825,130.011,1.9876
2023-03-24 14:00:00,5.4822,137.555,13.8975
2023-03-24 15:00:00,5.1642,133.241,0.0708
2023-03-24 16:00:00,5.0533,131.204,2.0877
2023-03-24 17:00:00,4.709,125.158,0.0145
2023-03-24 18:00:00,4.7031,125.222,4.3098
2023-03-24 19:00:00,4.5649,123.02,0.0743
2023-03-24 20:00:00,5.026,130.117,12.0765
2023-03-24 21:00:00,4.9844,129.132,1.6114
2023-03-24 22:00:00,5.0157,129.663,2.0454
2023-03-24 23:00:00,4.9942,129.832,1.935
2023-03-25 00:00:00,5.009,130.828,1.9472
2023-03-25 01:00:00,5.2258,134.328,6.1414
2023-03-25 02:00:00,5.2872,133.619,1.791
2023-03-25 03:00:00,5.256,135.263,2.3293
2023-03-25 04:00:00,5.1834,133.708,1.5637
2023-03-25 05:00:00,5.1291,131.756,1.2528
2023-03-25 06:00:00,5.3058,137.168,4.9074
2023-03-25 07:00:00,5.3191,133.798,2.3613
2023-03-25 08:00:00,5.4182,137.901,3.8805
2023-03-25 09:00:00,5.1462,133.765,0.5613
2023-03-25 10:00:00,4.9754,129.096,2.9485
2023-03-25 11:00:00,4.8664,127.572,2.9165
2023-03-25 12:00:00,4.7949,126.615,2.1814
2023-03-25 13:00:00,4.7254,127.268,3.7299
2023-03-25 14:00:00,4.5887,123.813,2.872
2023-03-25 15:00:00,4.5707,123.428,2.4528
2023-03-25 16:00:00,4.3534,118.482,1.5754
2023-03-25 17:00:00,4.4319,120.626,3.5752
2023-03-25 18:00:00,4.3837,117.484,2.2293
2023-03-25 19:00:00,4.4245,120.777,3.2604
2023-03-25 20:00:00,4.3398,117.579,0.6256
2023-03-25 21:00:00,4.3339,118.276,1.9062
2023-03-25 22:00:00,4.6532,122.359,4.3802
2023-03-25 23:00:00,4.9038,129.448,7.4284
2023-03-26 00:00:00,5.212,135.26,5.1819
2023-03-26 01:00:00,5.1302,131.91,3.4089
2023-03-26 02:00:00,5.2711,137.306,1.0045
2023-03-26 03:00:00,5.5419,139.437,8.3989
2023-03-26 04:00:00,5.606,142.024,4.7779
2023-03-26 05:00:00,5.5022,139.262,1.9515
2023-03-26 06:00:00,5.4628,139.174,0.7531
2023-03-26 07:00:00,5.5863,141.22,6.4612
2023-03-26 08:00:00,5.3769,138.467,2.4642
2023-03-26 09:00:00,5.6,141.631,6.2301
2023-03-26 10:00:00,5.5342,139.223,2.7702
2023-03-26 11:00:00,5.1151,132.208,2.1828
2023-03-26 12:00:00,5.0583,129.501,1.945
2023-03-26 13:00:00,5.057,131.942,4.5981
2023-03-26 14:00:00,4.876,128.198,1.4163
2023-03-26 15:00:00,4.723,124.063,1.3341
2023-03-26 16:00:00,4.6414,122.864,4.7736
2023-03-26 17:00:00,4.5901,121.178,3.5569
2023-03-26 18:00:00,4.5392,118.543,2.7133
2023-03-26 19:00:00,4.7033,123.637,4.7292
2023-03-26 20:00:00,4.8495,126.712,5.9742
2023-03-26 21:00:00,5.2946,134.599,9.94
2023-03-26 22:00:00,5.5269,140.918,8.6503
2023-03-26 23:00:00,5.3906,136.566,0.4001
2023-03-27 00:00:00,5.4544,139.508,2.3747
2023-03-27 01:00:00,5.6391,141.721,4.5239
2023-03-27 02:00:00,5.5849,140.004,1.7496
2023-03-27 03:00:00,5.37,137.094,0.463
2023-03-27 04:00:00,5.3866,138.61,1.0292
2023-03-27 05:00:00,5.5245,142.238,6.0859
2023-03-27 06:00:00,5.5131,139.113,3.172
2023-03-27 07:00:00,5.4376,137.915,2.1337
2023-03-27 08:00:00,5.1203,132.405,0.4392
2023-03-27 09:00:00,5.1221,132.381,0.6963
2023-03-27 10:00:00,5.1633,133.16,5.2122
2023-03-27 11:00:00,4.7733,125.066,0.2783
2023-03-27 12:00:00,4.6606,124.177,0.6102
2023-03-27 13:00:00,4.684,123.439,1.7669
2023-03-27 14:00:00,4.6908,124.944,5.9861
2023-03-27 15:00:00,4.6023,123.157,4.8723
2023-03-27 16:00:00,4.8622,127.126,4.6881
2023-03-27 17:00:00,4.4112,118.76,0.6282
2023-03-27 18:00:00,4.6367,122.107,5.9091
2023-03-27 19:00:00,4.6625,124.37,6.7526
2023-03-27 20:00:00,5.0891,132.112,5.1325
2023-03-27 21:00:00,4.8619,128.04,0.7923
2023-03-27 22:00:00,4.8008,126.148,0.9854
2023-03-27 23:00:00,4.9503,130.18,2.5998
2023-03-28 00:00:00,4.8167,127.593,1.8617
2023-03-28 01:00:00,4.976,130.894,2.9339
2023-03-28 02:00:00,5.1938,134.007,3.2728
2023-03-28 03:00:00,5.1438,132.91,2.2671
2023-03-28 04:00:00,5.4353,137.403,4.6988
2023-03-28 05:00:00,5.3573,137.298,1.3406
2023-03-28 06:00:00,5.1393,133.074,0.7133
2023-03-28 07:00:00,5.1212,133.233,0.9583
2023-03-28 08:00:00,5.1679,132.774,4.7886
2023-03-28 09:00:00,5.147,132.255,1.0206
2023-03-28 10:00:00,4.9564,129.292,3.41
2023-03-28 11:00:00,5.0213,129.888,4.3069
2023-03-28 12:00:00,5.1771,133.658,10.1157
2023-03-28 13:00:00,5.0854,132.936,0.1906
2023-03-28 14:00:00,5.0681,131.321,4.6949
2023-03-28 15:00:00,6.009,150.088,24.7422
2023-03-28 16:00:00,5.7084,143.019,1.6696
2023-03-28 17:00:00,5.3164,138.172,1.8214
2023-03-28 18:00:00,5.4984,137.739,4.9539
2023-03-28 19:00:00,5.0266,129.716,0.7951
2023-03-28 20:00:00,5.0065,128.671,1.3273
2023-03-28 21:00:00,5.0125,131.181,1.6917
2023-03-28 22:00:00,4.8586,124.789,1.6725
2023-03-28 23:00:00,4.9157,127.748,1.7693
2023-03-29 00:00:00,4.9205,127.668,0.4682
2023-03-29 01:00:00,4.9067,129.939,4.1792
2023-03-29 02:00:00,5.8074,143.971,18.3782
2023-03-29 03:00:00,5.8554,143.439,0.2259
2023-03-29 04:00:00,5.9428,146.407,5.7237
2023-03-29 05:00:00,5.9143,147.296,1.7977
2023-03-29 06:00:00,5.6727,144.558,1.3891
2023-03-29 07:00:00,5.7083,142.725,3.9992
2023-03-29 08:00:00,5.5184,139.476,2.7688
2023-03-29 09:00:00,5.3388,137.105,0.2401
2023-03-29 10:00:00,5.6562,141.651,10.7109
2023-03-29 11:00:00,5.4392,138.855,2.7434
2023-03-29 12:00:00,5.4202,137.127,3.2781
2023-03-29 13:00:00,5.296,135.657,4.485
2023-03-29 14:00:00,5.1341,129.852,1.6943
2023-03-29 15:00:00,5.0666,130.117,4.8829
2023-03-29 16:00:00,4.6753,125.975,0.9662
2023-03-29 17:00:00,4.6242,121.57,0.5446
2023-03-29 18:00:00,4.5444,123.469,2.4382
2023-03-29 19:00:00,4.3126,116.339,1.0566
2023-03-29 20:00:00,4.3893,117.796,0.7174
2023-03-29 21:00:00,4.467,122.625,1.0059
2023-03-29 22:00:00,4.3999,118.79,0.3955
2023-03-29 23:00:00,4.4533,121.935,2.5557
2023-03-30 00:00:00,4.6447,120.392,2.823
2023-03-30 01:00:00,4.9637,128.643,6.4006
2023-03-30 02:00:00,4.915,127.754,0.3946
2023-03-30 03:00:00,4.7758,125.528,0.0137
2023-03-30 04:00:00,5.247,131.517,8.2164
2023-03-30 05:00:00,5.2196,134.496,2.7602
2023-03-30 06:00:00,5.6073,141.371,8.3872
2023-03-30 07:00:00,5.4822,137.528,2.5368
2023-03-30 08:00:00,5.3836,136.528,0.7132
2023-03-30 09:00:00,5.8641,145.509,15.9037
2023-03-30 10:00:00,5.5419,140.352,0.7106
2023-03-30 11:00:00,5.4736,136.969,1.8387
2023-03-30 12:00:00,5.0479,130.851,1.0136
2023-03-30 13:00:00,4.9417,127.581,0.1095
2023-03-30 14:00:00,4.8554,125.427,4.4253
2023-03-30 15:00:00,4.6815,124.071,1.8326
2023-03-30 16:00:00,4.6272,124.607,2.8449
2023-03-30 17:00:00,4.6357,122.161,3.2006
2023-03-30 18:00:00,4.5395,122.433,3.0711
2023-03-30 19:00:00,4.6497,123.896,3.3067
2023-03-30 20:00:00,4.4318,119.074,2.2098
2023-03-30 21:00:00,4.7389,125.763,4.0718
2023-03-30 22:00:00,4.914,129.076,3.0604
2023-03-30 23:00:00,5.078,131.34,4.7055
2023-03-31 00:00:00,4.9436,130.277,0.6887
2023-03-31 01:00:00,5.2722,134.065,7.8791
2023-03-31 02:00:00,5.5533,141.734,6.3866
2023-03-31 03:00:00,5.6506,140.33,6.879
2023-03-31 04:00:00,5.6513,140.012,3.8407
2023-03-31 05:00:00,5.7296,142.991,2.9616
2023-03-31 06:00:00,5.7499,142.701,1.8234
2023-03-31 07:00:00,5.4387,140.462,1.8886
2023-03-31 08:00:00,5.4541,140.094,0.9357
2023-03-31 09:00:00,5.4425,135.923,4.8353
2023-03-31 10:00:00,5.6652,140.407,7.9431
2023-03-31 11:00:00,5.2525,134.316,0.1032
2023-03-31 12:00:00,5.1709,132.762,3.5237
2023-03-31 13:00:00,4.9112,131.009,0.7922
2023-03-31 14:00:00,4.677,125.074,0.6424
2023-03-31 15:00:00,4.5926,121.939,3.2408
2023-03-31 16:00:00,4.4321,119.791,1.0781
2023-03-31 17:00:00,4.8089,128.288,6.3875
2023-03-31 18:00:00,4.4944,119.025,0.4081
2023-03-31 19:00:00,4.3474,120.387,0.5386
2023-03-31 20:00:00,4.4614,120.32,3.6735
2023-03-31 21:00:00,4.5572,122.359,1.6045
2023-03-31 22:00:00,4.4023,119.386,0.6896
2023-03-31 23:00:00,4.5215,122.496,1.2458
2023-04-01 00:00:00,4.6597,125.6,2.0291
2023-04-01 01:00:00,4.6761,122.451,0.7587
2023-04-01 02:00:00,4.898,127.603,3.353
2023-04-01 03:00:00,4.8923,128.652,0.3836
2023-04-01 04:00:00,4.8819,128.197,2.0085
2023-04-01 05:00:00,5.3793,138.798,11.3234
2023-04-01 06:00:00,5.6591,144.165,8.3764
2023-04-01 07:00:00,5.7297,143.169,2.6081
2023-04-01 08:00:00,5.7129,145.015,3.6966
2023-04-01 09:00:00,5.5479,139.11,0.1957
2023-04-01 10:00:00,5.1102,133.874,0.445
2023-04-01 11:00:00,5.0405,130.992,0.9979
2023-04-01 12:00:00,4.8871,128.325,1.6102
2023-04-01 13:00:00,4.7104,126.155,1.4419
2023-04-01 14:00:00,4.6727,124.98,4.3057
2023-04-01 15:00:00,5.1447,133.554,13.5505
2023-04-01 16:00:00,5.2165,133.504,7.0263
2023-04-01 17:00:00,5.2984,135.269,4.2096
2023-04-01 18:00:00,5.0965,129.048,1.4101
2023-04-01 19:00:00,4.7665,125.604,1.5399
2023-04-01 20:00:00,5.1155,133.343,7.4832
2023-04-01 21:00:00,4.9528,126.988,0.1872
2023-04-01 22:00:00,5.0281,130.558,5.065
2023-04-01 23:00:00,5.1332,132.076,1.6484
2023-04-02 00:00:00,5.1844,132.249,0.5741
2023-04-02 01:00:00,5.0776,131.945,1.2431
2023-04-02 02:00:00,5.3234,136.22,4.5418
2023-04-02 03:00:00,5.3721,137.351,2.9792
2023-04-02 04:00:00,5.3398,137.815,0.3078
2023-04-02 05:00:00,5.5099,138.368,4.5868
2023-04-02 06:00:00,5.2171,135.042,0.9023
2023-04-02 07:00:00,5.5091,139.336,4.1232
2023-04-02 08:00:00,5.3571,135.387,4.955
2023-04-02 09:00:00,5.5333,138.18,6.5483
2023-04-02 10:00:00,5.2568,135.885,1.6966
2023-04-02 11:00:00,5.3712,135.109,4.1134
2023-04-02 12:00:00,5.0502,131.16,1.8391
2023-04-02 13:00:00,5.3029,134.253,7.5237
2023-04-02 14:00:00,5.4002,137.708,7.0241
2023-04-02 15:00:00,5.502,138.88,9.2763
2023-04-02 16:00:00,5.344,135.945,2.4342
2023-04-02 17:00:00,5.1631,132.302,2.3723
2023-04-02 18:00:00,5.016,131.524,3.7738
2023-04-02 19:00:00,4.982,131.174,3.1897
2023-04-02 20:00:00,4.9049,127.332,0.8152
2023-04-02 21:00:00,4.7776,126.567,0.582
2023-04-02 22:00:00,5.0675,131.598,3.009
2023-04-02 23:00:00,4.9174,128.095,2.4611
2023-04-03 00:00:00,5.0065,128.873,1.4752
2023-04-03 01:00:00,5.1738,131.958,5.9732
2023-04-03 02:00:00,5.1876,133.145,1.3004
2023-04-03 03:00:00,5.5163,139.698,5.696
2023-04-03 04:00:00,5.5641,140.019,4.7113
2023-04-03 05:00:00,5.6169,140.97,3.2549
2023-04-03 06:00:00,5.7332,144.412,4.8096
2023-04-03 07:00:00,5.5674,142.655,1.8534
2023-04-03 08:00:00,5.4394,138.831,4.4068
2023-04-03 09:00:00,5.4211,137.903,2.3323
2023-04-03 10:00:00,5.5005,137.785,7.8509
2023-04-03 11:00:00,5.3641,138.231,0.6527
2023-04-03 12:00:00,5.2035,134.414,4.505
2023-04-03 13:00:00,4.9945,131.255,0.2821
2023-04-03 14:00:00,5.1896,133.628,6.1006
2023-04-03 15:00:00,4.905,129.194,0.4753
2023-04-03 16:00:00,5.0125,129.057,9.1165
2023-04-03 17:00:00,5.0681,130.245,3.6257
2023-04-03 18:00:00,4.7188,124.237,0.0947
2023-04-03 19:00:00,4.8135,128.989,3.4187
2023-04-03 20:00:00,4.7684,125.26,4.0181
2023-04-03 21:00:00,4.7841,125.509,1.8718
2023-04-03 22:00:00,5.3544,136.144,11.7115
2023-04-03 23:00:00,5.5279,139.354,4.8284
2023-04-04 00:00:00,5.3818,137.709,0.2663
2023-04-04 01:00:00,5.7668,142.755,8.6448
2023-04-04 02:00:00,5.7892,143.374,2.7308
2023-04-04 03:00:00,5.6675,142.035,1.1503
2023-04-04 04:00:00,5.5664,138.722,1.6061
2023-04-04 05:00:00,5.5268,139.868,1.5927
2023-04-04 06:00:00,5.4447,137.816,1.5855
2023-04-04 07:00:00,5.5134,135.14,3.0721
2023-04-04 08:00:00,5.308,136.31,0.8999
2023-04-04 09:00:00,5.1631,133.328,3.2813
2023-04-04 10:00:00,5.0881,132.798,2.0591
2023-04-04 11:00:00,5.0161,131.701,1.6423
2023-04-04 12:00:00,5.2954,137.269,11.6717
2023-04-04 13:00:00,5.2334,133.967,1.5676
2023-04-04 14:00:00,5.0842,131.879,5.4538
2023-04-04 15:00:00,5.2441,132.504,8.7257
2023-04-04 16:00:00,5.1082,131.382,2.3415
2023-04-04 17:00:00,4.9896,130.625,0.9218
2023-04-04 18:00:00,5.5768,141.94,16.9535
2023-04-04 19:00:00,5.4641,137.878,1.6323
2023-04-04 20:00:00,5.5141,138.775,6.2895
2023-04-04 21:00:00,5.2224,134.544,0.2964
2023-04-04 22:00:00,5.5234,140.503,5.8883
2023-04-04 23:00:00,5.4879,139.602,0.0303
2023-04-05 00:00:00,5.2797,135.254,1.0406
2023-04-05 01:00:00,5.372,136.57,2.3772
2023-04-05 02:00:00,5.4029,138.511,1.3616
2023-04-05 03:00:00,5.4853,137.035,5.1383
2023-04-05 04:00:00,5.6246,141.144,3.3216
2023-04-05 05:00:00,5.5647,139.431,4.7441
2023-04-05 06:00:00,5.8125,142.864,5.8899
2023-04-05 07:00:00,5.7785,142.371,5.285
2023-04-05 08:00:00,5.8028,145.161,3.4935
2023-04-05 09:00:00,5.6514,144.149,3.1825
2023-04-05 10:00:00,5.4797,138.684,0.7679
2023-04-05 11:00:00,5.4399,138.571,8.5867
2023-04-05 12:00:00,5.6247,142.78,6.0959
2023-04-05 13:00:00,5.3063,135.857,3.1751
2023-04-05 14:00:00,5.0188,128.711,1.1653
2023-04-05 15:00:00,5.0343,130.804,3.4947
2023-04-05 16:00:00,5.0204,130.52,4.6224
2023-04-05 17:00:00,5.1535,130.988,8.7249
2023-04-05 18:00:00,4.9456,129.921,1.2427
2023-04-05 19:00:00,5.2605,134.295,9.4886
2023-04-05 20:00:00,5.2018,133.598,1.1144
2023-04-05 21:00:00,5.1286,132.484,3.3097
2023-04-05 22:00:00,5.2292,132.645,3.1617
2023-04-05 23:00:00,5.1609,134.157,1.551
2023-04-06 00:00:00,5.2575,135.372,4.6655
2023-04-06 01:00:00,5.6244,142.869,5.9319
2023-04-06 02:00:00,5.5062,138.925,0.4197
2023-04-06 03:00:00,5.4846,139.356,3.7076
2023-04-06 04:00:00,5.6322,143.444,3.3263
2023-04-06 05:00:00,5.8264,145.251,5.8051
2023-04-06 06:00:00,5.7958,143.565,2.1807
2023-04-06 07:00:00,5.4988,138.876,0.1324
2023-04-06 08:00:00,5.3538,138.584,2.2724
2023-04-06 09:00:00,5.5643,140.786,7.6605
2023-04-06 10:00:00,5.2799,134.152,2.01
2023-04-06 11:00:00,5.3183,136.861,2.6851
2023-04-06 12:00:00,5.0216,131.031,1.9377
2023-04-06 13:00:00,5.2139,134.848,5.943
2023-04-06 14:00:00,5.1826,132.014,5.6165
2023-04-06 15:00:00,5.0281,131.521,3.5544
2023-04-06 16:00:00,4.8543,126.685,1.509
2023-04-06 17:00:00,4.6737,124.527,2.4011
2023-04-06 18:00:00,4.7139,125.371,0.9093
2023-04-06 19:00:00,4.7413,125.425,2.7149
2023-04-06 20:00:00,4.5577,121.971,0.1256
2023-04-06 21:00:00,4.7588,126.727,5.4388
2023-04-06 22:00:00,4.9403,130.534,8.0627
2023-04-06 23:00:00,5.1484,132.52,1.9916
2023-04-07 00:00:00,5.178,133.098,1.15
2023-04-07 01:00:00,4.9916,128.218,0.7028
2023-04-07 02:00:00,5.2998,136.686,7.0393
2023-04-07 03:00:00,5.2949,134.573,0.3322
2023-04-07 04:00:00,5.1338,132.084,0.871
2023-04-07 05:00:00,5.2594,133.79,0.1114
2023-04-07 06:00:00,5.0859,132.953,3.2037
2023-04-07 07:00:00,5.2884,136.108,0.6559
2023-04-07 08:00:00,5.1434,133.354,1.3318
2023-04-07 09:00:00,5.0473,129.405,2.1111
2023-04-07 10:00:00,5.0308,131.193,2.1297
2023-04-07 11:00:00,5.1453,133.082,6.2322
2023-04-07 12:00:00,5.0172,130.62,4.0087
2023-04-07 13:00:00,5.1522,131.795,7.8428
2023-04-07 14:00:00,5.4544,139.716,9.7104
2023-04-07 15:00:00,5.1657,133.711,0.5465
2023-04-07 16:00:00,5.1262,133.642,5.8993
2023-04-07 17:00:00,5.2854,134.621,6.6689
2023-04-07 18:00:00,5.0653,131.489,0.5329
2023-04-07 19:00:00,4.9124,127.847,2.3237
2023-04-07 20:00:00,4.9522,128.555,2.7837
2023-04-07 21:00:00,4.7958,127.871,0.0383
2023-04-07 22:00:00,4.6868,126.712,0.099
2023-04-07 23:00:00,4.8497,128.228,3.3294
2023-04-08 00:00:00,5.1744,134.79,5.0129
2023-04-08 01:00:00,5.1758,132.952,2.9293
2023-04-08 02:00:00,5.2608,136.391,1.8358
2023-04-08 03:00:00,5.3679,134.444,3.8149
2023-04-08 04:00:00,5.4914,140.541,2.8211
2023-04-08 05:00:00,5.3415,137.52,1.5135
2023-04-08 06:00:00,5.4978,138.394,4.0276
2023-04-08 07:00:00,5.7223,144.031,8.2114
2023-04-08 08:00:00,5.7233,144.501,4.9116
2023-04-08 09:00:00,5.4432,136.725,0.2069
2023-04-08 10:00:00,5.3433,137.192,2.1195
2023-04-08 11:00:00,5.1983,133.851,1.7155
2023-04-08 12:00:00,4.8337,127.641,0.3223
2023-04-08 13:00:00,4.6864,124.184,0.2814
2023-04-08 14:00:00,4.4681,121.524,1.044
2023-04-08 15:00:00,4.4773,121.33,1.0112
2023-04-08 16:00:00,4.2379,117.353,0.9781
2023-04-08 17:00:00,4.2716,116.308,2.1163
2023-04-08 18:00:00,4.334,116.428,2.9776
2023-04-08 19:00:00,4.2628,117.032,1.9634
2023-04-08 20:00:00,4.6611,123.625,7.2244
2023-04-08 21:00:00,4.8261,129.948,5.716
2023-04-08 22:00:00,4.9633,129.768,2.894
2023-04-08 23:00:00,4.8256,127.402,0.044
2023-04-09 00:00:00,5.183,133.561,5.5583
2023-04-09 01:00:00,5.5383,138.259,9.7104
2023-04-09 02:00:00,5.5184,140.759,1.4664
2023-04-09 03:00:00,5.6429,144.459,4.2963
2023-04-09 04:00:00,5.5175,139.734,1.15
2023-04-09 05:00:00,5.6097,139.219,2.4229
2023-04-09 06:00:00,5.3843,136.928,0.3137
2023-04-09 07:00:00,5.4037,136.738,1.3547
2023-04-09 08:00:00,5.2077,132.764,0.3829
2023-04-09 09:00:00,5.3692,138.411,4.3799
2023-04-09 10:00:00,5.1682,134.031,4.3231
2023-04-09 11:00:00,5.212,136.111,4.0277
2023-04-09 12:00:00,5.1204,131.93,3.396
2023-04-09 13:00:00,4.9692,129.833,2.1651
2023-04-09 14:00:00,4.7837,125.659,1.375
2023-04-09 15:00:00,4.6009,122.285,0.3362
2023-04-09 16:00:00,4.6292,123.64,3.7636
2023-04-09 17:00:00,4.9084,129.417,7.0296
2023-04-09 18:00:00,5.1098,133.885,10.3157
2023-04-09 19:00:00,5.1603,132.335,4.2292
2023-04-09 20:00:00,5.8571,144.259,17.6605
2023-04-09 21:00:00,6.0093,148.632,7.8798
2023-04-09 22:00:00,5.8266,145.512,1.735
2023-04-09 23:00:00,5.7061,143.317,1.6815
2023-04-10 00:00:00,5.7092,143.488,2.2992
2023-04-10 01:00:00,5.8692,144.935,3.7294
2023-04-10 02:00:00,5.753,143.59,0.497
2023-04-10 03:00:00,5.4677,137.318,1.0029
2023-04-10 04:00:00,5.5327,138.392,1.7301
2023-04-10 05:00:00,5.4569,136.554,1.9125
2023-04-10 06:00:00,5.336,135.65,0.603
2023-04-10 07:00:00,5.4913,138.517,3.9237
2023-04-10 08:00:00,5.4674,137.789,4.5152
2023-04-10 09:00:00,5.2374,134.709,0.9296
2023-04-10 10:00:00,5.2342,134.505,2.6545
2023-04-10 11:00:00,5.0536,130.339,0.9442
2023-04-10 12:00:00,4.7324,124.344,1.4517
2023-04-10 13:00:00,4.7568,125.739,2.8564
2023-04-10 14:00:00,4.5967,123.566,0.1915
2023-04-10 15:00:00,4.4289,117.667,3.0441
2023-04-10 16:00:00,4.324,120.118,1.74
2023-04-10 17:00:00,4.3903,118.549,0.4796
2023-04-10 18:00:00,4.4864,119.553,2.1527
2023-04-10 19:00:00,4.6103,122.658,6.1616
2023-04-10 20:00:00,4.4527,120.819,0.8915
2023-04-10 21:00:00,4.5408,120.079,1.196
2023-04-10 22:00:00,4.6571,123.904,2.2748
2023-04-10 23:00:00,4.7381,124.182,3.8837
2023-04-11 00:00:00,4.9016,128.387,0.9094
2023-04-11 01:00:00,4.7836,125.567,1.8718
2023-04-11 02:00:00,4.7824,127.455,2.0069
2023-04-11 03:00:00,5.4122,137.223,8.1961
2023-04-11 04:00:00,5.2863,135.284,1.3345
2023-04-11 05:00:00,5.3118,136.889,2.3303
2023-04-11 06:00:00,5.2643,136.232,0.7209
2023-04-11 07:00:00,5.3423,135.941,5.283
2023-04-11 08:00:00,5.1991,131.933,0.6888
2023-04-11 09:00:00,5.1388,133.162,2.6972
2023-04-11 10:00:00,5.0459,130.501,3.7827
2023-04-11 11:00:00,5.1476,132.891,5.5969
2023-04-11 12:00:00,4.9789,129.495,2.0108
2023-04-11 13:00:00,4.9506,129.506,1.1112
2023-04-11 14:00:00,4.6228,123.039,0.6778
2023-04-11 15:00:00,4.5534,121.097,2.0566
2023-04-11 16:00:00,4.4688,121.739,4.3056
2023-04-11 17:00:00,4.4608,119.298,0.6394
2023-04-11 18:00:00,4.5707,121.467,2.2083
2023-04-11 19:00:00,4.3816,120.161,1.2891
2023-04-11 20:00:00,4.4111,119.502,4.5544
2023-04-11 21:00:00,4.7427,126.582,5.9803
2023-04-11 22:00:00,4.8004,127.351,0.2041
2023-04-11 23:00:00,5.0175,131.769,4.7645
2023-04-12 00:00:00,5.939,145.008,21.9969
2023-04-12 01:00:00,6.233,152.315,6.5993
2023-04-12 02:00:00,6.2655,152.952,3.885
2023-04-12 03:00:00,6.1518,150.24,3.3587
2023-04-12 04:00:00,6.2213,153.171,4.2078
2023-04-12 05:00:00,6.015,148.617,1.9421
2023-04-12 06:00:00,5.9627,148.472,0.548
2023-04-12 07:00:00,5.9557,146.32,4.9122
2023-04-12 08:00:00,5.8468,144.952,1.5872
2023-04-12 09:00:00,5.7731,145.391,6.7567
2023-04-12 10:00:00,5.6612,143.665,1.2706
2023-04-12 11:00:00,5.4587,137.748,3.4509
2023-04-12 12:00:00,5.4153,137.686,2.7895
2023-04-12 13:00:00,5.4269,138.197,7.0947
2023-04-12 14:00:00,5.3767,133.61,3.2219
2023-04-12 15:00:00,5.2763,136.386,4.3375
2023-04-12 16:00:00,5.2393,131.77,5.0962
2023-04-12 17:00:00,5.1938,134.116,4.8293
2023-04-12 18:00:00,4.9996,130.75,2.2661
2023-04-12 19:00:00,4.9046,129.22,0.1736
2023-04-12 20:00:00,4.9272,130.59,2.6674
2023-04-12 21:00:00,4.8666,125.727,3.8832
2023-04-12 22:00:00,5.0224,130.303,2.0301
2023-04-12 23:00:00,5.0049,129.532,1.4685
2023-04-13 00:00:00,5.1158,129.069,2.869
2023-04-13 01:00:00,5.4037,139.022,5.6057
2023-04-13 02:00:00,5.3334,136.094,0.487
2023-04-13 03:00:00,5.394,137.652,1.1734
2023-04-13 04:00:00,5.1272,131.29,0.176
2023-04-13 05:00:00,5.1104,130.625,0.384
2023-04-13 06:00:00,5.1949,133.634,0.1666
2023-04-13 07:00:00,5.3,135.723,6.6058
2023-04-13 08:00:00,5.5012,138.054,8.1557
2023-04-13 09:00:00,5.51,139.743,1.8987
2023-04-13 10:00:00,5.2678,136.068,2.8928
2023-04-13 11:00:00,5.1645,133.135,0.101
2023-04-13 12:00:00,5.1012,131.439,3.0186
2023-04-13 13:00:00,4.9622,129.398,0.7906
2023-04-13 14:00:00,4.5627,120.948,1.271
2023-04-13 15:00:00,5.2648,134.86,14.001
2023-04-13 16:00:00,5.2808,136.453,6.8145
2023-04-13 17:00:00,5.1765,135.628,2.7386
2023-04-13 18:00:00,4.9494,129.85,1.2683
2023-04-13 19:00:00,4.7174,125.26,0.1527
2023-04-13 20:00:00,4.9765,129.098,9.0084
2023-04-13 21:00:00,5.0058,129.661,0.9328
2023-04-13 22:00:00,5.269,134.333,4.9805
2023-04-13 23:00:00,5.1177,132.456,0.4772
2023-04-14 00:00:00,5.1745,132.009,1.051
2023-04-14 01:00:00,5.4815,139.417,7.2235
2023-04-14 02:00:00,5.3905,135.234,0.7779
2023-04-14 03:00:00,5.5629,141.814,1.9442
2023-04-14 04:00:00,5.7883,142.201,8.0636
2023-04-14 05:00:00,5.6258,141.175,2.3201
2023-04-14 06:00:00,6.3165,151.933,9.6043
2023-04-14 07:00:00,6.0518,147.208,3.0005
2023-04-14 08:00:00,6.0687,150.619,7.8378
2023-04-14 09:00:00,5.9444,145.656,3.9584
2023-04-14 10:00:00,5.951,147.714,5.6672
2023-04-14 11:00:00,5.607,140.105,1.0085
2023-04-14 12:00:00,5.3932,136.002,1.3077
2023-04-14 13:00:00,5.2148,132.743,2.1737
2023-04-14 14:00:00,5.0611,130.542,4.8534
2023-04-14 15:00:00,4.8902,128.831,0.7255
2023-04-14 16:00:00,4.6615,124.821,0.6999
2023-04-14 17:00:00,4.5224,122.361,1.1868
2023-04-14 18:00:00,4.5271,123.811,3.209
2023-04-14 19:00:00,4.5337,121.412,1.9908
2023-04-14 20:00:00,4.8334,126.959,5.6378
2023-04-14 21:00:00,4.7783,126.962,0.3087
2023-04-14 22:00:00,4.8314,128.536,2.1814
2023-04-14 23:00:00,4.8525,127.813,1.049
2023-04-15 00:00:00,4.7857,126.465,0.6642
2023-04-15 01:00:00,4.8924,128.285,2.2116
2023-04-15 02:00:00,4.8713,125.788,1.4332
2023-04-15 03:00:00,5.1733,133.115,2.8926
2023-04-15 04:00:00,5.1734,134.316,1.1861
2023-04-15 05:00:00,5.2754,134.78,6.0202
2023-04-15 06:00:00,5.3379,135.595,1.2219
2023-04-15 07:00:00,5.4901,139.812,5.4323
2023-04-15 08:00:00,5.2601,136.385,0.4693
2023-04-15 09:00:00,5.2543,133.462,5.2482
2023-04-15 10:00:00,5.3667,136.527,4.7011
2023-04-15 11:00:00,5.2407,135.796,0.9785
2023-04-15 12:00:00,4.993,130.342,0.8173
2023-04-15 13:00:00,4.617,122.251,0.3847
2023-04-15 14:00:00,4.6571,125.026,1.836
2023-04-15 15:00:00,4.6164,124.065,1.3388
2023-04-15 16:00:00,4.3481,120.371,1.3539
2023-04-15 17:00:00,4.5357,118.103,4.5979
2023-04-15 18:00:00,4.5479,119.083,1.7602
2023-04-15 19:00:00,4.3016,116.657,0.3794
2023-04-15 20:00:00,4.4646,120.554,3.1736
2023-04-15 21:00:00,4.4965,122.292,3.1026
2023-04-15 22:00:00,4.7175,126.819,3.7384
2023-04-15 23:00:00,4.7508,127.2,0.157
2023-04-16 00:00:00,4.8458,126.392,1.2554
2023-04-16 01:00:00,4.8583,128.631,1.6654
2023-04-16 02:00:00,4.9428,130.226,1.4154
2023-04-16 03:00:00,5.1027,131.419,3.6227
2023-04-16 04:00:00,5.577,139.011,9.4452
2023-04-16 05:00:00,5.4988,139.495,1.0026
2023-04-16 06:00:00,5.2643,134.076,0.4075
2023-04-16 07:00:00,5.2172,131.424,2.4187
2023-04-16 08:00:00,5.2432,134.969,0.5092
2023-04-16 09:00:00,5.0646,132.005,1.4354
2023-04-16 10:00:00,4.9878,130.38,0.4155
2023-04-16 11:00:00,4.7236,126.607,0.3717
2023-04-16 12:00:00,4.5218,120.9,0.5166
2023-04-16 13:00:00,4.6154,124.708,1.3463
2023-04-16 14:00:00,4.1532,115.048,0.9293
2023-04-16 15:00:00,4.3324,117.713,1.6051
2023-04-16 16:00:00,4.2229,115.262,1.1115
2023-04-16 17:00:00,4.2659,116.859,3.2874
2023-04-16 18:00:00,4.2172,116.349,0.4451
2023-04-16 19:00:00,4.1812,116.017,0.9035
2023-04-16 20:00:00,4.4264,120.255,5.6424
2023-04-16 21:00:00,4.4944,120.991,1.6015
2023-04-16 22:00:00,4.4177,119.427,0.2703
2023-04-16 23:00:00,4.4034,118.415,1.1872
2023-04-17 00:00:00,4.5165,121.907,0.815
2023-04-17 01:00:00,4.9991,127.466,4.7381
2023-04-17 02:00:00,5.1163,130.17,6.1382
2023-04-17 03:00:00,5.2475,134.568,2.0711
2023-04-17 04:00:00,5.2618,134.484,1.4128
2023-04-17 05:00:00,5.3844,137.623,3.0656
2023-04-17 06:00:00,5.3742,136.415,2.4709
2023-04-17 07:00:00,5.2334,134.102,1.1743
2023-04-17 08:00:00,5.3147,135.115,4.9494
2023-04-17 09:00:00,5.2913,135.486,0.9318
2023-04-17 10:00:00,5.1027,132.277,0.638
2023-04-17 11:00:00,4.9391,129.344,1.7368
2023-04-17 12:00:00,4.7444,123.913,1.9302
2023-04-17 13:00:00,4.7157,124.485,1.7569
2023-04-17 14:00:00,4.7373,124.904,3.909
2023-04-17 15:00:00,4.7847,126.294,5.1853
2023-04-17 16:00:00,4.6391,121.748,0.3689
2023-04-17 17:00:00,4.4222,120.693,0.0035
2023-04-17 18:00:00,4.2638,115.057,0.7172
2023-04-17 19:00:00,4.2155,116.015,1.4941
2023-04-17 20:00:00,4.2707,116.562,0.4206
2023-04-17 21:00:00,4.3232,118.995,1.0005
2023-04-17 22:00:00,4.3192,120.118,0.4986
2023-04-17 23:00:00,4.378,117.66,1.0824
2023-04-18 00:00:00,4.5334,121.484,1.5036
2023-04-18 01:00:00,4.8791,125.119,6.7398
2023-04-18 02:00:00,5.0112,130.106,1.8368
2023-04-18 03:00:00,5.1153,133.867,0.828
2023-04-18 04:00:00,5.1544,132.401,1.2834
2023-04-18 05:00:00,4.9471,128.618,0.7793
2023-04-18 06:00:00,4.9773,129.172,1.2757
2023-04-18 07:00:00,5.1703,131.41,5.3259
2023-04-18 08:00:00,5.0781,131.124,0.4383
2023-04-18 09:00:00,5.0528,130.468,0.5197
2023-04-18 10:00:00,4.7236,127.152,0.8909
2023-04-18 11:00:00,4.8907,128.321,4.6601
2023-04-18 12:00:00,4.7328,124.143,3.3745
2023-04-18 13:00:00,4.7646,124.429,0.1361
2023-04-18 14:00:00,4.3431,119.091,0.911
2023-04-18 15:00:00,4.182,114.244,0.6584
2023-04-18 16:00:00,4.1346,116.624,0.0713
2023-04-18 17:00:00,4.1953,113.667,2.5175
2023-04-18 18:00:00,4.2698,116.483,5.0189
2023-04-18 19:00:00,4.3317,119.728,1.7006
2023-04-18 20:00:00,4.7515,125.106,6.6994
2023-04-18 21:00:00,4.6254,121.477,0.9262
2023-04-18 22:00:00,4.7981,125.599,3.8572
2023-04-18 23:00:00,4.6706,124.651,0.0531
2023-04-19 00:00:00,4.8833,126.095,0.2618
2023-04-19 01:00:00,4.7911,126.784,0.2255
2023-04-19 02:00:00,4.7976,125.267,1.5872
2023-04-19 03:00:00,4.7888,126.828,0.0711
2023-04-19 04:00:00,5.0916,132.786,3.0568
2023-04-19 05:00:00,4.9213,128.354,0.9551
2023-04-19 06:00:00,5.107,131.045,1.6979
2023-04-19 07:00:00,5.0652,132.21,0.9415
2023-04-19 08:00:00,5.2073,132.288,4.795
2023-04-19 09:00:00,5.2635,133.937,6.1715
2023-04-19 10:00:00,5.66,141.37,9.6214
2023-04-19 11:00:00,5.7009,142.42,6.5195
2023-04-19 12:00:00,5.4568,138.615,0.8794
2023-04-19 13:00:00,5.3594,136.878,3.0082
2023-04-19 14:00:00,4.9824,129.919,1.7597
2023-04-19 15:00:00,4.9963,129.101,2.5372
2023-04-19 16:00:00,4.9285,129.49,5.1151
2023-04-19 17:00:00,4.8422,124.702,1.524
2023-04-19 18:00:00,4.539,122.539,0.3787
2023-04-19 19:00:00,4.8319,126.256,5.2959
2023-04-19 20:00:00,4.7705,126.877,1.487
2023-04-19 21:00:00,5.1372,132.882,9.4403
2023-04-19 22:00:00,5.4161,136.941,4.4311
2023-04-19 23:00:00,5.19,132.521,0.5303
2023-04-20 00:00:00,5.2129,133.005,1.3204
2023-04-20 01:00:00,5.1378,131.42,0.079
2023-04-20 02:00:00,5.3296,135.493,4.0338
2023-04-20 03:00:00,5.1432,133.22,2.0395
2023-04-20 04:00:00,5.6051,137.853,5.1462
2023-04-20 05:00:00,5.296,133.272,1.2474
2023-04-20 06:00:00,5.5243,139.006,3.7519
2023-04-20 07:00:00,5.504,139.204,1.1103
2023-04-20 08:00:00,5.5867,141.787,4.2224
2023-04-20 09:00:00,5.2027,131.652,0.4004
2023-04-20 10:00:00,5.4197,138.294,1.7617
2023-04-20 11:00:00,4.8801,127.772,0.284
2023-04-20 12:00:00,4.8384,127.739,0.4809
2023-04-20 13:00:00,4.6183,124.183,1.2769
2023-04-20 14:00:00,4.4873,122.526,1.098
2023-04-20 15:00:00,4.5567,119.929,1.6827
2023-04-20 16:00:00,4.316,117.998,0.3477
2023-04-20 17:00:00,4.2932,117.282,4.0136
2023-04-20 18:00:00,4.3373,118.357,3.7883
2023-04-20 19:00:00,4.4235,120.775,0.9382
2023-04-20 20:00:00,4.4761,120.842,0.3656
2023-04-20 21:00:00,4.6069,122.112,6.3742
2023-04-20 22:00:00,4.6818,124.181,1.8259
2023-04-20 23:00:00,4.6555,125.375,2.0016
2023-04-21 00:00:00,4.8233,125.327,1.087
2023-04-21 01:00:00,4.9215,127.628,3.1164
2023-04-21 02:00:00,5.0738,132.959,0.3555
2023-04-21 03:00:00,5.0257,129.606,1.1218
2023-04-21 04:00:00,5.2193,131.732,3.4828
2023-04-21 05:00:00,5.2965,135.359,3.0732
2023-04-21 06:00:00,5.2048,132.246,0.1014
2023-04-21 07:00:00,5.3705,138.202,3.4498
2023-04-21 08:00:00,5.1166,133.728,0.309
2023-04-21 09:00:00,4.8486,127.769,0.4013
2023-04-21 10:00:00,4.7929,126.331,0.5379
2023-04-21 11:00:00,4.4974,122.844,0.2694
2023-04-21 12:00:00,4.7168,125.314,5.0208
2023-04-21 13:00:00,4.5188,121.996,1.2663
2023-04-21 14:00:00,4.615,121.718,3.3528
2023-04-21 15:00:00,4.4436,121.05,0.1767
2023-04-21 16:00:00,4.4868,121.018,2.9613
2023-04-21 17:00:00,4.3166,117.894,1.0211
2023-04-21 18:00:00,4.4011,119.25,3.9625
2023-04-21 19:00:00,4.3541,118.176,1.1367
2023-04-21 20:00:00,4.7035,123.824,6.1827
2023-04-21 21:00:00,4.6683,123.85,0.8832
2023-04-21 22:00:00,4.9432,128.874,4.7287
2023-04-21 23:00:00,4.8511,128.232,1.7652
2023-04-22 00:00:00,5.0154,131.868,1.6914
2023-04-22 01:00:00,5.0645,130.062,0.7089
2023-04-22 02:00:00,5.042,130.971,3.1356
2023-04-22 03:00:00,5.1406,130.768,2.4834
2023-04-22 04:00:00,5.1695,132.833,0.898
2023-04-22 05:00:00,5.2242,131.535,0.1456
2023-04-22 06:00:00,5.004,131.067,1.1864
2023-04-22 07:00:00,5.1474,129.764,0.9996
2023-04-22 08:00:00,5.0775,132.077,2.0726
2023-04-22 09:00:00,4.8585,127.409,3.0352
2023-04-22 10:00:00,5.389,136.862,11.1473
2023-04-22 11:00:00,5.4248,136.69,2.1453
2023-04-22 12:00:00,5.2874,135.454,2.8041
2023-04-22 13:00:00,4.9564,129.425,1.419
2023-04-22 14:00:00,4.8286,126.089,3.2145
2023-04-22 15:00:00,4.7636,125.997,1.3073
2023-04-22 16:00:00,4.7463,128.133,4.4438
2023-04-22 17:00:00,4.637,121.964,0.5018
2023-04-22 18:00:00,4.7692,125.075,7.3215
2023-04-22 19:00:00,4.9122,129.15,3.17
2023-04-22 20:00:00,4.9845,128.959,4.8705
2023-04-22 21:00:00,4.9802,130.505,1.5224
2023-04-22 22:00:00,5.359,136.133,8.4582
2023-04-22 23:00:00,5.3833,136.784,2.3391
2023-04-23 00:00:00,5.3908,137.672,0.1986
2023-04-23 01:00:00,5.3728,134.827,2.9057
2023-04-23 02:00:00,5.2814,135.181,0.2829
2023-04-23 03:00:00,5.3998,139.551,2.5296
2023-04-23 04:00:00,5.2848,133.308,3.949
2023-04-23 05:00:00,5.588,142.562,1.8186
2023-04-23 06:00:00,5.2741,135.632,0.541
2023-04-23 07:00:00,5.3784,136.183,1.4647
2023-04-23 08:00:00,5.1794,134.574,1.0032
2023-04-23 09:00:00,5.0908,133.072,1.0303
2023-04-23 10:00:00,5.0063,130.007,4.5607
2023-04-23 11:00:00,5.1336,131.891,4.514
2023-04-23 12:00:00,5.014,130.036,2.4599
2023-04-23 13:00:00,4.9868,127.963,2.4277
2023-04-23 14:00:00,4.859,128.047,3.4501
2023-04-23 15:00:00,4.9647,129.153,4.1634
2023-04-23 16:00:00,4.6035,122.244,0.0971
2023-04-23 17:00:00,4.6691,124.783,1.5027
2023-04-23 18:00:00,4.4859,120.758,0.4156
2023-04-23 19:00:00,4.3949,120.504,0.8541
2023-04-23 20:00:00,4.4476,121.367,0.9284
2023-04-23 21:00:00,4.4529,120.291,1.7182
2023-04-23 22:00:00,4.3098,116.675,0.1549
2023-04-23 23:00:00,4.4451,119.92,0.0556
2023-04-24 00:00:00,4.4703,119.462,0.1782
2023-04-24 01:00:00,4.551,123.204,1.5639
2023-04-24 02:00:00,4.934,130.846,3.5905
2023-04-24 03:00:00,4.899,128.465,0.5454
2023-04-24 04:00:00,4.956,128.984,1.1782
2023-04-24 05:00:00,5.222,133.137,3.9843
2023-04-24 06:00:00,5.0545,133.038,0.0858
2023-04-24 07:00:00,5.1281,132.936,5.391
2023-04-24 08:00:00,5.1369,132.451,1.7583
2023-04-24 09:00:00,5.0776,129.909,2.9074
2023-04-24 10:00:00,4.9454,129.102,0.6464
2023-04-24 11:00:00,4.7598,126.101,3.4795
2023-04-24 12:00:00,5.1782,132.337,8.5627
2023-04-24 13:00:00,5.0728,130.332,3.1532
2023-04-24 14:00:00,5.144,134.183,7.7534
2023-04-24 15:00:00,5.0733,129.924,0.7861
2023-04-24 16:00:00,4.9844,129.991,4.4189
2023-04-24 17:00:00,5.1335,132.545,2.136
2023-04-24 18:00:00,4.804,126.065,0.3608
2023-04-24 19:00:00,5.1149,132.778,8.3151
2023-04-24 20:00:00,4.9425,129.544,1.4569
2023-04-24 21:00:00,4.8817,126.345,0.3478
2023-04-24 22:00:00,4.8335,127.247,0.6973
2023-04-24 23:00:00,4.9635,130.9,4.3776
2023-04-25 00:00:00,5.2079,133.697,4.891
2023-04-25 01:00:00,5.3177,136.317,4.5683
2023-04-25 02:00:00,5.368,137.98,0.4975
2023-04-25 03:00:00,5.186,131.3,0.6646
2023-04-25 04:00:00,5.6667,142.653,6.7989
2023-04-25 05:00:00,5.7439,145.434,7.725
2023-04-25 06:00:00,5.6939,142.735,1.9964
2023-04-25 07:00:00,5.7809,142.13,0.9218
2023-04-25 08:00:00,5.8336,145.985,5.7903
2023-04-25 09:00:00,5.5211,140.151,0.815
2023-04-25 10:00:00,5.2712,133.675,2.0959
2023-04-25 11:00:00,5.1536,134.288,0.1991
2023-04-25 12:00:00,4.9379,129.553,0.2285
2023-04-25 13:00:00,4.8806,128.479,5.8034
2023-04-25 14:00:00,4.9597,129.58,3.2202
2023-04-25 15:00:00,4.8392,129.689,3.4703
2023-04-25 16:00:00,4.9218,128.144,3.4892
2023-04-25 17:00:00,4.9268,128.223,4.1973
2023-04-25 18:00:00,4.8134,126.437,0.0982
2023-04-25 19:00:00,5.0005,128.803,2.4493
2023-04-25 20:00:00,4.6989,124.137,1.2908
2023-04-25 21:00:00,4.5419,120.902,0.2875
2023-04-25 22:00:00,4.7588,125.28,1.3974
2023-04-25 23:00:00,4.7919,125.678,2.439
2023-04-26 00:00:00,4.6501,123.615,0.4318
2023-04-26 01:00:00,4.9087,129.408,0.2914
2023-04-26 02:00:00,4.8443,126.008,0.8617
2023-04-26 03:00:00,5.1839,132.62,6.0274
2023-04-26 04:00:00,5.413,138.028,6.6575
2023-04-26 05:00:00,5.5783,138.589,2.422
2023-04-26 06:00:00,5.4241,137.309,5.4239
2023-04-26 07:00:00,5.473,136.257,0.854
2023-04-26 08:00:00,5.0812,131.837,0.2347
2023-04-26 09:00:00,5.4284,136.728,5.9885
2023-04-26 10:00:00,5.3138,137.497,1.7832
2023-04-26 11:00:00,5.0495,130.349,2.5637
2023-04-26 12:00:00,4.9771,130.944,1.2928
2023-04-26 13:00:00,4.8791,127.96,0.2098
2023-04-26 14:00:00,4.5139,121.505,1.0328
2023-04-26 15:00:00,4.5268,122.808,1.6282
2023-04-26 16:00:00,4.6502,121.88,2.5702
2023-04-26 17:00:00,4.2466,114.614,0.0385
2023-04-26 18:00:00,4.3013,117.781,2.0692
2023-04-26 19:00:00,4.4147,119.2,2.9294
2023-04-26 20:00:00,4.5415,123.142,4.6721
2023-04-26 21:00:00,4.4031,120.852,0.061
2023-04-26 22:00:00,4.7445,126.8,1.2672
2023-04-26 23:00:00,4.6529,121.844,0.6672
2023-04-27 00:00:00,4.7988,127.161,3.4901
2023-04-27 01:00:00,5.0173,129.801,3.5382
2023-04-27 02:00:00,5.194,134.5,5.0198
2023-04-27 03:00:00,5.4144,137.928,4.3155
2023-04-27 04:00:00,5.4043,137.639,0.1898
2023-04-27 05:00:00,5.2868,135.36,1.7263
2023-04-27 06:00:00,5.4147,137.053,2.3338
2023-04-27 07:00:00,5.4558,138.974,3.2814
2023-04-27 08:00:00,5.3883,136.86,5.4382
2023-04-27 09:00:00,5.5009,141.125,2.8642
2023-04-27 10:00:00,5.1587,131.493,2.0536
2023-04-27 11:00:00,5.2795,133.968,2.1468
2023-04-27 12:00:00,4.8231,126.364,0.2539
2023-04-27 13:00:00,4.7118,121.944,1.387
2023-04-27 14:00:00,4.6225,122.631,1.1526
2023-04-27 15:00:00,4.4016,115.899,0.0745
2023-04-27 16:00:00,4.2806,116.622,1.3747
2023-04-27 17:00:00,4.3812,118.727,5.5841
2023-04-27 18:00:00,4.3635,120.032,1.3119
2023-04-27 19:00:00,4.503,120.787,2.2877
2023-04-27 20:00:00,4.5173,121.878,0.3779
2023-04-27 21:00:00,4.3845,120.138,2.0686
2023-04-27 22:00:00,4.7272,125.155,0.3614
2023-04-27 23:00:00,4.6119,122.218,1.706
2023-04-28 00:00:00,4.7751,127.338,0.8113
2023-04-28 01:00:00,4.8496,127.064,1.1477
2023-04-28 02:00:00,5.0237,129.648,3.7237
2023-04-28 03:00:00,5.1761,132.353,7.0363
2023-04-28 04:00:00,5.3616,136.472,1.3306
2023-04-28 05:00:00,5.432,139.574,3.6553
2023-04-28 06:00:00,5.3777,135.997,1.1331
2023-04-28 07:00:00,5.269,136.157,0.7831
2023-04-28 08:00:00,5.1153,130.904,2.0126
2023-04-28 09:00:00,5.026,130.0,1.0161
2023-04-28 10:00:00,5.2272,134.34,4.5683
2023-04-28 11:00:00,4.9494,129.11,1.9446
2023-04-28 12:00:00,4.9303,128.63,1.5928
2023-04-28 13:00:00,4.8522,127.583,2.6097
2023-04-28 14:00:00,4.8506,129.138,2.2174
2023-04-28 15:00:00,4.5746,124.18,0.3135
2023-04-28 16:00:00,4.4585,119.359,1.8434
2023-04-28 17:00:00,4.4746,121.104,2.931
2023-04-28 18:00:00,4.4038,119.843,0.1412
2023-04-28 19:00:00,4.2914,116.193,1.3809
2023-04-28 20:00:00,4.2926,114.475,0.6727
2023-04-28 21:00:00,4.354,119.522,0.4432
2023-04-28 22:00:00,4.4146,119.523,0.1164
2023-04-28 23:00:00,4.6434,121.683,3.9735
2023-04-29 00:00:00,4.6588,125.187,3.1974
2023-04-29 01:00:00,4.7655,125.672,1.4588
2023-04-29 02:00:00,4.8849,127.35,1.1963
2023-04-29 03:00:00,5.1407,134.186,2.9385
2023-04-29 04:00:00,5.1479,133.28,1.899
2023-04-29 05:00:00,5.1746,133.587,1.579
2023-04-29 06:00:00,5.0592,131.128,0.1183
2023-04-29 07:00:00,5.2207,133.454,6.7721
2023-04-29 08:00:00,5.2212,132.755,1.72
2023-04-29 09:00:00,5.245,133.046,0.6179
2023-04-29 10:00:00,5.0106,130.251,1.7936
2023-04-29 11:00:00,4.8952,127.865,2.624
2023-04-29 12:00:00,4.8578,126.319,0.3876
2023-04-29 13:00:00,4.6357,124.535,0.3044
2023-04-29 14:00:00,4.505,121.891,1.5998
2023-04-29 15:00:00,4.5636,121.327,6.1204
2023-04-29 16:00:00,4.5634,122.704,0.0585
2023-04-29 17:00:00,4.3573,118.533,0.092
2023-04-29 18:00:00,4.5914,122.757,6.3681
2023-04-29 19:00:00,4.5554,122.408,5.2412
2023-04-29 20:00:00,4.8245,126.4,2.9933
2023-04-29 21:00:00,4.835,126.692,1.2
2023-04-29 22:00:00,4.8555,125.946,1.8945
2023-04-29 23:00:00,4.9049,128.938,3.5543
2023-04-30 00:00:00,5.0066,131.754,1.8029
2023-04-30 01:00:00,5.1339,131.892,2.4905
2023-04-30 02:00:00,5.1788,134.297,3.3338
2023-04-30 03:00:00,5.1871,131.968,1.5516
2023-04-30 04:00:00,5.3022,136.187,1.1759
2023-04-30 05:00:00,5.1292,131.867,0.3678
2023-04-30 06:00:00,5.2383,133.675,1.9423
2023-04-30 07:00:00,5.4674,139.03,7.048
2023-04-30 08:00:00,5.3055,135.685,0.6113
2023-04-30 09:00:00,5.186,132.456,1.0415
2023-04-30 10:00:00,5.1339,133.08,1.2909
2023-04-30 11:00:00,5.0732,133.638,1.9344
2023-04-30 12:00:00,4.8031,127.847,1.266
2023-04-30 13:00:00,4.6712,124.574,1.7839
2023-04-30 14:00:00,4.4227,119.633,0.6968
2023-04-30 15:00:00,4.8652,124.951,11.0882
2023-04-30 16:00:00,4.8519,128.539,3.2479
2023-04-30 17:00:00,4.7653,126.576,1.1028
2023-04-30 18:00:00,4.5822,120.945,0.2764
2023-04-30 19:00:00,4.5468,123.121,1.4324
2023-04-30 20:00:00,4.5813,123.872,3.7535
2023-04-30 21:00:00,4.6067,120.65,2.648
2023-04-30 22:00:00,4.7663,127.707,0.0613
2023-04-30 23:00:00,4.8215,126.781,0.1208
2023-05-01 00:00:00,5.2189,132.699,11.9379
2023-05-01 01:00:00,5.4769,139.857,1.8027
2023-05-01 02:00:00,5.3098,138.065,0.1006
2023-05-01 03:00:00,5.4463,137.222,2.5971
2023-05-01 04:00:00,5.8041,144.965,9.4437
2023-05-01 05:00:00,5.861,146.477,2.9148
2023-05-01 06:00:00,5.7144,141.746,1.6009
2023-05-01 07:00:00,5.7845,142.417,3.6109
2023-05-01 08:00:00,5.6299,140.473,0.116
2023-05-01 09:00:00,5.2764,134.506,1.9134
2023-05-01 10:00:00,5.2033,132.327,0.0349
2023-05-01 11:00:00,5.0983,131.361,0.857
2023-05-01 12:00:00,4.7374,123.365,0.3788
2023-05-01 13:00:00,4.8849,128.328,5.0423
2023-05-01 14:00:00,4.7938,127.386,1.5763
2023-05-01 15:00:00,4.7945,125.857,3.2531
2023-05-01 16:00:00,4.7715,124.268,5.5737
2023-05-01 17:00:00,4.6408,123.492,0.328
2023-05-01 18:00:00,4.5385,122.271,1.7988
2023-05-01 19:00:00,4.5862,120.633,1.9584
2023-05-01 20:00:00,4.5582,123.126,2.0565
2023-05-01 21:00:00,4.4982,121.605,0.8027
2023-05-01 22:00:00,4.6143,122.956,2.302
2023-05-01 23:00:00,4.6464,124.536,3.1066
2023-05-02 00:00:00,4.7404,123.085,0.2327
2023-05-02 01:00:00,4.742,125.387,0.3373
2023-05-02 02:00:00,4.6372,122.854,0.2608
2023-05-02 03:00:00,4.882,127.69,0.108
2023-05-02 04:00:00,4.9608,131.728,1.1432
2023-05-02 05:00:00,5.0143,130.059,1.825
2023-05-02 06:00:00,5.2263,132.222,3.1461
2023-05-02 07:00:00,5.0484,131.883,2.4701
2023-05-02 08:00:00,4.9438,131.082,0.9535
2023-05-02 09:00:00,4.7625,127.928,0.012
2023-05-02 10:00:00,4.9653,127.505,0.488
2023-05-02 11:00:00,4.871,125.787,2.746
2023-05-02 12:00:00,4.5432,120.883,0.0387
2023-05-02 13:00:00,4.4783,118.212,0.6714
2023-05-02 14:00:00,4.1409,114.711,0.5576
2023-05-02 15:00:00,4.6595,121.681,7.8849
2023-05-02 16:00:00,4.3655,118.017,1.1598
2023-05-02 17:00:00,4.3423,118.304,0.5535
2023-05-02 18:00:00,4.4619,120.297,5.1632
2023-05-02 19:00:00,5.0527,128.572,8.4228
2023-05-02 20:00:00,4.8418,125.806,0.2636
2023-05-02 21:00:00,4.7414,124.97,0.9891
2023-05-02 22:00:00,4.8931,128.137,4.1912
2023-05-02 23:00:00,4.9164,128.201,1.2921
2023-05-03 00:00:00,4.8095,126.276,1.1207
2023-05-03 01:00:00,5.0286,130.28,1.6146
2023-05-03 02:00:00,5.2376,133.276,2.7742
2023-05-03 03:00:00,5.1755,133.775,0.6883
2023-05-03 04:00:00,5.4305,136.922,7.1768
2023-05-03 05:00:00,5.3746,134.876,0.2973
2023-05-03 06:00:00,5.2205,134.784,0.0209
2023-05-03 07:00:00,4.8887,129.343,0.5431
2023-05-03 08:00:00,5.186,132.841,3.9264
2023-05-03 09:00:00,5.1108,132.411,1.5537
2023-05-03 10:00:00,5.1736,133.127,0.9409
2023-05-03 11:00:00,4.72,126.22,1.0421
2023-05-03 12:00:00,4.558,119.645,1.0375
2023-05-03 13:00:00,4.8184,125.135,7.2223
2023-05-03 14:00:00,4.7284,127.725,0.7699
2023-05-03 15:00:00,4.7999,126.892,3.3795
2023-05-03 16:00:00,4.9263,130.68,7.2598
2023-05-03 17:00:00,4.7151,125.514,1.783
2023-05-03 18:00:00,4.6956,122.525,1.757
2023-05-03 19:00:00,4.6557,125.608,1.8256
2023-05-03 20:00:00,4.597,124.813,0.4792
2023-05-03 21:00:00,4.6674,124.335,3.2179
2023-05-03 22:00:00,4.7328,124.245,0.3264
2023-05-03 23:00:00,4.7899,126.105,0.8382
2023-05-04 00:00:00,4.7638,126.257,0.3484
2023-05-04 01:00:00,5.1487,134.584,3.9984
2023-05-04 02:00:00,5.0605,132.362,3.5621
2023-05-04 03:00:00,5.3496,136.487,2.4156
2023-05-04 04:00:00,5.1242,133.789,0.631
2023-05-04 05:00:00,5.2672,136.771,0.9825
2023-05-04 06:00:00,5.2103,134.17,1.92
2023-05-04 07:00:00,5.0097,129.011,1.0937
2023-05-04 08:00:00,5.0843,130.469,0.2613
2023-05-04 09:00:00,5.2205,135.266,6.462
2023-05-04 10:00:00,5.176,134.466,2.8194
2023-05-04 11:00:00,5.0073,129.251,1.5368
2023-05-04 12:00:00,4.8699,127.32,1.5262
2023-05-04 13:00:00,4.8761,127.913,2.9651
2023-05-04 14:00:00,4.6673,123.063,0.5119
2023-05-04 15:00:00,4.5201,121.738,2.4462
2023-05-04 16:00:00,4.683,123.689,5.2539
2023-05-04 17:00:00,4.562,120.904,0.9609
2023-05-04 18:00:00,4.6408,123.537,1.957
2023-05-04 19:00:00,4.4146,121.563,1.7797
2023-05-04 20:00:00,4.572,122.306,1.0949
2023-05-04 21:00:00,4.599,122.954,1.5748
2023-05-04 22:00:00,4.6545,123.924,2.0242
2023-05-04 23:00:00,4.7337,124.474,0.3911
2023-05-05 00:00:00,4.6711,123.683,2.4156
2023-05-05 01:00:00,4.8559,127.606,0.9059
2023-05-05 02:00:00,4.857,127.864,0.7964
2023-05-05 03:00:00,4.7933,129.03,0.1582
2023-05-05 04:00:00,4.88,128.041,0.4131
2023-05-05 05:00:00,5.0992,132.792,2.759
2023-05-05 06:00:00,4.9161,128.595,0.6575
2023-05-05 07:00:00,5.4842,138.213,10.8809
2023-05-05 08:00:00,5.4989,137.972,1.9386
2023-05-05 09:00:00,5.322,136.797,2.1786
2023-05-05 10:00:00,5.2647,134.379,4.3787
2023-05-05 11:00:00,5.0289,130.342,0.2981
2023-05-05 12:00:00,4.8196,126.917,0.242
2023-05-05 13:00:00,4.7593,127.271,0.3573
2023-05-05 14:00:00,4.5981,123.888,4.9039
2023-05-05 15:00:00,4.4375,118.236,0.977
2023-05-05 16:00:00,4.4098,119.365,0.0362
2023-05-05 17:00:00,4.4068,118.526,5.7748
2023-05-05 18:00:00,4.703,126.349,4.5181
2023-05-05 19:00:00,4.7006,126.126,3.436
2023-05-05 20:00:00,4.5093,121.076,0.2864
2023-05-05 21:00:00,4.6645,123.646,0.653
2023-05-05 22:00:00,4.6781,123.323,0.5948
2023-05-05 23:00:00,4.5659,123.549,0.2726
2023-05-06 00:00:00,4.7984,125.44,3.8296
2023-05-06 01:00:00,4.9767,130.037,1.3431
2023-05-06 02:00:00,5.2692,135.002,7.6971
2023-05-06 03:00:00,5.4084,137.092,2.8311
2023-05-06 04:00:00,5.4258,137.626,1.2344
2023-05-06 05:00:00,5.7741,144.485,9.6478
2023-05-06 06:00:00,5.8127,143.342,4.2873
2023-05-06 07:00:00,5.5829,140.783,0.0264
2023-05-06 08:00:00,5.5806,138.388,0.8625
2023-05-06 09:00:00,5.4517,139.456,3.5008
2023-05-06 10:00:00,5.3827,138.006,4.1753
2023-05-06 11:00:00,5.2993,133.94,1.5853
2023-05-06 12:00:00,5.2221,132.349,5.2515
2023-05-06 13:00:00,5.0792,133.044,2.646
2023-05-06 14:00:00,4.9633,129.394,1.0165
2023-05-06 15:00:00,4.9035,127.228,3.9479
2023-05-06 16:00:00,4.6952,123.829,0.9443
2023-05-06 17:00:00,4.781,126.313,3.1077
2023-05-06 18:00:00,4.7413,126.646,2.6618
2023-05-06 19:00:00,4.8875,127.979,5.72
2023-05-06 20:00:00,4.9705,131.798,1.1977
2023-05-06 21:00:00,4.7851,126.599,0.8987
2023-05-06 22:00:00,4.7948,124.61,0.9429
2023-05-06 23:00:00,4.7441,123.5,0.0007
2023-05-07 00:00:00,4.8832,128.032,2.8975
2023-05-07 01:00:00,4.9247,128.99,0.0604
2023-05-07 02:00:00,5.0074,131.103,1.0225
2023-05-07 03:00:00,4.9335,130.119,0.9448
2023-05-07 04:00:00,4.7635,125.315,0.5162
2023-05-07 05:00:00,4.9914,132.204,1.4723
2023-05-07 06:00:00,4.9563,129.103,1.3705
2023-05-07 07:00:00,5.031,128.399,1.5869
2023-05-07 08:00:00,4.9566,124.811,0.6152
2023-05-07 09:00:00,4.952,129.364,0.7802
2023-05-07 10:00:00,4.9451,129.432,3.45
2023-05-07 11:00:00,4.8519,128.635,2.9066
2023-05-07 12:00:00,4.7761,126.168,0.6532
2023-05-07 13:00:00,4.5468,121.059,0.617
2023-05-07 14:00:00,4.8514,127.672,6.9312
2023-05-07 15:00:00,4.7232,124.442,2.3576
2023-05-07 16:00:00,4.6609,121.931,3.207
2023-05-07 17:00:00,4.5532,122.15,3.8382
2023-05-07 18:00:00,4.5232,121.498,0.2366
2023-05-07 19:00:00,4.5494,122.655,2.8751
2023-05-07 20:00:00,4.5589,121.541,0.7108
2023-05-07 21:00:00,4.6214,123.998,1.7704
2023-05-07 22:00:00,4.5656,120.72,0.3813
2023-05-07 23:00:00,4.5933,122.944,0.95
2023-05-08 00:00:00,4.8541,129.312,3.2559
2023-05-08 01:00:00,5.0681,132.086,2.5157
2023-05-08 02:00:00,5.0226,130.804,1.3825
2023-05-08 03:00:00,5.0124,129.96,0.4463
2023-05-08 04:00:00,4.9489,129.243,0.1571
2023-05-08 05:00:00,5.1749,130.587,2.3928
2023-05-08 06:00:00,5.3078,133.999,3.0313
2023-05-08 07:00:00,5.0515,132.913,0.0763
2023-05-08 08:00:00,5.0696,133.115,1.4879
2023-05-08 09:00:00,4.7896,128.12,0.4249
2023-05-08 10:00:00,4.9335,127.357,3.7927
2023-05-08 11:00:00,4.7483,122.3,0.5514
2023-05-08 12:00:00,4.7182,124.839,0.8086
2023-05-08 13:00:00,4.7334,124.834,1.9191
2023-05-08 14:00:00,4.3883,120.17,0.0696
2023-05-08 15:00:00,4.0205,113.403,0.0684
2023-05-08 16:00:00,4.1093,114.326,0.5473
2023-05-08 17:00:00,4.2282,115.181,1.6225
2023-05-08 18:00:00,4.0777,114.969,0.8103
2023-05-08 19:00:00,4.1478,115.102,0.8642
2023-05-08 20:00:00,4.2259,115.824,0.8737
2023-05-08 21:00:00,4.2,116.501,2.702
2023-05-08 22:00:00,4.3747,120.011,1.8252
2023-05-08 23:00:00,4.6083,122.022,0.8474
2023-05-09 00:00:00,4.6706,124.159,2.6597
2023-05-09 01:00:00,4.7544,126.953,3.1281
2023-05-09 02:00:00,4.727,127.127,0.082
2023-05-09 03:00:00,5.0146,131.082,2.8624
2023-05-09 04:00:00,4.8397,127.957,0.9725
2023-05-09 05:00:00,5.3257,136.635,1.8906
2023-05-09 06:00:00,5.0371,131.805,1.2489
2023-05-09 07:00:00,4.922,128.385,0.5259
2023-05-09 08:00:00,4.8204,127.048,0.0418
2023-05-09 09:00:00,4.8649,128.888,0.4842
2023-05-09 10:00:00,4.6727,125.333,2.1549
2023-05-09 11:00:00,4.8808,127.145,6.4008
2023-05-09 12:00:00,4.754,125.934,0.1804
2023-05-09 13:00:00,5.0346,132.439,6.6791
2023-05-09 14:00:00,4.7918,125.793,1.8631
2023-05-09 15:00:00,4.7923,126.684,2.7098
2023-05-09 16:00:00,4.5498,120.824,0.0275
2023-05-09 17:00:00,4.6194,123.561,2.4539
2023-05-09 18:00:00,4.4324,118.81,0.6936
2023-05-09 19:00:00,4.535,121.108,0.882
2023-05-09 20:00:00,4.4929,121.224,2.4552
2023-05-09 21:00:00,4.4978,120.398,0.05
2023-05-09 22:00:00,4.6349,124.048,2.5269
2023-05-09 23:00:00,4.5588,123.155,1.8417
2023-05-10 00:00:00,4.572,122.009,0.7928
2023-05-10 01:00:00,4.7155,126.856,0.1405
2023-05-10 02:00:00,4.9435,130.419,1.7843
2023-05-10 03:00:00,5.0125,131.974,1.8723
2023-05-10 04:00:00,4.9282,127.877,0.4504
2023-05-10 05:00:00,5.1324,133.536,4.9962
2023-05-10 06:00:00,5.3056,134.287,1.2518
2023-05-10 07:00:00,5.0043,130.09,0.9168
2023-05-10 08:00:00,4.9286,127.538,1.1326
2023-05-10 09:00:00,5.0088,128.229,0.8993
2023-05-10 10:00:00,5.2315,134.208,5.89
2023-05-10 11:00:00,4.7975,126.447,0.304
2023-05-10 12:00:00,4.7457,125.409,1.5239
2023-05-10 13:00:00,4.7374,126.316,2.0706
2023-05-10 14:00:00,4.3688,118.965,0.0564
2023-05-10 15:00:00,4.3271,117.095,0.0171
2023-05-10 16:00:00,4.597,122.677,6.3203
2023-05-10 17:00:00,4.4784,120.957,2.3886
2023-05-10 18:00:00,4.6189,125.609,5.5497
2023-05-10 19:00:00,4.6577,124.372,4.8686
2023-05-10 20:00:00,4.6832,125.905,0.4431
2023-05-10 21:00:00,4.7983,126.643,2.8345
2023-05-10 22:00:00,4.819,126.22,2.6262
2023-05-10 23:00:00,4.8329,125.075,0.9658
2023-05-11 00:00:00,4.7983,126.844,0.2552
2023-05-11 01:00:00,5.2068,133.939,1.7755
2023-05-11 02:00:00,5.0042,128.899,0.1015
2023-05-11 03:00:00,4.9923,130.517,2.7567
2023-05-11 04:00:00,5.1272,132.855,2.1193
2023-05-11 05:00:00,5.0117,130.464,0.1912
2023-05-11 06:00:00,5.1401,134.199,1.5424
2023-05-11 07:00:00,5.1181,131.678,4.1104
2023-05-11 08:00:00,5.1888,134.833,3.0417
2023-05-11 09:00:00,5.0609,128.842,0.4338
2023-05-11 10:00:00,4.9536,128.928,1.053
2023-05-11 11:00:00,4.8267,125.507,1.3731
2023-05-11 12:00:00,4.7229,123.41,0.2306
2023-05-11 13:00:00,4.6402,124.347,1.4213
2023-05-11 14:00:00,4.5424,122.278,2.9425
2023-05-11 15:00:00,4.455,118.971,1.1306
2023-05-11 16:00:00,4.4265,119.386,1.7866
2023-05-11 17:00:00,4.3935,118.264,1.1002
2023-05-11 18:00:00,4.2967,114.989,2.0834
2023-05-11 19:00:00,4.2759,116.755,0.4378
2023-05-11 20:00:00,4.4807,120.226,4.0667
2023-05-11 21:00:00,4.4362,118.762,1.453
2023-05-11 22:00:00,4.5453,123.022,0.1198
2023-05-11 23:00:00,4.6562,124.773,1.9386
2023-05-12 00:00:00,4.6231,123.605,1.0487
2023-05-12 01:00:00,4.921,130.882,4.9229
2023-05-12 02:00:00,4.8752,127.992,0.0352
2023-05-12 03:00:00,5.0114,132.565,1.5255
2023-05-12 04:00:00,5.0161,130.512,0.9534
2023-05-12 05:00:00,5.2336,132.995,4.7907
2023-05-12 06:00:00,5.1353,129.672,0.8837
2023-05-12 07:00:00,5.094,132.999,1.1673
2023-05-12 08:00:00,5.0253,130.773,0.5738
2023-05-12 09:00:00,4.9457,126.944,2.6135
2023-05-12 10:00:00,4.8825,128.984,2.1236
2023-05-12 11:00:00,4.7193,126.115,0.2267
2023-05-12 12:00:00,4.5951,122.087,1.962
2023-05-12 13:00:00,4.5576,123.772,1.5871
2023-05-12 14:00:00,4.4356,119.433,0.6569
2023-05-12 15:00:00,4.4044,120.054,2.2954
2023-05-12 16:00:00,4.2695,116.586,1.3199
2023-05-12 17:00:00,4.2221,113.678,1.1583
2023-05-12 18:00:00,4.2128,115.357,0.7461
2023-05-12 19:00:00,4.2924,116.367,2.7104
2023-05-12 20:00:00,4.3339,117.841,0.8085
2023-05-12 21:00:00,4.3593,118.994,0.3608
2023-05-12 22:00:00,4.3376,117.444,1.0496
2023-05-12 23:00:00,4.4324,119.557,0.2346
2023-05-13 00:00:00,4.6034,122.93,3.8875
2023-05-13 01:00:00,4.8344,127.962,0.9863
2023-05-13 02:00:00,4.9515,128.731,3.5677
2023-05-13 03:00:00,5.4655,138.364,8.4931
2023-05-13 04:00:00,5.2308,133.334,0.9011
2023-05-13 05:00:00,5.3631,137.668,1.643
2023-05-13 06:00:00,5.1146,131.668,1.3482
2023-05-13 07:00:00,5.2352,138.112,0.3006
2023-05-13 08:00:00,5.1041,130.159,1.9688
2023-05-13 09:00:00,4.9777,128.89,0.3338
2023-05-13 10:00:00,5.0812,131.648,3.5815
2023-05-13 11:00:00,5.0226,130.132,4.2269
2023-05-13 12:00:00,5.1202,132.953,3.5549
2023-05-13 13:00:00,4.9375,128.401,1.7652
2023-05-13 14:00:00,4.5797,123.106,1.1006
2023-05-13 15:00:00,4.8351,127.211,4.2038
2023-05-13 16:00:00,4.7703,127.193,2.5639
2023-05-13 17:00:00,4.4682,120.103,0.5083
2023-05-13 18:00:00,4.5953,124.353,1.9993
2023-05-13 19:00:00,4.6364,122.642,0.9324
2023-05-13 20:00:00,4.645,126.35,3.0273
2023-05-13 21:00:00,4.6756,125.886,2.7623
2023-05-13 22:00:00,4.7002,122.728,3.3277
2023-05-13 23:00:00,4.8191,127.56,1.561
2023-05-14 00:00:00,4.7895,126.114,0.0865
2023-05-14 01:00:00,4.8022,126.445,0.3356
2023-05-14 02:00:00,4.9477,129.255,0.6689
2023-05-14 03:00:00,4.8807,126.412,0.1593
2023-05-14 04:00:00,4.8735,130.416,0.4122
2023-05-14 05:00:00,4.9387,128.659,0.0549
2023-05-14 06:00:00,4.8381,127.24,0.5321
2023-05-14 07:00:00,4.8651,125.407,1.3168
2023-05-14 08:00:00,4.8394,128.774,0.9349
2023-05-14 09:00:00,4.7276,125.148,0.4346
2023-05-14 10:00:00,4.752,125.778,1.73
2023-05-14 11:00:00,4.3841,117.432,0.0064
2023-05-14 12:00:00,4.3839,120.102,0.0625
2023-05-14 13:00:00,4.3515,118.289,2.3836
2023-05-14 14:00:00,4.3007,118.305,0.7045
2023-05-14 15:00:00,4.18,117.526,1.5025
2023-05-14 16:00:00,4.0285,111.556,0.6405
2023-05-14 17:00:00,4.3584,117.666,5.9512
2023-05-14 18:00:00,4.2808,113.589,0.1253
2023-05-14 19:00:00,4.3324,117.054,2.2723
2023-05-14 20:00:00,4.2699,116.063,0.3055
2023-05-14 21:00:00,4.5074,121.911,4.202
2023-05-14 22:00:00,4.5086,123.724,0.2231
2023-05-14 23:00:00,4.6236,122.021,0.8938
2023-05-15 00:00:00,4.7689,125.613,0.9786
2023-05-15 01:00:00,4.729,123.9,2.5146
2023-05-15 02:00:00,4.6478,122.279,0.9097
2023-05-15 03:00:00,4.8737,125.96,0.8365
2023-05-15 04:00:00,4.8638,128.532,0.7557
2023-05-15 05:00:00,4.8226,128.743,1.4865
2023-05-15 06:00:00,4.9941,130.935,0.5913
2023-05-15 07:00:00,5.0333,129.955,1.9793
2023-05-15 08:00:00,4.9145,128.021,0.3371
2023-05-15 09:00:00,4.8831,128.508,5.0425
2023-05-15 10:00:00,4.8756,127.564,0.1719
2023-05-15 11:00:00,4.7454,126.396,0.2265
2023-05-15 12:00:00,4.7524,127.074,3.4954
2023-05-15 13:00:00,4.4892,119.517,0.7067
2023-05-15 14:00:00,4.4056,118.986,1.6708
2023-05-15 15:00:00,4.6006,123.33,5.3785
2023-05-15 16:00:00,4.3553,119.514,0.7626
2023-05-15 17:00:00,4.4132,119.971,1.7923
2023-05-15 18:00:00,4.318,117.119,0.1034
2023-05-15 19:00:00,4.4654,123.058,4.6858
2023-05-15 20:00:00,4.4459,119.113,2.6037
2023-05-15 21:00:00,4.6031,122.779,0.3244
2023-05-15 22:00:00,4.6928,123.741,4.9769
2023-05-15 23:00:00,4.6799,123.297,1.1927
2023-05-16 00:00:00,4.862,127.922,3.3115
2023-05-16 01:00:00,5.2858,134.615,4.8825
2023-05-16 02:00:00,5.2745,133.445,0.4473
2023-05-16 03:00:00,5.2747,136.297,3.8634
2023-05-16 04:00:00,5.3646,139.14,2.3159
2023-05-16 05:00:00,5.4387,139.99,3.9602
2023-05-16 06:00:00,5.8212,144.118,10.288
2023-05-16 07:00:00,5.911,146.824,2.1654
2023-05-16 08:00:00,5.4942,139.999,0.8821
2023-05-16 09:00:00,5.2536,133.341,0.1589
2023-05-16 10:00:00,5.0891,131.704,0.5876
2023-05-16 11:00:00,5.1203,132.775,0.4561
2023-05-16 12:00:00,4.7432,125.369,0.3565
2023-05-16 13:00:00,4.8855,127.274,5.575
2023-05-16 14:00:00,4.6643,125.635,0.5221
2023-05-16 15:00:00,4.5051,121.812,0.1807
2023-05-16 16:00:00,4.453,119.694,0.1653
2023-05-16 17:00:00,4.0694,112.447,0.3098
2023-05-16 18:00:00,4.4053,119.011,5.3047
2023-05-16 19:00:00,4.5557,123.294,1.1258
2023-05-16 20:00:00,4.5854,121.563,3.7486
2023-05-16 21:00:00,4.6447,124.485,2.1079
2023-05-16 22:00:00,4.7147,126.172,0.5639
2023-05-16 23:00:00,4.6263,124.791,2.7167
2023-05-17 00:00:00,4.9771,129.634,1.1351
2023-05-17 01:00:00,4.9201,128.355,1.2852
2023-05-17 02:00:00,4.959,127.937,3.4189
2023-05-17 03:00:00,5.1024,131.172,0.6604
2023-05-17 04:00:00,5.1523,131.86,0.5974
2023-05-17 05:00:00,5.0598,131.698,2.0502
2023-05-17 06:00:00,4.9691,132.263,0.5979
2023-05-17 07:00:00,5.0906,133.03,0.8144
2023-05-17 08:00:00,5.2091,132.953,3.5483
2023-05-17 09:00:00,4.8783,130.005,0.7342
2023-05-17 10:00:00,5.0586,132.62,3.6948
2023-05-17 11:00:00,4.8457,126.996,2.2752
2023-05-17 12:00:00,4.8003,126.668,0.454
2023-05-17 13:00:00,4.6413,125.26,1.8175
2023-05-17 14:00:00,4.5097,119.879,1.3823
2023-05-17 15:00:00,4.5531,122.715,1.9973
2023-05-17 16:00:00,4.4721,120.425,2.2893
2023-05-17 17:00:00,4.2054,113.889,0.5285
2023-05-17 18:00:00,4.4099,118.13,2.5051
2023-05-17 19:00:00,4.4771,121.884,2.0644
2023-05-17 20:00:00,4.2421,117.644,1.2679
2023-05-17 21:00:00,4.4959,122.292,0.3344
2023-05-17 22:00:00,4.6254,124.118,3.6999
2023-05-17 23:00:00,4.5915,123.399,0.9396
2023-05-18 00:00:00,4.6613,124.276,1.1515
2023-05-18 01:00:00,4.7566,124.737,4.9046
2023-05-18 02:00:00,4.8952,127.719,0.2095
2023-05-18 03:00:00,4.9057,129.301,0.3317
2023-05-18 04:00:00,5.0474,129.079,1.3425
2023-05-18 05:00:00,5.0647,131.454,0.6242
2023-05-18 06:00:00,5.099,130.468,4.5687
2023-05-18 07:00:00,5.1432,130.711,1.4524
2023-05-18 08:00:00,4.9162,128.774,1.9436
2023-05-18 09:00:00,4.8145,127.874,0.4647
2023-05-18 10:00:00,4.6938,124.972,0.8098
2023-05-18 11:00:00,4.6763,122.977,0.2057
2023-05-18 12:00:00,4.7629,124.775,3.5618
2023-05-18 13:00:00,4.6844,123.624,3.4824
2023-05-18 14:00:00,4.5478,121.864,1.7399
2023-05-18 15:00:00,4.4729,121.815,0.5879
2023-05-18 16:00:00,4.316,116.165,1.0639
2023-05-18 17:00:00,4.3704,118.944,1.3924
2023-05-18 18:00:00,4.1736,115.12,0.9256
2023-05-18 19:00:00,4.2856,117.551,0.9366
2023-05-18 20:00:00,4.2189,115.555,0.5191
2023-05-18 21:00:00,4.5398,123.376,6.0589
2023-05-18 22:00:00,4.5223,119.485,1.3623
2023-05-18 23:00:00,4.7347,124.724,1.8632
2023-05-19 00:00:00,4.6214,124.013,1.4698
2023-05-19 01:00:00,4.9279,127.377,0.9548
2023-05-19 02:00:00,5.0559,129.162,5.2115
2023-05-19 03:00:00,5.0977,131.562,1.176
2023-05-19 04:00:00,5.2124,134.16,0.7441
2023-05-19 05:00:00,5.1199,131.296,0.6924
2023-05-19 06:00:00,5.0274,130.169,1.2115
2023-05-19 07:00:00,5.161,131.138,2.6126
2023-05-19 08:00:00,5.0038,130.56,1.3953
2023-05-19 09:00:00,5.0623,132.039,1.9588
2023-05-19 10:00:00,5.0507,130.694,2.4308
2023-05-19 11:00:00,4.9032,126.52,1.962
2023-05-19 12:00:00,4.6721,124.583,1.2301
2023-05-19 13:00:00,4.6422,123.034,0.3278
2023-05-19 14:00:00,4.4283,123.045,1.2042
2023-05-19 15:00:00,4.4919,121.528,5.1517
2023-05-19 16:00:00,4.2995,117.101,0.6536
2023-05-19 17:00:00,4.3418,115.885,1.0371
2023-05-19 18:00:00,4.1429,113.679,0.0658
2023-05-19 19:00:00,4.2402,116.874,3.1781
2023-05-19 20:00:00,4.2412,115.976,0.9346
2023-05-19 21:00:00,4.3389,117.304,0.5637
2023-05-19 22:00:00,4.4027,119.957,0.0986
2023-05-19 23:00:00,4.5308,122.282,0.7186
2023-05-20 00:00:00,4.5189,120.064,0.9108
2023-05-20 01:00:00,4.5454,122.72,0.4127
2023-05-20 02:00:00,4.6937,122.618,2.2223
2023-05-20 03:00:00,4.6994,122.642,0.2924
2023-05-20 04:00:00,5.1021,130.339,5.8048
2023-05-20 05:00:00,5.1903,132.507,2.3117
2023-05-20 06:00:00,5.2246,133.406,0.5273
2023-05-20 07:00:00,5.0769,129.789,3.8309
2023-05-20 08:00:00,5.0589,130.766,0.6485
2023-05-20 09:00:00,4.9121,126.509,2.2536
2023-05-20 10:00:00,5.0535,130.624,3.264
2023-05-20 11:00:00,4.8586,128.662,1.2031
2023-05-20 12:00:00,4.7462,124.093,0.059
2023-05-20 13:00:00,4.744,125.119,2.1734
2023-05-20 14:00:00,4.5095,118.949,3.1954
2023-05-20 15:00:00,4.4153,120.119,0.7803
2023-05-20 16:00:00,4.3212,114.641,0.6132
2023-05-20 17:00:00,4.2819,114.44,1.5669
2023-05-20 18:00:00,4.4083,119.103,2.837
2023-05-20 19:00:00,4.299,117.722,2.7169
2023-05-20 20:00:00,4.4304,118.738,1.1834
2023-05-20 21:00:00,4.4461,120.039,1.1136
2023-05-20 22:00:00,4.51,120.619,0.8524
2023-05-20 23:00:00,4.5902,120.989,1.4526
2023-05-21 00:00:00,4.6174,123.367,2.9289
2023-05-21 01:00:00,4.6637,123.229,0.2413
2023-05-21 02:00:00,4.7675,123.774,0.7324
2023-05-21 03:00:00,4.8926,126.933,1.9134
2023-05-21 04:00:00,4.9123,128.294,0.0933
2023-05-21 05:00:00,5.0166,130.329,1.3608
2023-05-21 06:00:00,5.0049,129.979,0.6198
2023-05-21 07:00:00,4.8975,129.741,0.216
2023-05-21 08:00:00,4.9283,127.673,2.1778
2023-05-21 09:00:00,4.9144,129.483,1.7602
2023-05-21 10:00:00,4.6863,123.934,2.6717
2023-05-21 11:00:00,4.6971,125.168,0.7173
2023-05-21 12:00:00,4.4852,121.218,0.6976
2023-05-21 13:00:00,4.3853,120.05,0.2468
2023-05-21 14:00:00,4.2274,115.668,0.591
2023-05-21 15:00:00,4.216,117.604,3.0641
2023-05-21 16:00:00,4.1382,113.346,2.1384
2023-05-21 17:00:00,4.3889,117.648,2.7981
2023-05-21 18:00:00,4.4841,121.029,3.8171
2023-05-21 19:00:00,4.4054,117.966,0.3649
2023-05-21 20:00:00,4.2891,117.734,0.193
2023-05-21 21:00:00,4.2628,116.325,1.2342
2023-05-21 22:00:00,4.7424,124.768,6.6497
2023-05-21 23:00:00,4.8768,128.642,0.3951
2023-05-22 00:00:00,4.7026,125.604,0.2924
2023-05-22 01:00:00,4.8016,127.247,1.1317
2023-05-22 02:00:00,4.8181,127.247,0.516
2023-05-22 03:00:00,4.8599,125.079,0.2803
2023-05-22 04:00:00,4.9404,128.982,0.1808
2023-05-22 05:00:00,4.8136,126.625,1.5563
2023-05-22 06:00:00,4.8122,127.184,0.1096
2023-05-22 07:00:00,4.8288,127.883,0.7326
2023-05-22 08:00:00,4.7972,125.705,0.2388
2023-05-22 09:00:00,4.7323,125.09,2.5937
2023-05-22 10:00:00,4.5629,123.347,1.5299
2023-05-22 11:00:00,4.6521,123.621,2.3876
2023-05-22 12:00:00,4.6271,124.457,0.0097
2023-05-22 13:00:00,4.4133,119.068,0.8148
2023-05-22 14:00:00,4.3517,116.939,1.7615
2023-05-22 15:00:00,4.3773,119.452,3.2813
2023-05-22 16:00:00,4.3209,118.827,0.8395
2023-05-22 17:00:00,4.1304,112.915,0.0487
2023-05-22 18:00:00,4.1868,114.207,0.7004
2023-05-22 19:00:00,4.0468,112.963,1.9972
2023-05-22 20:00:00,4.0123,111.113,1.6002
2023-05-22 21:00:00,4.3315,119.254,3.979
2023-05-22 22:00:00,4.3992,119.573,0.0366
2023-05-22 23:00:00,4.4922,121.456,0.4373
2023-05-23 00:00:00,4.5371,122.116,3.2703
2023-05-23 01:00:00,4.6731,123.077,1.0431
2023-05-23 02:00:00,4.8384,126.2,0.5647
2023-05-23 03:00:00,4.6963,124.17,0.0487
2023-05-23 04:00:00,4.7777,127.423,1.2295
2023-05-23 05:00:00,4.7794,127.904,0.1056
2023-05-23 06:00:00,4.8429,128.621,0.3639
2023-05-23 07:00:00,4.837,126.376,0.8216
2023-05-23 08:00:00,4.8369,128.861,2.1581
2023-05-23 09:00:00,4.796,126.271,1.298
2023-05-23 10:00:00,4.7266,126.079,1.8396
2023-05-23 11:00:00,4.5424,122.543,1.2578
2023-05-23 12:00:00,4.5214,122.036,0.5186
2023-05-23 13:00:00,4.4241,120.304,3.3385
2023-05-23 14:00:00,4.4141,119.629,5.4215
2023-05-23 15:00:00,4.4247,118.605,0.0989
2023-05-23 16:00:00,4.2773,118.93,0.8094
2023-05-23 17:00:00,4.3268,118.962,0.9984
2023-05-23 18:00:00,4.1798,115.596,1.0797
2023-05-23 19:00:00,4.0807,114.114,0.5041
2023-05-23 20:00:00,4.1713,116.409,0.1142
2023-05-23 21:00:00,4.0959,112.209,0.5617
2023-05-23 22:00:00,4.2179,117.367,0.6038
2023-05-23 23:00:00,4.4342,119.281,0.1042
2023-05-24 00:00:00,4.3882,118.809,0.5457
2023-05-24 01:00:00,4.4571,120.801,1.7741
2023-05-24 02:00:00,4.6294,121.297,1.0132
2023-05-24 03:00:00,5.0196,132.762,5.6119
2023-05-24 04:00:00,5.2121,133.99,3.3664
2023-05-24 05:00:00,5.0598,131.536,0.612
2023-05-24 06:00:00,5.0985,131.936,0.6282
2023-05-24 07:00:00,4.9959,128.586,0.1559
2023-05-24 08:00:00,5.0072,129.986,0.996
2023-05-24 09:00:00,4.835,128.967,2.1937
2023-05-24 10:00:00,4.8236,127.259,1.5739
2023-05-24 11:00:00,4.7415,125.074,1.39
2023-05-24 12:00:00,5.0841,131.465,9.1607
2023-05-24 13:00:00,4.79,126.607,0.349
2023-05-24 14:00:00,4.8391,127.795,3.0867
2023-05-24 15:00:00,4.6069,123.038,2.893
2023-05-24 16:00:00,4.4911,122.487,1.8865
2023-05-24 17:00:00,4.6151,122.262,1.2287
2023-05-24 18:00:00,4.4849,120.236,2.5488
2023-05-24 19:00:00,4.4993,122.967,0.0729
2023-05-24 20:00:00,4.4543,121.087,1.9928
2023-05-24 21:00:00,4.3683,117.267,2.0889
2023-05-24 22:00:00,4.5536,120.025,1.0939
2023-05-24 23:00:00,4.4706,120.24,0.0928
2023-05-25 00:00:00,4.6143,123.475,0.3293
2023-05-25 01:00:00,4.5574,122.419,0.0319
2023-05-25 02:00:00,4.5803,123.012,2.9426
2023-05-25 03:00:00,4.7117,126.854,0.0639
2023-05-25 04:00:00,4.9593,128.611,2.8398
2023-05-25 05:00:00,4.9009,128.773,1.8834
2023-05-25 06:00:00,5.1241,132.325,0.5553
2023-05-25 07:00:00,4.9998,129.541,0.5833
2023-05-25 08:00:00,4.9811,128.22,2.8646
2023-05-25 09:00:00,4.821,126.075,1.6275
2023-05-25 10:00:00,4.9183,129.544,2.1333
2023-05-25 11:00:00,4.7003,124.038,0.1794
2023-05-25 12:00:00,4.4468,119.293,1.0348
2023-05-25 13:00:00,4.4103,121.567,1.1921
2023-05-25 14:00:00,4.2661,117.541,0.8405
2023-05-25 15:00:00,4.1356,115.539,1.0642
2023-05-25 16:00:00,4.4177,120.59,5.2774
2023-05-25 17:00:00,4.3709,120.593,2.6518
2023-05-25 18:00:00,4.261,116.797,1.7852
2023-05-25 19:00:00,4.2463,115.645,0.9231
2023-05-25 20:00:00,4.3784,118.76,2.6652
2023-05-25 21:00:00,4.4331,120.458,0.2696
2023-05-25 22:00:00,4.4638,120.09,2.0517
2023-05-25 23:00:00,4.5937,124.207,0.8282
2023-05-26 00:00:00,4.5617,123.644,1.2886
2023-05-26 01:00:00,4.6335,122.864,1.1989
2023-05-26 02:00:00,4.8378,126.829,1.0107
2023-05-26 03:00:00,4.7661,125.343,0.6736
2023-05-26 04:00:00,4.8648,127.099,0.8581
2023-05-26 05:00:00,4.9459,130.759,0.1097
2023-05-26 06:00:00,4.8547,127.129,1.1055
2023-05-26 07:00:00,4.8494,126.559,1.3419
2023-05-26 08:00:00,4.6293,124.529,0.6002
2023-05-26 09:00:00,4.6964,127.367,0.6344
2023-05-26 10:00:00,4.6841,123.586,3.5226
2023-05-26 11:00:00,4.5177,120.203,0.6329
2023-05-26 12:00:00,4.5527,121.423,1.1476
2023-05-26 13:00:00,4.2493,116.74,0.0842
2023-05-26 14:00:00,4.3521,117.134,2.6624
2023-05-26 15:00:00,4.286,116.468,1.4681
2023-05-26 16:00:00,4.4727,120.826,5.4448
2023-05-26 17:00:00,4.2732,118.72,0.0816
2023-05-26 18:00:00,4.244,116.621,1.2256
2023-05-26 19:00:00,4.3823,120.676,2.8135
2023-05-26 20:00:00,4.2377,118.011,0.0211
2023-05-26 21:00:00,4.2757,117.447,1.1456
2023-05-26 22:00:00,4.3911,118.632,0.5954
2023-05-26 23:00:00,4.4056,119.703,0.3199
2023-05-27 00:00:00,4.4905,120.702,0.3044
2023-05-27 01:00:00,4.5879,120.11,0.3576
2023-05-27 02:00:00,4.5207,120.613,2.4727
2023-05-27 03:00:00,4.7337,126.298,0.3802
2023-05-27 04:00:00,4.9224,127.055,2.3552
2023-05-27 05:00:00,4.9861,129.883,1.3778
2023-05-27 06:00:00,4.853,126.862,1.0154
2023-05-27 07:00:00,4.9196,127.978,0.967
2023-05-27 08:00:00,5.0931,129.429,4.4511
2023-05-27 09:00:00,4.8966,128.503,0.3792
2023-05-27 10:00:00,4.6573,124.17,1.5672
2023-05-27 11:00:00,4.5506,120.569,1.0134
2023-05-27 12:00:00,4.5712,123.06,0.9025
2023-05-27 13:00:00,4.595,121.846,4.8085
2023-05-27 14:00:00,4.2982,116.672,0.8219
2023-05-27 15:00:00,4.5073,120.452,3.3475
2023-05-27 16:00:00,4.3711,118.342,3.0979
2023-05-27 17:00:00,4.243,117.797,0.446
2023-05-27 18:00:00,4.253,115.775,0.8546
2023-05-27 19:00:00,4.2605,113.919,1.8946
2023-05-27 20:00:00,4.2235,117.979,0.9452
2023-05-27 21:00:00,4.208,115.503,1.2962
2023-05-27 22:00:00,4.4303,120.048,0.4702
2023-05-27 23:00:00,4.6176,122.602,2.9667
2023-05-28 00:00:00,4.455,118.704,0.0387
2023-05-28 01:00:00,4.6819,125.803,1.4997
2023-05-28 02:00:00,4.56,122.221,0.6938
2023-05-28 03:00:00,4.7172,125.768,0.2331
2023-05-28 04:00:00,4.9336,129.763,4.7753
2023-05-28 05:00:00,4.8387,128.013,0.2339
2023-05-28 06:00:00,4.9332,128.98,0.4787
2023-05-28 07:00:00,4.8211,127.356,0.3733
2023-05-28 08:00:00,4.9999,131.524,2.9774
2023-05-28 09:00:00,4.8528,127.459,0.0724
2023-05-28 10:00:00,4.5855,123.27,0.5219
2023-05-28 11:00:00,4.5134,124.299,1.5763
2023-05-28 12:00:00,4.5605,122.493,1.0975
2023-05-28 13:00:00,4.1926,114.853,1.0116
2023-05-28 14:00:00,4.1632,116.394,0.3152
2023-05-28 15:00:00,4.0701,113.803,0.4537
2023-05-28 16:00:00,4.2285,114.343,1.1062
2023-05-28 17:00:00,4.0821,112.716,1.8945
2023-05-28 18:00:00,4.1306,113.598,0.9546
2023-05-28 19:00:00,3.9992,111.443,1.8191
2023-05-28 20:00:00,4.2522,117.125,1.359
2023-05-28 21:00:00,4.3268,120.068,3.8667
2023-05-28 22:00:00,4.3629,119.442,1.0907
2023-05-28 23:00:00,4.474,118.176,0.095
2023-05-29 00:00:00,4.4719,119.044,0.7975
2023-05-29 01:00:00,4.7769,126.229,3.2138
2023-05-29 02:00:00,4.7811,126.094,1.0531
2023-05-29 03:00:00,4.9726,129.855,1.9636
2023-05-29 04:00:00,4.9509,126.35,1.6499
2023-05-29 05:00:00,4.9492,128.427,0.0962
2023-05-29 06:00:00,4.982,129.696,0.4668
2023-05-29 07:00:00,4.9218,128.7,1.9881
2023-05-29 08:00:00,4.7982,126.711,0.6848
2023-05-29 09:00:00,4.7175,123.083,1.2422
2023-05-29 10:00:00,4.5453,123.364,0.5665
2023-05-29 11:00:00,4.5926,122.594,3.1745
2023-05-29 12:00:00,4.4855,121.298,0.8284
2023-05-29 13:00:00,4.2871,114.536,3.3677
2023-05-29 14:00:00,4.387,120.576,0.0737
2023-05-29 15:00:00,4.3152,117.211,1.0971
2023-05-29 16:00:00,4.1286,115.24,0.2885
2023-05-29 17:00:00,4.0376,113.931,1.1264
2023-05-29 18:00:00,4.0429,113.346,1.1552
2023-05-29 19:00:00,4.2054,114.297,4.4805
2023-05-29 20:00:00,4.2114,116.823,1.7564
2023-05-29 21:00:00,4.2426,116.147,1.6216
2023-05-29 22:00:00,4.4629,120.516,0.0442
2023-05-29 23:00:00,4.6145,120.699,4.3775
2023-05-30 00:00:00,4.6128,123.234,1.1947
2023-05-30 01:00:00,4.6749,123.441,0.9006
2023-05-30 02:00:00,4.8004,127.978,0.8325
2023-05-30 03:00:00,5.0429,130.639,2.4037
2023-05-30 04:00:00,4.9133,128.157,0.5362
2023-05-30 05:00:00,4.9937,129.674,1.6957
2023-05-30 06:00:00,5.0428,130.658,2.9982
2023-05-30 07:00:00,4.8912,127.814,0.5849
2023-05-30 08:00:00,4.9577,129.579,0.0387
2023-05-30 09:00:00,4.8228,126.772,0.5111
2023-05-30 10:00:00,4.7678,125.468,2.0397
2023-05-30 11:00:00,4.4353,120.892,0.6423
2023-05-30 12:00:00,4.4013,117.807,0.9042
2023-05-30 13:00:00,4.4489,120.197,3.3188
2023-05-30 14:00:00,4.3233,119.911,0.4787
2023-05-30 15:00:00,4.2593,117.643,1.9386
2023-05-30 16:00:00,4.3012,117.506,0.0598
2023-05-30 17:00:00,4.0179,112.537,0.5798
2023-05-30 18:00:00,4.1818,114.385,0.107
2023-05-30 19:00:00,4.1402,113.951,1.5613
2023-05-30 20:00:00,4.0024,113.462,0.8853
2023-05-30 21:00:00,4.0923,115.08,1.6522
2023-05-30 22:00:00,4.129,115.084,0.3412
2023-05-30 23:00:00,4.4321,119.025,3.3166
2023-05-31 00:00:00,4.5261,124.427,0.6937
2023-05-31 01:00:00,4.6558,123.281,1.9303
2023-05-31 02:00:00,4.8153,124.828,2.5786
2023-05-31 03:00:00,4.7824,126.754,0.5901
2023-05-31 04:00:00,4.8479,127.607,0.8501
2023-05-31 05:00:00,4.6544,123.486,1.5877
2023-05-31 06:00:00,4.8615,128.529,0.8646
2023-05-31 07:00:00,4.9014,130.073,2.2316
2023-05-31 08:00:00,4.7651,124.005,1.6822
2023-05-31 09:00:00,4.7768,124.168,0.4704
2023-05-31 10:00:00,4.6571,125.704,0.8873
2023-05-31 11:00:00,4.541,121.659,1.0805
2023-05-31 12:00:00,4.668,123.375,5.3729
2023-05-31 13:00:00,4.6495,123.425,3.3782
2023-05-31 14:00:00,4.4092,118.597,1.2748
2023-05-31 15:00:00,4.4422,119.087,1.709
2023-05-31 16:00:00,4.3353,119.928,0.613
2023-05-31 17:00:00,4.4296,120.586,0.478
2023-05-31 18:00:00,4.215,117.74,2.9223
2023-05-31 19:00:00,4.2834,118.079,2.3149
2023-05-31 20:00:00,4.4643,122.36,2.1094
2023-05-31 21:00:00,4.3887,116.114,1.6683
2023-05-31 22:00:00,4.5937,120.246,1.204
2023-05-31 23:00:00,4.5524,121.696,1.448
2023-06-01 00:00:00,4.6634,123.588,1.976
2023-06-01 01:00:00,4.7678,123.194,3.0298
2023-06-01 02:00:00,4.8163,123.634,0.5587
2023-06-01 03:00:00,4.8334,127.64,0.4506
2023-06-01 04:00:00,5.0385,129.847,1.146
2023-06-01 05:00:00,4.8758,130.118,0.9859
2023-06-01 06:00:00,5.2391,134.786,5.3993
2023-06-01 07:00:00,4.9246,129.147,0.1625
2023-06-01 08:00:00,5.1614,132.141,6.8191
2023-06-01 09:00:00,5.2151,134.109,1.7803
2023-06-01 10:00:00,4.8718,127.066,0.6352
2023-06-01 11:00:00,4.9173,130.264,1.5583
2023-06-01 12:00:00,4.6324,123.681,0.6747
2023-06-01 13:00:00,4.4349,118.072,0.2047
2023-06-01 14:00:00,4.4214,121.026,3.6157
2023-06-01 15:00:00,4.2808,116.163,0.5312
2023-06-01 16:00:00,4.2333,115.384,0.7089
2023-06-01 17:00:00,4.1528,115.101,2.1166
2023-06-01 18:00:00,4.1213,115.572,0.7093
2023-06-01 19:00:00,4.2802,114.192,0.7609
2023-06-01 20:00:00,4.0477,110.822,0.0555
2023-06-01 21:00:00,4.2726,115.983,4.5404
2023-06-01 22:00:00,4.5042,122.676,3.1933
2023-06-01 23:00:00,4.4223,119.549,0.0089
2023-06-02 00:00:00,4.4687,120.679,0.2914
2023-06-02 01:00:00,4.5467,121.719,0.5905
2023-06-02 02:00:00,4.5326,122.348,0.2983
2023-06-02 03:00:00,4.7079,124.343,1.1096
2023-06-02 04:00:00,4.6855,125.352,0.3399
2023-06-02 05:00:00,4.8408,127.892,1.568
2023-06-02 06:00:00,4.6689,124.334,0.7114
2023-06-02 07:00:00,4.7095,125.665,0.2379
2023-06-02 08:00:00,4.5534,121.676,0.3423
2023-06-02 09:00:00,4.5506,119.568,0.5881
2023-06-02 10:00:00,4.4049,118.668,0.4576
2023-06-02 11:00:00,4.4346,120.281,0.8608
2023-06-02 12:00:00,4.1122,113.606,1.079
2023-06-02 13:00:00,4.2575,116.51,1.8682
2023-06-02 14:00:00,4.196,114.463,2.0991
2023-06-02 15:00:00,4.0409,111.498,0.2922
2023-06-02 16:00:00,4.2644,115.38,2.9891
2023-06-02 17:00:00,3.9435,110.394,0.2293
2023-06-02 18:00:00,4.3146,118.152,4.4203
2023-06-02 19:00:00,4.1071,114.027,0.4891
2023-06-02 20:00:00,4.2617,118.414,0.3818
2023-06-02 21:00:00,4.1225,113.132,0.6603
2023-06-02 22:00:00,4.3896,119.991,2.0516
2023-06-02 23:00:00,4.405,121.497,0.8847
2023-06-03 00:00:00,4.5969,123.887,1.74
2023-06-03 01:00:00,4.6025,124.83,3.2431
2023-06-03 02:00:00,4.7609,122.753,1.9516
2023-06-03 03:00:00,4.7101,125.16,1.1907
2023-06-03 04:00:00,4.799,127.4,0.0382
2023-06-03 05:00:00,4.9014,130.187,2.8539
2023-06-03 06:00:00,5.0506,131.526,4.1999
2023-06-03 07:00:00,5.1068,131.796,0.2945
2023-06-03 08:00:00,4.8651,125.081,2.6896
2023-06-03 09:00:00,5.0117,129.157,0.2147
2023-06-03 10:00:00,4.7999,125.124,2.6643
2023-06-03 11:00:00,4.6688,125.964,0.5224
2023-06-03 12:00:00,4.8299,128.97,5.4332
2023-06-03 13:00:00,4.4393,118.763,0.4467
2023-06-03 14:00:00,4.6134,122.637,6.6646
2023-06-03 15:00:00,4.5248,121.997,0.3589
2023-06-03 16:00:00,4.4711,120.315,2.8287
2023-06-03 17:00:00,4.3288,117.028,0.6203
2023-06-03 18:00:00,4.2279,115.037,1.6752
2023-06-03 19:00:00,4.2204,115.888,0.7591
2023-06-03 20:00:00,4.3716,120.601,1.084
2023-06-03 21:00:00,4.3551,118.808,0.5206
2023-06-03 22:00:00,4.3644,118.532,0.4381
2023-06-03 23:00:00,4.3145,117.478,1.2882
2023-06-04 00:00:00,4.4925,121.223,0.9486
2023-06-04 01:00:00,4.7054,125.176,2.4187
2023-06-04 02:00:00,4.6065,122.739,0.3253
2023-06-04 03:00:00,4.8128,126.444,1.0489
2023-06-04 04:00:00,4.8448,127.326,0.7324
2023-06-04 05:00:00,4.822,125.17,0.7866
2023-06-04 06:00:00,4.9176,130.926,0.8051
2023-06-04 07:00:00,5.0721,133.099,4.5487
2023-06-04 08:00:00,4.8931,127.115,0.2062
2023-06-04 09:00:00,4.8053,125.939,1.1959
2023-06-04 10:00:00,4.7249,124.53,1.0354
2023-06-04 11:00:00,4.4179,120.626,0.4258
2023-06-04 12:00:00,4.3943,117.927,0.5306
2023-06-04 13:00:00,4.1121,114.228,0.1026
2023-06-04 14:00:00,4.142,113.955,0.0088
2023-06-04 15:00:00,4.1987,116.66,3.3332
2023-06-04 16:00:00,4.0896,115.284,1.2951
2023-06-04 17:00:00,3.915,110.131,0.7598
2023-06-04 18:00:00,3.9003,109.908,0.1097
2023-06-04 19:00:00,3.9193,110.821,1.1292
2023-06-04 20:00:00,3.9589,111.177,0.3809
2023-06-04 21:00:00,4.1065,114.187,0.8491
2023-06-04 22:00:00,4.0983,114.132,0.198
2023-06-04 23:00:00,4.2506,115.827,0.945
2023-06-05 00:00:00,4.0895,111.375,0.0379
2023-06-05 01:00:00,4.2918,116.071,0.0717
2023-06-05 02:00:00,4.486,120.626,1.7483
2023-06-05 03:00:00,4.3953,118.2,0.0654
2023-06-05 04:00:00,4.5366,121.137,1.7905
2023-06-05 05:00:00,4.591,122.709,0.1502
2023-06-05 06:00:00,4.6597,124.125,0.0796
2023-06-05 07:00:00,4.6338,122.004,1.2499
2023-06-05 08:00:00,4.7763,127.442,2.8226
2023-06-05 09:00:00,4.6821,125.461,1.1261
2023-06-05 10:00:00,4.5205,121.771,1.6925
2023-06-05 11:00:00,4.6306,123.753,1.8939
2023-06-05 12:00:00,4.4113,117.92,1.0808
2023-06-05 13:00:00,4.2766,115.383,0.4245
2023-06-05 14:00:00,4.0691,112.21,0.1186
2023-06-05 15:00:00,4.0184,112.747,0.6513
2023-06-05 16:00:00,4.0784,113.497,2.5558
2023-06-05 17:00:00,3.8707,108.958,0.6975
2023-06-05 18:00:00,4.0914,114.895,0.3497
2023-06-05 19:00:00,3.86,109.824,0.3879
2023-06-05 20:00:00,3.9762,111.229,1.0761
2023-06-05 21:00:00,4.1426,116.012,1.2979
2023-06-05 22:00:00,4.0777,114.317,1.0952
2023-06-05 23:00:00,4.2825,119.442,0.2618
2023-06-06 00:00:00,4.2079,114.825,0.1063
2023-06-06 01:00:00,4.534,119.761,3.18
2023-06-06 02:00:00,4.5169,120.568,1.6891
2023-06-06 03:00:00,4.9049,127.613,2.7172
2023-06-06 04:00:00,4.9012,128.543,0.4525
2023-06-06 05:00:00,4.8205,126.311,0.8742
2023-06-06 06:00:00,4.9101,127.633,2.6158
2023-06-06 07:00:00,5.1222,131.018,6.7408
2023-06-06 08:00:00,4.9332,130.681,0.3991
2023-06-06 09:00:00,4.8907,127.243,0.2038
2023-06-06 10:00:00,4.6201,122.036,0.1906
2023-06-06 11:00:00,4.5061,121.226,0.9748
2023-06-06 12:00:00,4.2254,116.31,0.5683
2023-06-06 13:00:00,4.2272,114.979,0.0359
2023-06-06 14:00:00,4.2617,117.472,1.5204
2023-06-06 15:00:00,4.1387,114.372,5.3875
2023-06-06 16:00:00,4.296,116.347,1.4258
2023-06-06 17:00:00,4.404,119.623,2.5055
2023-06-06 18:00:00,4.28,116.984,2.2662
2023-06-06 19:00:00,4.1904,113.453,0.5241
2023-06-06 20:00:00,4.3745,118.437,1.8088
2023-06-06 21:00:00,4.2256,117.265,0.8144
2023-06-06 22:00:00,4.3684,117.423,0.4448
2023-06-06 23:00:00,4.3072,116.567,0.1096
2023-06-07 00:00:00,4.3748,117.405,1.2559
2023-06-07 01:00:00,4.454,121.701,1.2993
2023-06-07 02:00:00,4.6882,124.829,2.0893
2023-06-07 03:00:00,4.8497,128.451,3.7104
2023-06-07 04:00:00,4.8921,127.445,1.7653
2023-06-07 05:00:00,4.8655,129.535,0.3686
2023-06-07 06:00:00,4.8274,125.802,1.777
2023-06-07 07:00:00,4.9649,129.665,1.3432
2023-06-07 08:00:00,4.7076,123.81,1.2868
2023-06-07 09:00:00,4.5849,122.263,0.1916
2023-06-07 10:00:00,4.7059,123.196,1.4292
2023-06-07 11:00:00,4.6878,124.274,4.236
2023-06-07 12:00:00,4.4576,120.461,1.8635
2023-06-07 13:00:00,4.449,119.739,0.9828
2023-06-07 14:00:00,4.4569,119.419,2.7258
2023-06-07 15:00:00,4.3198,118.461,0.2056
2023-06-07 16:00:00,4.0865,112.084,1.1589
2023-06-07 17:00:00,4.1462,116.185,0.6729
2023-06-07 18:00:00,4.0056,111.895,0.0794
2023-06-07 19:00:00,3.9012,108.677,1.1655
2023-06-07 20:00:00,4.0101,112.725,1.2181
2023-06-07 21:00:00,4.0746,113.848,0.4365
2023-06-07 22:00:00,4.324,117.084,4.1238
2023-06-07 23:00:00,4.3705,117.737,0.7862
2023-06-08 00:00:00,4.3043,115.908,0.0005
2023-06-08 01:00:00,4.5496,121.969,3.6865
2023-06-08 02:00:00,4.6308,121.408,1.6136
2023-06-08 03:00:00,4.7019,124.562,0.7864
2023-06-08 04:00:00,4.9064,126.579,2.0505
2023-06-08 05:00:00,4.88,127.559,2.3694
2023-06-08 06:00:00,4.9602,129.531,0.3058
2023-06-08 07:00:00,4.8978,128.675,2.5994
2023-06-08 08:00:00,4.8272,126.178,2.2201
2023-06-08 09:00:00,4.8097,126.81,0.4838
2023-06-08 10:00:00,4.69,125.178,0.0194
2023-06-08 11:00:00,4.6388,124.911,0.0322
2023-06-08 12:00:00,4.2945,116.944,0.0695
2023-06-08 13:00:00,4.3085,115.852,0.8492
2023-06-08 14:00:00,4.0182,112.079,1.0207
2023-06-08 15:00:00,3.9488,109.907,0.5888
2023-06-08 16:00:00,3.9173,110.485,0.2997
2023-06-08 17:00:00,3.8339,109.847,0.3697
2023-06-08 18:00:00,3.8497,109.97,0.545
2023-06-08 19:00:00,3.8274,107.233,1.3149
2023-06-08 20:00:00,3.8444,109.12,0.9898
2023-06-08 21:00:00,3.9251,111.489,0.0717
2023-06-08 22:00:00,4.2268,116.541,2.0516
2023-06-08 23:00:00,4.1202,112.918,0.0305
2023-06-09 00:00:00,4.3086,118.981,1.5277
2023-06-09 01:00:00,4.5041,120.175,3.2454
2023-06-09 02:00:00,4.6136,123.825,0.4576
2023-06-09 03:00:00,4.5714,122.154,0.2032
2023-06-09 04:00:00,4.7586,125.414,2.4544
2023-06-09 05:00:00,4.8192,124.795,0.0534
2023-06-09 06:00:00,4.8017,125.661,0.4337
2023-06-09 07:00:00,4.7314,123.312,3.3054
2023-06-09 08:00:00,4.7305,125.647,0.141
2023-06-09 09:00:00,4.6355,124.5,2.6977
2023-06-09 10:00:00,4.6156,125.452,1.2816
2023-06-09 11:00:00,4.5674,123.611,1.4072
2023-06-09 12:00:00,4.4735,121.992,1.672
2023-06-09 13:00:00,4.5178,121.127,1.4576
2023-06-09 14:00:00,4.1905,115.415,1.0522
2023-06-09 15:00:00,4.0079,111.663,0.1195
2023-06-09 16:00:00,3.9883,112.077,0.4294
2023-06-09 17:00:00,4.0039,111.541,1.8041
2023-06-09 18:00:00,3.9776,113.532,0.5609
2023-06-09 19:00:00,3.819,108.648,0.8595
2023-06-09 20:00:00,3.9874,110.587,0.737
2023-06-09 21:00:00,4.003,111.31,1.042
2023-06-09 22:00:00,4.0198,111.321,1.1587
2023-06-09 23:00:00,4.1778,115.761,0.1644
2023-06-10 00:00:00,4.3215,117.952,0.5135
2023-06-10 01:00:00,4.4138,119.615,0.9947
2023-06-10 02:00:00,4.3038,116.302,0.2334
2023-06-10 03:00:00,4.5388,123.352,0.6788
2023-06-10 04:00:00,4.7008,125.479,1.25
2023-06-10 05:00:00,4.5244,120.207,0.2927
2023-06-10 06:00:00,4.7103,124.262,1.7145
2023-06-10 07:00:00,4.727,123.966,0.6955
2023-06-10 08:00:00,4.482,122.781,0.9782
2023-06-10 09:00:00,4.4997,122.899,0.1444
2023-06-10 10:00:00,4.3036,116.741,0.216
2023-06-10 11:00:00,4.1755,116.261,0.7673
2023-06-10 12:00:00,4.2397,114.45,0.3435
2023-06-10 13:00:00,4.0779,115.078,0.6945
2023-06-10 14:00:00,4.0553,112.227,1.6554
2023-06-10 15:00:00,4.1128,112.895,1.4913
2023-06-10 16:00:00,4.1241,113.041,3.8024
2023-06-10 17:00:00,4.036,110.584,0.396
2023-06-10 18:00:00,3.8773,108.066,0.5525
2023-06-10 19:00:00,3.9629,111.881,0.5622
2023-06-10 20:00:00,3.9029,112.719,0.3569
2023-06-10 21:00:00,4.2525,117.415,6.1523
2023-06-10 22:00:00,4.2549,115.035,0.4349
2023-06-10 23:00:00,4.3828,119.96,0.5919
2023-06-11 00:00:00,4.4472,122.725,2.8553
2023-06-11 01:00:00,4.4903,120.632,0.7086
2023-06-11 02:00:00,4.6616,122.077,1.8192
2023-06-11 03:00:00,4.6679,124.468,1.3135
2023-06-11 04:00:00,4.7971,127.641,0.9961
2023-06-11 05:00:00,4.7266,126.03,1.2307
2023-06-11 06:00:00,4.6943,123.196,0.1955
2023-06-11 07:00:00,4.6893,122.883,2.2578
2023-06-11 08:00:00,4.9137,128.404,1.654
2023-06-11 09:00:00,4.6432,124.811,0.334
2023-06-11 10:00:00,4.4471,120.848,0.1048
2023-06-11 11:00:00,4.4532,118.847,0.4395
2023-06-11 12:00:00,4.2385,116.319,0.0175
2023-06-11 13:00:00,4.116,113.676,0.2897
2023-06-11 14:00:00,4.0458,112.452,1.0626
2023-06-11 15:00:00,3.9474,110.395,0.0077
2023-06-11 16:00:00,3.7793,105.279,1.0116
2023-06-11 17:00:00,3.8422,109.946,0.1966
2023-06-11 18:00:00,3.8896,110.589,0.9136
2023-06-11 19:00:00,3.8141,110.377,0.9077
2023-06-11 20:00:00,3.8409,109.216,0.4927
2023-06-11 21:00:00,3.8182,108.921,1.3815
2023-06-11 22:00:00,4.007,113.088,0.2906
2023-06-11 23:00:00,4.219,115.358,3.7581
2023-06-12 00:00:00,4.302,118.007,0.7732
2023-06-12 01:00:00,4.3808,118.912,0.6755
2023-06-12 02:00:00,4.5679,122.127,0.4609
2023-06-12 03:00:00,4.4379,119.526,1.537
2023-06-12 04:00:00,4.6342,124.507,0.7401
2023-06-12 05:00:00,4.602,124.214,0.7379
2023-06-12 06:00:00,4.6093,125.1,1.3867
2023-06-12 07:00:00,4.8968,128.53,2.0108
2023-06-12 08:00:00,4.7086,125.78,2.8439
2023-06-12 09:00:00,4.5739,123.736,0.1305
2023-06-12 10:00:00,4.4803,121.395,0.6948
2023-06-12 11:00:00,4.412,121.086,1.1316
2023-06-12 12:00:00,4.4396,118.52,2.0267
2023-06-12 13:00:00,4.2675,115.539,1.0027
2023-06-12 14:00:00,4.0702,112.854,0.6329
2023-06-12 15:00:00,4.007,111.222,1.2436
2023-06-12 16:00:00,3.9019,108.92,2.6394
2023-06-12 17:00:00,3.9543,112.303,0.8612
2023-06-12 18:00:00,3.8732,109.286,0.0973
2023-06-12 19:00:00,4.0486,109.869,4.1592
2023-06-12 20:00:00,4.1705,113.949,1.3956
2023-06-12 21:00:00,4.1241,112.86,0.6545
2023-06-12 22:00:00,4.0747,113.633,0.571
2023-06-12 23:00:00,4.2852,117.458,0.7434
2023-06-13 00:00:00,4.253,116.307,1.0467
2023-06-13 01:00:00,4.3187,116.246,0.0275
2023-06-13 02:00:00,4.3716,119.284,0.2044
2023-06-13 03:00:00,4.2471,116.743,0.3338
2023-06-13 04:00:00,4.3777,118.132,0.4127
2023-06-13 05:00:00,4.4862,119.123,1.9727
2023-06-13 06:00:00,4.7222,125.313,1.5766
2023-06-13 07:00:00,4.6079,122.787,0.5831
2023-06-13 08:00:00,4.4821,120.917,0.2071
2023-06-13 09:00:00,4.4902,120.039,1.0704
2023-06-13 10:00:00,4.4107,118.09,0.8746
2023-06-13 11:00:00,4.337,117.143,1.1822
2023-06-13 12:00:00,4.2273,115.509,1.3675
2023-06-13 13:00:00,4.2566,116.518,0.6257
2023-06-13 14:00:00,4.0814,110.696,1.1505
2023-06-13 15:00:00,3.9367,112.425,0.3721
2023-06-13 16:00:00,3.9689,112.123,3.1147
2023-06-13 17:00:00,4.0151,112.904,1.2939
2023-06-13 18:00:00,4.0078,112.007,0.9299
2023-06-13 19:00:00,3.9979,113.379,0.993
2023-06-13 20:00:00,3.8947,113.282,0.7332
2023-06-13 21:00:00,4.0782,113.936,1.2012
2023-06-13 22:00:00,4.3256,117.67,4.2841
2023-06-13 23:00:00,4.2664,117.105,0.0143
2023-06-14 00:00:00,4.4582,121.832,0.6294
2023-06-14 01:00:00,4.4194,119.591,0.0834
2023-06-14 02:00:00,4.5134,121.462,1.4597
2023-06-14 03:00:00,4.5761,122.158,0.9977
2023-06-14 04:00:00,4.5376,122.71,0.876
2023-06-14 05:00:00,4.6275,124.665,0.7858
2023-06-14 06:00:00,4.6772,124.065,0.2067
2023-06-14 07:00:00,4.5457,122.461,0.0343
2023-06-14 08:00:00,4.5474,120.709,1.9945
2023-06-14 09:00:00,4.5898,121.988,0.4895
2023-06-14 10:00:00,4.5179,121.82,2.3398
2023-06-14 11:00:00,4.268,116.053,0.3675
2023-06-14 12:00:00,4.2706,115.79,0.5285
2023-06-14 13:00:00,4.0674,113.404,0.2562
2023-06-14 14:00:00,3.9991,111.955,0.8206
2023-06-14 15:00:00,3.7438,108.05,0.3281
2023-06-14 16:00:00,3.8408,109.006,0.581
2023-06-14 17:00:00,3.8549,109.317,3.4319
2023-06-14 18:00:00,3.8775,111.373,0.4505
2023-06-14 19:00:00,3.8279,109.929,0.6662
2023-06-14 20:00:00,4.078,112.902,1.8857
2023-06-14 21:00:00,3.9692,110.996,0.5832
2023-06-14 22:00:00,4.0347,112.698,1.0807
2023-06-14 23:00:00,4.1575,114.163,0.962
2023-06-15 00:00:00,4.1406,115.241,0.5692
2023-06-15 01:00:00,4.2626,116.431,0.5077
2023-06-15 02:00:00,4.3895,118.222,1.0668
2023-06-15 03:00:00,4.3978,120.973,0.3271
2023-06-15 04:00:00,4.4495,119.139,1.1658
2023-06-15 05:00:00,4.5258,119.041,0.8497
2023-06-15 06:00:00,4.5609,122.123,0.1178
2023-06-15 07:00:00,4.578,124.181,1.072
2023-06-15 08:00:00,4.5276,121.059,0.0787
2023-06-15 09:00:00,4.424,120.45,1.1658
2023-06-15 10:00:00,4.3674,118.26,1.4364
2023-06-15 11:00:00,4.3663,119.665,0.3629
2023-06-15 12:00:00,4.1837,114.393,2.0946
2023-06-15 13:00:00,4.1639,115.19,1.286
2023-06-15 14:00:00,4.0451,111.377,0.3074
2023-06-15 15:00:00,3.8589,112.477,0.6281
2023-06-15 16:00:00,3.7796,107.357,0.8447
2023-06-15 17:00:00,3.94,111.621,1.3775
2023-06-15 18:00:00,3.657,106.148,0.2211
2023-06-15 19:00:00,3.7258,107.46,1.3472
2023-06-15 20:00:00,3.8422,107.311,1.6253
2023-06-15 21:00:00,3.9448,111.88,0.5094
2023-06-15 22:00:00,4.3279,116.363,6.8336
2023-06-15 23:00:00,4.432,119.115,0.4198
2023-06-16 00:00:00,4.4156,120.671,0.8269
2023-06-16 01:00:00,4.4675,120.751,0.7128
2023-06-16 02:00:00,4.4427,120.16,0.8655
2023-06-16 03:00:00,4.7011,123.099,1.2255
2023-06-16 04:00:00,4.6902,123.312,0.8079
2023-06-16 05:00:00,4.6737,125.178,0.5866
2023-06-16 06:00:00,4.6509,124.416,0.4375
2023-06-16 07:00:00,4.4604,119.563,0.0493
2023-06-16 08:00:00,4.5186,119.71,2.2906
2023-06-16 09:00:00,4.4565,121.11,0.657
2023-06-16 10:00:00,4.4501,119.349,0.445
2023-06-16 11:00:00,4.3192,118.525,1.1255
2023-06-16 12:00:00,4.3738,118.782,0.564
2023-06-16 13:00:00,4.2224,116.193,2.5984
2023-06-16 14:00:00,4.1074,114.117,0.9709
2023-06-16 15:00:00,3.8773,110.566,1.0886
2023-06-16 16:00:00,4.0162,111.342,2.8027
2023-06-16 17:00:00,4.0013,113.643,0.8272
2023-06-16 18:00:00,3.9588,109.291,0.7269
2023-06-16 19:00:00,3.7615,108.85,0.5728
2023-06-16 20:00:00,3.8454,111.166,0.6349
2023-06-16 21:00:00,3.9573,111.656,0.0341
2023-06-16 22:00:00,3.9642,110.94,1.3547
2023-06-16 23:00:00,4.0986,114.134,0.6058
2023-06-17 00:00:00,4.2096,115.746,1.0991
2023-06-17 01:00:00,4.2838,115.609,0.7878
2023-06-17 02:00:00,4.3822,117.016,0.0047
2023-06-17 03:00:00,4.4411,120.533,0.4145
2023-06-17 04:00:00,4.5427,123.116,0.3782
2023-06-17 05:00:00,4.6268,121.527,1.7513
2023-06-17 06:00:00,4.69,124.639,1.6454
2023-06-17 07:00:00,4.6516,124.516,2.9743
2023-06-17 08:00:00,4.4433,120.003,0.392
2023-06-17 09:00:00,4.4813,117.02,0.1786
2023-06-17 10:00:00,4.4967,121.929,2.7308
2023-06-17 11:00:00,4.3172,117.304,0.7835
2023-06-17 12:00:00,4.2423,116.763,0.7728
2023-06-17 13:00:00,4.1559,114.756,0.5224
2023-06-17 14:00:00,4.1443,114.45,0.4581
2023-06-17 15:00:00,3.9465,110.648,0.4305
2023-06-17 16:00:00,3.8352,111.531,0.5607
2023-06-17 17:00:00,3.8349,107.141,1.8355
2023-06-17 18:00:00,3.7357,105.447,0.1781
2023-06-17 19:00:00,3.7468,109.261,0.4273
2023-06-17 20:00:00,3.7972,107.101,0.595
2023-06-17 21:00:00,3.9345,108.704,2.5442
2023-06-17 22:00:00,4.0066,112.222,1.9885
2023-06-17 23:00:00,4.245,117.247,1.3788
2023-06-18 00:00:00,4.1654,114.948,0.1638
2023-06-18 01:00:00,4.3399,118.128,1.0994
2023-06-18 02:00:00,4.4526,122.352,0.1343
2023-06-18 03:00:00,4.6115,123.961,0.3156
2023-06-18 04:00:00,4.4041,122.956,1.0019
2023-06-18 05:00:00,4.3826,117.993,0.0918
2023-06-18 06:00:00,4.4427,118.47,0.3522
2023-06-18 07:00:00,4.5006,119.921,1.0333
2023-06-18 08:00:00,4.6565,124.043,0.0682
2023-06-18 09:00:00,4.3877,120.54,1.3824
2023-06-18 10:00:00,4.342,118.395,0.2791
2023-06-18 11:00:00,4.2637,118.06,2.5584
2023-06-18 12:00:00,4.4249,122.254,2.9501
2023-06-18 13:00:00,4.1837,116.35,0.2176
2023-06-18 14:00:00,4.0083,113.829,0.5373
2023-06-18 15:00:00,3.8561,109.72,0.3408
2023-06-18 16:00:00,3.8809,110.364,1.8031
2023-06-18 17:00:00,3.8884,108.87,1.7917
2023-06-18 18:00:00,3.9182,110.701,1.7054
2023-06-18 19:00:00,3.8169,109.236,0.4438
2023-06-18 20:00:00,3.9194,112.572,1.2756
2023-06-18 21:00:00,3.8386,108.709,0.4252
2023-06-18 22:00:00,3.9165,109.33,0.4414
2023-06-18 23:00:00,4.061,114.393,0.4514
2023-06-19 00:00:00,4.0272,113.524,0.0299
2023-06-19 01:00:00,4.154,113.737,0.4266
2023-06-19 02:00:00,4.4012,120.918,2.0761
2023-06-19 03:00:00,4.3495,116.267,0.0401
2023-06-19 04:00:00,4.4109,121.563,0.5782
2023-06-19 05:00:00,4.4729,120.478,0.1443
2023-06-19 06:00:00,4.6005,122.116,2.0506
2023-06-19 07:00:00,4.5095,120.719,0.0691
2023-06-19 08:00:00,4.4674,120.127,0.0198
2023-06-19 09:00:00,4.543,121.662,2.6968
2023-06-19 10:00:00,4.4087,117.853,1.2715
2023-06-19 11:00:00,4.3031,118.748,0.3898
2023-06-19 12:00:00,4.1766,116.422,1.3207
2023-06-19 13:00:00,4.0977,113.543,0.7846
2023-06-19 14:00:00,3.9193,109.067,0.3184
2023-06-19 15:00:00,3.9729,111.017,0.3906
2023-06-19 16:00:00,3.8174,106.527,0.4039
2023-06-19 17:00:00,3.5823,104.129,0.4926
2023-06-19 18:00:00,3.67,106.142,1.6539
2023-06-19 19:00:00,3.6821,107.53,0.0073
2023-06-19 20:00:00,3.8338,109.529,1.3386
2023-06-19 21:00:00,3.7021,106.533,0.036
2023-06-19 22:00:00,3.7394,108.475,0.2862
2023-06-19 23:00:00,3.9578,111.698,0.1733
2023-06-20 00:00:00,4.1054,112.836,0.215
2023-06-20 01:00:00,4.138,114.547,1.1086
2023-06-20 02:00:00,4.1702,117.497,1.1598
2023-06-20 03:00:00,4.4268,118.727,0.0129
2023-06-20 04:00:00,4.3679,119.595,0.7993
2023-06-20 05:00:00,4.3659,117.973,0.5415
2023-06-20 06:00:00,4.5425,121.212,2.6708
2023-06-20 07:00:00,4.6757,122.967,1.3895
2023-06-20 08:00:00,4.3736,117.604,0.2745
2023-06-20 09:00:00,4.4791,120.031,1.7967
2023-06-20 10:00:00,4.3694,118.025,0.4754
2023-06-20 11:00:00,4.3528,119.068,2.3191
2023-06-20 12:00:00,4.1751,115.103,0.5972
2023-06-20 13:00:00,4.0135,109.614,0.2321
2023-06-20 14:00:00,4.063,114.191,2.6588
2023-06-20 15:00:00,3.8486,110.351,1.1327
2023-06-20 16:00:00,3.8101,108.394,1.7465
2023-06-20 17:00:00,3.7769,108.021,0.108
2023-06-20 18:00:00,3.8114,109.364,0.507
2023-06-20 19:00:00,3.7938,105.857,0.2152
2023-06-20 20:00:00,3.6502,103.122,0.3787
2023-06-20 21:00:00,3.9306,110.009,1.3539
2023-06-20 22:00:00,3.9783,111.749,0.5874
2023-06-20 23:00:00,3.8815,110.206,1.41
2023-06-21 00:00:00,4.2161,115.194,0.507
2023-06-21 01:00:00,4.2242,114.771,3.1174
2023-06-21 02:00:00,4.4121,118.287,0.0928
2023-06-21 03:00:00,4.41,121.215,0.6139
2023-06-21 04:00:00,4.4474,121.334,1.1419
2023-06-21 05:00:00,4.6026,123.497,1.3544
2023-06-21 06:00:00,4.3766,119.047,0.3731
2023-06-21 07:00:00,4.5018,118.753,0.049
2023-06-21 08:00:00,4.3706,118.303,0.2957
2023-06-21 09:00:00,4.3113,118.494,0.3436
2023-06-21 10:00:00,4.3291,119.619,0.8036
2023-06-21 11:00:00,4.0356,114.49,0.5789
2023-06-21 12:00:00,3.9198,112.018,0.0737
2023-06-21 13:00:00,4.1119,112.66,1.4532
2023-06-21 14:00:00,3.774,106.711,1.3757
2023-06-21 15:00:00,3.532,103.719,0.6416
2023-06-21 16:00:00,3.8807,110.771,0.4856
2023-06-21 17:00:00,3.7418,106.541,0.2628
2023-06-21 18:00:00,3.5838,104.521,0.1114
2023-06-21 19:00:00,3.7584,106.976,2.8952
2023-06-21 20:00:00,3.8854,109.789,1.6702
2023-06-21 21:00:00,3.863,107.797,0.776
2023-06-21 22:00:00,3.9248,110.501,2.5614
2023-06-21 23:00:00,4.0608,114.633,0.1221
2023-06-22 00:00:00,4.044,112.416,0.6668
2023-06-22 01:00:00,4.2587,117.896,0.0459
2023-06-22 02:00:00,4.281,116.615,0.8406
2023-06-22 03:00:00,4.3619,119.125,1.2463
2023-06-22 04:00:00,4.4706,121.986,0.5459
2023-06-22 05:00:00,4.4542,120.833,0.1941
2023-06-22 06:00:00,4.5664,119.933,1.5679
2023-06-22 07:00:00,4.5619,121.588,1.9992
2023-06-22 08:00:00,4.5217,120.961,0.0031
2023-06-22 09:00:00,4.4485,121.762,0.3043
2023-06-22 10:00:00,4.1484,114.577,0.3361
2023-06-22 11:00:00,4.2093,116.407,0.0171
2023-06-22 12:00:00,4.0593,111.85,0.8772
2023-06-22 13:00:00,4.0021,110.322,0.6592
2023-06-22 14:00:00,3.919,110.615,0.4599
2023-06-22 15:00:00,3.7295,107.327,0.5471
2023-06-22 16:00:00,3.7677,107.395,0.2548
2023-06-22 17:00:00,3.4726,103.909,0.3763
2023-06-22 18:00:00,3.6991,106.943,1.0927
2023-06-22 19:00:00,3.6218,107.5,0.5192
2023-06-22 20:00:00,3.6353,105.938,0.3992
2023-06-22 21:00:00,3.6798,107.152,0.4629
2023-06-22 22:00:00,3.8098,109.658,1.2801
2023-06-22 23:00:00,3.9499,110.073,1.0046
2023-06-23 00:00:00,4.0286,112.687,0.1347
2023-06-23 01:00:00,3.9649,112.463,1.7989
2023-06-23 02:00:00,4.2447,115.523,0.6157
2023-06-23 03:00:00,4.3707,121.025,0.2565
2023-06-23 04:00:00,4.4761,119.806,0.9398
2023-06-23 05:00:00,4.5827,122.0,1.0366
2023-06-23 06:00:00,4.5331,122.854,0.9404
2023-06-23 07:00:00,4.4701,119.098,0.0134
2023-06-23 08:00:00,4.3578,119.367,0.3648
2023-06-23 09:00:00,4.3785,117.878,0.4537
2023-06-23 10:00:00,4.4653,117.92,1.0927
2023-06-23 11:00:00,4.0705,113.226,0.9828
2023-06-23 12:00:00,4.0692,113.757,0.002
2023-06-23 13:00:00,3.9528,110.186,0.7233
2023-06-23 14:00:00,3.8687,110.933,0.5196
2023-06-23 15:00:00,3.7799,106.797,0.4069
2023-06-23 16:00:00,3.6395,105.433,0.3577
2023-06-23 17:00:00,3.5895,103.906,0.6672
2023-06-23 18:00:00,3.5556,103.832,0.5684
2023-06-23 19:00:00,3.669,104.453,0.4862
2023-06-23 20:00:00,3.6785,106.395,0.9287
2023-06-23 21:00:00,3.722,107.633,0.1658
2023-06-23 22:00:00,3.7275,105.388,0.0245
2023-06-23 23:00:00,3.6641,104.641,0.5084
2023-06-24 00:00:00,3.8063,108.756,0.189
2023-06-24 01:00:00,4.0113,111.202,1.2485
2023-06-24 02:00:00,4.0852,113.64,0.8964
2023-06-24 03:00:00,4.2624,117.821,0.1326
2023-06-24 04:00:00,4.3294,117.303,0.3474
2023-06-24 05:00:00,4.3367,118.172,0.1047
2023-06-24 06:00:00,4.3324,118.416,0.6013
2023-06-24 07:00:00,4.2734,116.411,0.161
2023-06-24 08:00:00,4.3222,117.605,1.3559
2023-06-24 09:00:00,4.3334,117.862,0.6231
2023-06-24 10:00:00,4.0808,112.955,0.9949
2023-06-24 11:00:00,4.1423,114.928,0.3145
2023-06-24 12:00:00,3.9016,112.717,0.0211
2023-06-24 13:00:00,3.7357,105.587,1.3169
2023-06-24 14:00:00,3.7897,109.76,0.0914
2023-06-24 15:00:00,3.6842,105.76,0.1466
2023-06-24 16:00:00,3.6406,106.686,0.4344
2023-06-24 17:00:00,3.4736,101.452,0.2682
2023-06-24 18:00:00,3.4093,101.715,0.6666
2023-06-24 19:00:00,3.4528,102.27,0.6364
2023-06-24 20:00:00,3.7393,106.341,1.0816
2023-06-24 21:00:00,3.6161,104.667,0.2231
2023-06-24 22:00:00,3.7565,108.804,0.4704
2023-06-24 23:00:00,3.7389,104.298,0.2507
2023-06-25 00:00:00,3.8606,111.358,1.0536
2023-06-25 01:00:00,4.1307,114.407,0.0476
2023-06-25 02:00:00,4.1494,113.217,1.2025
2023-06-25 03:00:00,4.2358,116.147,0.0076
2023-06-25 04:00:00,4.4259,119.904,1.1071
2023-06-25 05:00:00,4.4103,121.531,0.5282
2023-06-25 06:00:00,4.3367,117.942,0.5132
2023-06-25 07:00:00,4.2905,115.805,0.2954
2023-06-25 08:00:00,4.2647,115.582,0.5235
2023-06-25 09:00:00,4.1993,114.427,0.4889
2023-06-25 10:00:00,4.0967,115.241,0.0456
2023-06-25 11:00:00,4.0906,112.529,0.4503
2023-06-25 12:00:00,3.8676,110.189,0.0672
2023-06-25 13:00:00,3.806,108.136,0.856
2023-06-25 14:00:00,3.6744,106.324,0.3113
2023-06-25 15:00:00,3.7897,111.092,0.7131
2023-06-25 16:00:00,3.6976,107.815,1.4279
2023-06-25 17:00:00,3.5383,100.787,0.0654
2023-06-25 18:00:00,3.4797,103.253,0.5681
2023-06-25 19:00:00,3.6394,102.476,3.3665
2023-06-25 20:00:00,3.83,109.103,1.9291
2023-06-25 21:00:00,3.7725,106.965,0.4617
2023-06-25 22:00:00,3.7845,107.229,0.2117
2023-06-25 23:00:00,3.9064,108.564,1.6692
2023-06-26 00:00:00,3.9923,110.645,0.8121
2023-06-26 01:00:00,4.1789,117.545,0.1399
2023-06-26 02:00:00,4.2982,116.976,0.4274
2023-06-26 03:00:00,4.2516,115.745,0.1803
2023-06-26 04:00:00,4.3581,118.491,0.1011
2023-06-26 05:00:00,4.3749,119.921,1.7942
2023-06-26 06:00:00,4.442,119.895,0.6946
2023-06-26 07:00:00,4.3722,117.431,0.6428
2023-06-26 08:00:00,4.3285,117.129,0.3649
2023-06-26 09:00:00,4.4244,116.572,0.3472
2023-06-26 10:00:00,4.1858,113.625,0.6072
2023-06-26 11:00:00,4.0675,112.159,0.2026
2023-06-26 12:00:00,3.953,109.758,0.7887
2023-06-26 13:00:00,3.9325,110.312,1.6566
2023-06-26 14:00:00,3.8329,109.599,0.6172
2023-06-26 15:00:00,3.7741,107.417,0.9167
2023-06-26 16:00:00,3.6553,106.145,0.4967
2023-06-26 17:00:00,3.5056,99.833,0.8961
2023-06-26 18:00:00,3.6618,106.771,0.3538
2023-06-26 19:00:00,3.7068,104.796,1.6924
2023-06-26 20:00:00,3.753,107.573,1.6104
2023-06-26 21:00:00,3.5772,104.926,0.1943
2023-06-26 22:00:00,3.7974,108.885,0.6327
2023-06-26 23:00:00,3.965,111.429,1.0083
2023-06-27 00:00:00,3.8037,109.175,0.351
2023-06-27 01:00:00,4.0339,113.018,0.1554
2023-06-27 02:00:00,4.1333,115.293,0.0592
2023-06-27 03:00:00,4.2506,116.751,0.6264
2023-06-27 04:00:00,4.4145,119.117,0.3819
2023-06-27 05:00:00,4.172,115.98,0.659
2023-06-27 06:00:00,4.5107,122.527,1.7016
2023-06-27 07:00:00,4.339,120.209,0.4921
2023-06-27 08:00:00,4.4244,118.592,1.1393
2023-06-27 09:00:00,4.3847,120.546,1.1931
2023-06-27 10:00:00,4.44,120.178,1.7225
2023-06-27 11:00:00,4.0025,110.485,0.2299
2023-06-27 12:00:00,4.1423,114.779,1.4749
2023-06-27 13:00:00,3.9275,109.815,1.1285
2023-06-27 14:00:00,3.8283,109.102,0.8935
2023-06-27 15:00:00,3.7753,108.036,0.0598
2023-06-27 16:00:00,3.7315,108.697,0.8011
2023-06-27 17:00:00,3.5961,103.904,0.6988
2023-06-27 18:00:00,3.6866,104.912,1.6279
2023-06-27 19:00:00,3.5281,104.418,0.2266
2023-06-27 20:00:00,3.7568,106.662,0.8375
2023-06-27 21:00:00,3.7391,107.368,0.9042
2023-06-27 22:00:00,3.9278,112.054,0.8781
2023-06-27 23:00:00,3.9886,110.119,0.5065
2023-06-28 00:00:00,4.0075,113.837,2.8041
2023-06-28 01:00:00,4.2707,116.444,1.2018
2023-06-28 02:00:00,4.2757,116.308,0.0228
2023-06-28 03:00:00,4.3516,118.188,0.2627
2023-06-28 04:00:00,4.2898,115.303,0.0884
2023-06-28 05:00:00,4.4245,121.385,1.5578
2023-06-28 06:00:00,4.4992,121.031,1.2397
2023-06-28 07:00:00,4.2485,116.881,0.1217
2023-06-28 08:00:00,4.3041,118.05,0.0215
2023-06-28 09:00:00,4.1069,116.015,0.0457
2023-06-28 10:00:00,4.0003,113.107,0.0103
2023-06-28 11:00:00,3.9553,110.427,0.88
2023-06-28 12:00:00,3.8288,110.115,0.0294
2023-06-28 13:00:00,3.9183,109.389,1.3091
2023-06-28 14:00:00,3.8085,109.039,1.082
2023-06-28 15:00:00,3.7211,106.526,0.4304
2023-06-28 16:00:00,3.6816,105.245,0.81
2023-06-28 17:00:00,3.5798,102.783,0.6442
2023-06-28 18:00:00,3.4754,104.565,0.14
2023-06-28 19:00:00,3.4317,102.007,1.3562
2023-06-28 20:00:00,3.4238,101.446,0.16
2023-06-28 21:00:00,3.5969,105.065,0.1293
2023-06-28 22:00:00,3.6454,106.994,1.2011
2023-06-28 23:00:00,3.9038,112.382,0.707
2023-06-29 00:00:00,4.1885,117.501,2.5347
2023-06-29 01:00:00,3.8692,109.724,0.1009
2023-06-29 02:00:00,4.2494,118.07,2.0351
2023-06-29 03:00:00,4.3193,118.541,0.3422
2023-06-29 04:00:00,4.2698,117.033,0.2577
2023-06-29 05:00:00,4.4879,120.321,0.2975
2023-06-29 06:00:00,4.3184,117.218,0.1547
2023-06-29 07:00:00,4.0792,115.366,0.9297
2023-06-29 08:00:00,4.2253,114.791,0.4869
2023-06-29 09:00:00,4.1249,113.236,0.651
2023-06-29 10:00:00,4.1915,116.699,1.7582
2023-06-29 11:00:00,4.1536,113.866,0.1431
2023-06-29 12:00:00,4.083,113.641,0.4515
2023-06-29 13:00:00,3.91,111.314,0.2364
2023-06-29 14:00:00,3.6338,105.388,0.0354
2023-06-29 15:00:00,3.5868,106.513,0.4723
2023-06-29 16:00:00,3.6831,108.175,2.1902
2023-06-29 17:00:00,3.613,105.445,0.3523
2023-06-29 18:00:00,3.572,104.777,2.383
2023-06-29 19:00:00,3.6842,106.303,0.3432
2023-06-29 20:00:00,3.6775,107.011,1.33
2023-06-29 21:00:00,3.8339,107.119,1.3776
2023-06-29 22:00:00,3.6672,105.426,1.475
2023-06-29 23:00:00,3.8212,108.193,0.7364
2023-06-30 00:00:00,4.1449,112.811,0.3687
2023-06-30 01:00:00,3.9676,110.906,0.8675
2023-06-30 02:00:00,4.2408,117.356,0.252
2023-06-30 03:00:00,4.1633,115.204,0.0708
2023-06-30 04:00:00,4.4136,121.819,0.5937
2023-06-30 05:00:00,4.3952,120.107,0.4043
2023-06-30 06:00:00,4.3361,117.667,0.0047
2023-06-30 07:00:00,4.2317,116.243,0.8845
2023-06-30 08:00:00,4.1652,114.91,0.5408
2023-06-30 09:00:00,4.2521,117.505,0.7904
2023-06-30 10:00:00,4.1946,116.125,0.1715
2023-06-30 11:00:00,3.9879,110.294,0.6714
2023-06-30 12:00:00,3.9219,110.681,0.2386
2023-06-30 13:00:00,3.7897,107.376,0.8867
2023-06-30 14:00:00,3.6977,104.94,0.3213
2023-06-30 15:00:00,3.7558,105.351,0.2772
2023-06-30 16:00:00,3.3991,98.22,0.1686
2023-06-30 17:00:00,3.4845,101.847,1.4682
2023-06-30 18:00:00,3.3669,100.531,0.4311
2023-06-30 19:00:00,3.4922,104.626,0.7635
2023-06-30 20:00:00,3.5447,104.364,0.0518
2023-06-30 21:00:00,3.707,107.008,1.126
2023-06-30 22:00:00,3.7447,108.971,1.7999
2023-06-30 23:00:00,3.9638,111.295,0.932
2023-07-01 00:00:00,3.9023,112.236,0.2761
2023-07-01 01:00:00,4.0964,112.823,1.1292
2023-07-01 02:00:00,4.2206,118.084,0.6332
2023-07-01 03:00:00,4.2576,114.787,0.0827
2023-07-01 04:00:00,4.3747,117.759,4.1824
2023-07-01 05:00:00,4.4166,120.954,0.0007
2023-07-01 06:00:00,4.3326,117.492,0.0742
2023-07-01 07:00:00,4.3309,118.876,0.2828
2023-07-01 08:00:00,4.2295,113.964,0.0712
2023-07-01 09:00:00,4.0798,113.558,0.5698
2023-07-01 10:00:00,4.1828,113.203,0.0249
2023-07-01 11:00:00,3.9058,111.89,0.0753
2023-07-01 12:00:00,3.7911,107.17,0.1762
2023-07-01 13:00:00,3.7129,106.383,0.8023
2023-07-01 14:00:00,3.4897,102.632,0.6502
2023-07-01 15:00:00,3.5931,105.912,1.4207
2023-07-01 16:00:00,3.6055,106.019,1.1248
2023-07-01 17:00:00,3.3922,101.421,0.1459
2023-07-01 18:00:00,3.3744,100.197,0.6201
2023-07-01 19:00:00,3.6463,105.987,0.6662
2023-07-01 20:00:00,3.4075,101.338,0.0828
2023-07-01 21:00:00,3.7267,107.642,0.7722
2023-07-01 22:00:00,3.6986,105.538,0.0547
2023-07-01 23:00:00,3.7265,107.92,0.6649
2023-07-02 00:00:00,3.9466,111.181,0.5994
2023-07-02 01:00:00,4.0262,111.878,0.0024
2023-07-02 02:00:00,4.1369,113.785,0.0307
2023-07-02 03:00:00,3.9624,109.158,0.7343
2023-07-02 04:00:00,4.1085,113.423,0.0646
2023-07-02 05:00:00,4.1999,114.476,0.0908
2023-07-02 06:00:00,4.1182,114.94,0.5706
2023-07-02 07:00:00,4.1256,115.03,0.0122
2023-07-02 08:00:00,4.0855,112.765,1.6225
2023-07-02 09:00:00,4.1996,115.333,0.4042
2023-07-02 10:00:00,4.067,111.962,0.4565
2023-07-02 11:00:00,3.7363,106.553,0.0644
2023-07-02 12:00:00,3.7647,105.611,0.7849
2023-07-02 13:00:00,3.7448,106.254,1.015
2023-07-02 14:00:00,3.8463,108.493,1.3437
2023-07-02 15:00:00,3.5748,102.531,1.039
2023-07-02 16:00:00,3.6052,105.04,1.3076
2023-07-02 17:00:00,3.521,103.635,0.1226
2023-07-02 18:00:00,3.4349,102.043,0.0461
2023-07-02 19:00:00,3.6168,105.552,0.681
2023-07-02 20:00:00,3.4164,99.699,0.18
2023-07-02 21:00:00,3.5267,103.504,0.2399
2023-07-02 22:00:00,3.6315,106.877,1.1755
2023-07-02 23:00:00,3.6611,106.632,0.8649
2023-07-03 00:00:00,3.942,110.421,1.6791
2023-07-03 01:00:00,4.0557,111.816,0.5403
2023-07-03 02:00:00,4.2196,117.855,0.401
2023-07-03 03:00:00,4.0907,113.766,0.0255
2023-07-03 04:00:00,4.1594,115.847,0.5166
2023-07-03 05:00:00,4.2228,116.532,0.0206
2023-07-03 06:00:00,4.2663,117.393,1.3414
2023-07-03 07:00:00,4.2094,117.052,0.784
2023-07-03 08:00:00,4.1656,115.04,1.4208
2023-07-03 09:00:00,4.3003,115.763,0.299
2023-07-03 10:00:00,3.9757,113.087,0.636
2023-07-03 11:00:00,4.1815,115.697,0.9363
2023-07-03 12:00:00,3.8991,110.47,0.4898
2023-07-03 13:00:00,3.7759,108.797,0.4256
2023-07-03 14:00:00,3.7092,106.671,0.9085
2023-07-03 15:00:00,3.5989,105.663,0.7785
2023-07-03 16:00:00,3.3802,102.194,0.3441
2023-07-03 17:00:00,3.3965,100.501,0.0919
2023-07-03 18:00:00,3.2893,98.733,0.4158
2023-07-03 19:00:00,3.3927,101.677,0.2284
2023-07-03 20:00:00,3.4696,103.976,0.1166
2023-07-03 21:00:00,3.5712,104.669,1.0042
2023-07-03 22:00:00,3.5563,103.892,0.2296
2023-07-03 23:00:00,3.5746,104.73,2.6231
2023-07-04 00:00:00,3.7812,109.301,0.0592
2023-07-04 01:00:00,4.0144,112.009,2.1905
2023-07-04 02:00:00,4.0434,112.102,0.253
2023-07-04 03:00:00,4.2902,116.634,0.3359
2023-07-04 04:00:00,4.2325,116.981,0.1888
2023-07-04 05:00:00,4.2011,116.146,0.1881
2023-07-04 06:00:00,4.4791,121.908,3.3587
2023-07-04 07:00:00,4.3889,120.979,0.313
2023-07-04 08:00:00,4.3924,118.622,1.3741
2023-07-04 09:00:00,4.2279,115.287,1.2797
2023-07-04 10:00:00,4.2735,116.57,0.2872
2023-07-04 11:00:00,3.9704,111.845,1.4595
2023-07-04 12:00:00,3.9076,112.101,0.0289
2023-07-04 13:00:00,3.8851,108.937,0.3559
2023-07-04 14:00:00,3.6098,103.614,0.4339
2023-07-04 15:00:00,3.5693,103.967,0.1171
2023-07-04 16:00:00,3.4836,104.955,0.2954
2023-07-04 17:00:00,3.4265,102.278,0.3286
2023-07-04 18:00:00,3.4488,102.598,0.5698
2023-07-04 19:00:00,3.3093,99.61,0.6824
2023-07-04 20:00:00,3.4445,101.269,0.0981
2023-07-04 21:00:00,3.5525,104.212,0.1593
2023-07-04 22:00:00,3.5013,102.995,0.0649
2023-07-04 23:00:00,3.6592,103.858,0.2258
2023-07-05 00:00:00,3.8308,109.388,0.2769
2023-07-05 01:00:00,3.7086,106.54,0.0812
2023-07-05 02:00:00,3.8982,111.873,0.2062
2023-07-05 03:00:00,4.1593,115.175,0.8043
2023-07-05 04:00:00,3.9904,112.426,0.3977
2023-07-05 05:00:00,4.1286,112.768,0.6166
2023-07-05 06:00:00,4.0592,111.713,0.1719
2023-07-05 07:00:00,4.0035,110.903,0.5518
2023-07-05 08:00:00,4.0024,110.546,0.2316
2023-07-05 09:00:00,4.075,112.763,0.1459
2023-07-05 10:00:00,3.873,108.577,0.6922
2023-07-05 11:00:00,3.8526,108.914,0.0022
2023-07-05 12:00:00,3.8761,108.341,1.2007
2023-07-05 13:00:00,3.4765,102.382,0.305
2023-07-05 14:00:00,3.579,106.702,0.5176
2023-07-05 15:00:00,3.4166,102.205,0.9952
2023-07-05 16:00:00,3.4768,102.612,1.0624
2023-07-05 17:00:00,3.5423,104.853,0.8868
2023-07-05 18:00:00,3.3272,98.241,0.372
2023-07-05 19:00:00,3.3049,100.191,0.4578
2023-07-05 20:00:00,3.5582,104.062,0.4405
2023-07-05 21:00:00,3.5952,106.516,0.6467
2023-07-05 22:00:00,3.6181,104.677,0.9478
2023-07-05 23:00:00,3.6875,108.566,0.8334
2023-07-06 00:00:00,3.6648,106.562,0.1258
2023-07-06 01:00:00,3.8907,108.762,0.0176
2023-07-06 02:00:00,3.9321,107.121,0.7446
2023-07-06 03:00:00,4.0858,116.859,0.0098
2023-07-06 04:00:00,3.8785,109.65,0.0486
2023-07-06 05:00:00,4.085,115.337,0.8871
2023-07-06 06:00:00,4.1545,114.806,0.7053
2023-07-06 07:00:00,4.2554,116.342,0.5797
2023-07-06 08:00:00,4.1909,115.559,0.5454
2023-07-06 09:00:00,4.0325,112.562,0.7248
2023-07-06 10:00:00,3.9759,112.415,0.5683
2023-07-06 11:00:00,3.7594,108.334,0.8385
2023-07-06 12:00:00,3.6434,106.904,0.2315
2023-07-06 13:00:00,3.6239,105.508,1.2749
2023-07-06 14:00:00,3.5487,104.898,0.3248
2023-07-06 15:00:00,3.5581,104.996,0.1863
2023-07-06 16:00:00,3.2759,97.431,0.053
2023-07-06 17:00:00,3.2164,98.975,0.2191
2023-07-06 18:00:00,3.2924,101.986,0.212
2023-07-06 19:00:00,3.2282,98.225,0.6713
2023-07-06 20:00:00,3.5084,106.715,0.4607
2023-07-06 21:00:00,3.545,103.067,1.7392
2023-07-06 22:00:00,3.4989,105.325,0.7599
2023-07-06 23:00:00,3.6379,106.801,0.614
2023-07-07 00:00:00,3.9472,109.558,0.2226
2023-07-07 01:00:00,3.9201,109.61,1.513
2023-07-07 02:00:00,4.1238,114.729,0.0652
2023-07-07 03:00:00,3.8964,109.975,0.139
2023-07-07 04:00:00,4.0923,113.257,0.2632
2023-07-07 05:00:00,4.1503,115.561,0.4905
2023-07-07 06:00:00,4.0707,111.449,0.5178
2023-07-07 07:00:00,4.1287,115.029,0.4307
2023-07-07 08:00:00,4.1755,114.772,0.5896
2023-07-07 09:00:00,3.9544,111.398,0.6724
2023-07-07 10:00:00,3.9137,111.308,0.1001
2023-07-07 11:00:00,3.8565,108.42,0.0599
2023-07-07 12:00:00,3.662,106.465,0.8994
2023-07-07 13:00:00,3.5436,103.788,1.0975
2023-07-07 14:00:00,3.7507,108.384,1.0714
2023-07-07 15:00:00,3.613,104.152,3.2413
2023-07-07 16:00:00,3.5451,103.822,0.3926
2023-07-07 17:00:00,3.4195,101.232,0.1135
2023-07-07 18:00:00,3.3369,98.978,0.8799
2023-07-07 19:00:00,3.497,99.803,0.2925
2023-07-07 20:00:00,3.522,103.089,1.716
2023-07-07 21:00:00,3.6177,103.884,0.8867
2023-07-07 22:00:00,3.6835,105.66,0.5324
2023-07-07 23:00:00,3.8617,108.455,1.8955
2023-07-08 00:00:00,3.8514,109.338,0.4128
2023-07-08 01:00:00,3.9888,110.922,0.4667
2023-07-08 02:00:00,3.9648,111.608,0.1359
2023-07-08 03:00:00,4.0695,113.324,0.0684
2023-07-08 04:00:00,4.0831,113.541,0.122
2023-07-08 05:00:00,4.1833,115.865,0.5456
2023-07-08 06:00:00,4.0841,113.616,0.9814
2023-07-08 07:00:00,4.2152,114.978,1.0903
2023-07-08 08:00:00,4.0132,113.32,0.5439
2023-07-08 09:00:00,4.0241,110.945,0.5442
2023-07-08 10:00:00,4.0524,112.646,0.614
2023-07-08 11:00:00,3.8553,110.318,1.364
2023-07-08 12:00:00,4.0762,115.059,0.8306
2023-07-08 13:00:00,3.555,104.003,0.0969
2023-07-08 14:00:00,3.4973,104.261,0.1072
2023-07-08 15:00:00,3.3076,99.916,0.4835
2023-07-08 16:00:00,3.4278,103.025,0.2465
2023-07-08 17:00:00,3.4253,103.515,0.2941
2023-07-08 18:00:00,3.3168,97.115,0.1822
2023-07-08 19:00:00,3.3537,101.2,0.4122
2023-07-08 20:00:00,3.5358,103.029,0.7833
2023-07-08 21:00:00,3.3926,102.609,0.2744
2023-07-08 22:00:00,3.3973,102.768,0.3185
2023-07-08 23:00:00,3.591,103.5,0.0546
2023-07-09 00:00:00,3.6938,105.499,0.003
2023-07-09 01:00:00,3.692,105.313,0.5452
2023-07-09 02:00:00,3.8916,111.202,0.1354
2023-07-09 03:00:00,3.9671,111.896,0.2664
2023-07-09 04:00:00,3.9968,111.987,0.287
2023-07-09 05:00:00,4.1413,115.173,0.6734
2023-07-09 06:00:00,4.0512,117.145,0.8726
2023-07-09 07:00:00,4.0685,112.351,0.7724
2023-07-09 08:00:00,3.9235,112.832,0.1043
2023-07-09 09:00:00,4.0103,113.497,0.2371
2023-07-09 10:00:00,3.9518,112.019,0.2246
2023-07-09 11:00:00,3.8649,108.017,0.1534
2023-07-09 12:00:00,3.6253,105.556,0.0357
2023-07-09 13:00:00,3.5817,105.296,0.1621
2023-07-09 14:00:00,3.4284,103.168,0.0212
2023-07-09 15:00:00,3.3096,99.676,0.0165
2023-07-09 16:00:00,3.1978,96.465,0.4788
2023-07-09 17:00:00,3.3162,99.258,0.1536
2023-07-09 18:00:00,3.1591,95.588,0.3896
2023-07-09 19:00:00,3.3432,97.091,0.8672
2023-07-09 20:00:00,3.2335,100.168,0.6012
2023-07-09 21:00:00,3.488,103.375,0.049
2023-07-09 22:00:00,3.4178,99.99,0.1337
2023-07-09 23:00:00,3.6591,105.849,0.9971
2023-07-10 00:00:00,3.6877,106.331,0.9669
2023-07-10 01:00:00,3.8124,108.338,0.2765
2023-07-10 02:00:00,3.9744,110.525,0.3661
2023-07-10 03:00:00,3.8725,111.371,0.0639
2023-07-10 04:00:00,4.0529,113.745,0.1922
2023-07-10 05:00:00,4.0539,113.801,0.471
2023-07-10 06:00:00,4.0351,112.924,0.5603
2023-07-10 07:00:00,4.1557,114.157,0.8962
2023-07-10 08:00:00,4.0575,114.674,1.1651
2023-07-10 09:00:00,4.0379,110.184,1.3104
2023-07-10 10:00:00,3.8001,109.606,0.742
2023-07-10 11:00:00,3.8243,108.066,0.0021
2023-07-10 12:00:00,3.6243,103.515,0.2065
2023-07-10 13:00:00,3.4113,101.587,0.1224
2023-07-10 14:00:00,3.4734,103.483,0.0253
2023-07-10 15:00:00,3.3084,97.48,0.3049
2023-07-10 16:00:00,3.1164,98.529,0.085
2023-07-10 17:00:00,3.2361,96.686,0.5438
2023-07-10 18:00:00,3.2589,98.615,1.0466
2023-07-10 19:00:00,3.0398,95.476,0.1522
2023-07-10 20:00:00,3.282,99.251,0.687
2023-07-10 21:00:00,3.3517,100.391,0.5036
2023-07-10 22:00:00,3.4472,101.459,0.1969
2023-07-10 23:00:00,3.616,103.425,0.1002
2023-07-11 00:00:00,3.5001,102.238,0.295
2023-07-11 01:00:00,3.8158,107.392,0.2486
2023-07-11 02:00:00,3.7465,105.718,0.6376
2023-07-11 03:00:00,3.9255,114.435,0.3509
2023-07-11 04:00:00,3.9558,112.703,1.4355
2023-07-11 05:00:00,4.1109,113.497,0.1675
2023-07-11 06:00:00,3.9288,112.228,0.0602
2023-07-11 07:00:00,3.9369,107.204,0.0381
2023-07-11 08:00:00,4.0349,111.717,0.0856
2023-07-11 09:00:00,3.8511,110.72,0.4624
2023-07-11 10:00:00,3.8201,108.352,0.0361
2023-07-11 11:00:00,3.7057,105.474,0.1445
2023-07-11 12:00:00,3.5456,102.413,0.6055
2023-07-11 13:00:00,3.5742,105.022,0.7874
2023-07-11 14:00:00,3.6199,105.907,0.148
2023-07-11 15:00:00,3.51,102.031,0.9239
2023-07-11 16:00:00,3.1902,96.517,0.5767
2023-07-11 17:00:00,3.2336,96.907,1.0591
2023-07-11 18:00:00,3.1524,95.977,0.241
2023-07-11 19:00:00,3.2874,98.696,0.905
2023-07-11 20:00:00,3.4472,102.135,0.6793
2023-07-11 21:00:00,3.4777,104.71,0.3466
2023-07-11 22:00:00,3.4214,102.092,1.3076
2023-07-11 23:00:00,3.645,105.967,0.1793
2023-07-12 00:00:00,3.6764,106.578,0.4653
2023-07-12 01:00:00,3.7125,106.971,0.0146
2023-07-12 02:00:00,3.8664,108.971,0.9631
2023-07-12 03:00:00,3.9713,110.917,0.1869
2023-07-12 04:00:00,3.9801,113.349,0.2083
2023-07-12 05:00:00,3.9866,113.564,0.1098
2023-07-12 06:00:00,3.9346,109.561,0.2668
2023-07-12 07:00:00,4.0706,112.576,0.8046
2023-07-12 08:00:00,3.8564,107.724,0.1864
2023-07-12 09:00:00,4.0256,113.746,1.9963
2023-07-12 10:00:00,3.7663,109.529,0.151
2023-07-12 11:00:00,3.744,107.169,0.275
2023-07-12 12:00:00,3.7303,107.469,0.8442
2023-07-12 13:00:00,3.5556,104.996,0.4
2023-07-12 14:00:00,3.5504,104.66,0.3652
2023-07-12 15:00:00,3.5066,102.398,0.8543
2023-07-12 16:00:00,3.3965,99.699,0.2146
2023-07-12 17:00:00,3.2742,99.766,0.6285
2023-07-12 18:00:00,3.1963,97.474,0.3756
2023-07-12 19:00:00,3.2007,98.421,0.5937
2023-07-12 20:00:00,3.3242,99.413,0.3389
2023-07-12 21:00:00,3.2505,98.762,0.3598
2023-07-12 22:00:00,3.4492,100.599,0.1301
2023-07-12 23:00:00,3.6126,104.982,1.4809
2023-07-13 00:00:00,3.6589,105.388,0.2236
2023-07-13 01:00:00,3.7915,108.632,0.1703
2023-07-13 02:00:00,4.0097,110.836,0.8816
2023-07-13 03:00:00,3.9819,112.194,1.0683
2023-07-13 04:00:00,4.0894,116.214,0.5635
2023-07-13 05:00:00,4.0177,113.495,0.038
2023-07-13 06:00:00,4.1221,113.377,1.8454
2023-07-13 07:00:00,4.0671,113.096,0.2766
2023-07-13 08:00:00,4.0453,112.807,0.4665
2023-07-13 09:00:00,3.9793,112.683,0.0045
2023-07-13 10:00:00,3.9125,109.505,0.6294
2023-07-13 11:00:00,3.785,107.601,0.0273
2023-07-13 12:00:00,3.5028,103.389,1.6881
2023-07-13 13:00:00,3.5696,104.327,0.0488
2023-07-13 14:00:00,3.2742,98.742,0.2398
2023-07-13 15:00:00,3.3184,100.42,0.0708
2023-07-13 16:00:00,3.2956,100.83,0.6204
2023-07-13 17:00:00,3.1273,94.936,0.3497
2023-07-13 18:00:00,3.2339,97.557,0.2336
2023-07-13 19:00:00,3.2489,97.866,1.6802
2023-07-13 20:00:00,3.1421,97.574,0.5557
2023-07-13 21:00:00,3.4434,101.39,0.3879
2023-07-13 22:00:00,3.522,102.249,0.0397
2023-07-13 23:00:00,3.4836,103.836,0.2791
2023-07-14 00:00:00,3.5956,104.736,0.6348
2023-07-14 01:00:00,3.6586,105.946,0.4726
2023-07-14 02:00:00,3.8074,108.346,0.0381
2023-07-14 03:00:00,3.8091,108.042,0.0194
2023-07-14 04:00:00,3.9061,111.192,0.0587
2023-07-14 05:00:00,4.1413,115.06,1.4545
2023-07-14 06:00:00,4.2248,117.524,0.8747
2023-07-14 07:00:00,4.099,113.453,1.1341
2023-07-14 08:00:00,4.1176,114.242,0.2617
2023-07-14 09:00:00,3.9417,111.831,0.2266
2023-07-14 10:00:00,3.9109,110.265,0.6785
2023-07-14 11:00:00,3.7018,106.749,0.0673
2023-07-14 12:00:00,3.4673,102.473,0.8108
2023-07-14 13:00:00,3.6311,106.463,0.8051
2023-07-14 14:00:00,3.3715,99.938,0.3963
2023-07-14 15:00:00,3.3296,101.026,0.6652
2023-07-14 16:00:00,3.3238,101.101,0.0082
2023-07-14 17:00:00,3.2009,98.911,0.1159
2023-07-14 18:00:00,3.0876,96.656,0.1143
2023-07-14 19:00:00,3.134,96.05,0.1816
2023-07-14 20:00:00,3.3623,99.638,0.5898
2023-07-14 21:00:00,3.2635,100.584,0.8123
2023-07-14 22:00:00,3.4556,101.424,1.2305
2023-07-14 23:00:00,3.5584,102.868,0.061
2023-07-15 00:00:00,3.5744,102.774,1.4873
2023-07-15 01:00:00,3.7327,107.123,1.2925
2023-07-15 02:00:00,4.1198,113.404,1.3104
2023-07-15 03:00:00,3.9717,110.723,0.0162
2023-07-15 04:00:00,3.9724,111.475,0.0998
2023-07-15 05:00:00,3.9574,110.311,0.6338
2023-07-15 06:00:00,4.1098,112.867,1.869
2023-07-15 07:00:00,4.0287,110.488,0.146
2023-07-15 08:00:00,4.0409,112.932,0.8805
2023-07-15 09:00:00,3.8043,108.644,0.0609
2023-07-15 10:00:00,3.8987,109.848,2.3859
2023-07-15 11:00:00,3.8046,108.474,0.8111
2023-07-15 12:00:00,3.7678,106.784,0.4783
2023-07-15 13:00:00,3.7186,107.894,0.7724
2023-07-15 14:00:00,3.3828,99.822,0.3329
2023-07-15 15:00:00,3.3887,98.316,0.4517
2023-07-15 16:00:00,3.3378,99.892,0.044
2023-07-15 17:00:00,3.1747,97.178,0.3409
2023-07-15 18:00:00,3.1236,93.911,0.0977
2023-07-15 19:00:00,3.2029,94.546,0.3257
2023-07-15 20:00:00,3.2498,98.771,0.4218
2023-07-15 21:00:00,3.1578,96.559,0.7543
2023-07-15 22:00:00,3.4147,102.114,0.1163
2023-07-15 23:00:00,3.4679,102.855,0.5402
2023-07-16 00:00:00,3.5357,102.505,1.1954
2023-07-16 01:00:00,3.7405,108.707,1.0014
2023-07-16 02:00:00,3.7911,110.929,0.1697
2023-07-16 03:00:00,3.8382,108.746,0.0748
2023-07-16 04:00:00,3.9799,112.466,0.0872
2023-07-16 05:00:00,3.8506,109.215,0.3064
2023-07-16 06:00:00,3.8785,110.156,0.1758
2023-07-16 07:00:00,3.8445,107.918,0.2114
2023-07-16 08:00:00,3.7907,104.875,0.3439
2023-07-16 09:00:00,3.9273,109.534,0.4007
2023-07-16 10:00:00,3.7242,107.835,0.4845
2023-07-16 11:00:00,3.5957,103.73,0.5178
2023-07-16 12:00:00,3.6665,106.148,2.3341
2023-07-16 13:00:00,3.6435,104.531,0.7581
2023-07-16 14:00:00,3.3378,100.553,0.1129
2023-07-16 15:00:00,3.3272,100.106,0.0567
2023-07-16 16:00:00,3.328,98.019,0.2911
2023-07-16 17:00:00,3.2264,95.843,0.5679
2023-07-16 18:00:00,3.1563,97.738,0.3306
2023-07-16 19:00:00,3.1976,95.322,0.0292
2023-07-16 20:00:00,3.1666,98.25,0.1859
2023-07-16 21:00:00,3.318,99.361,0.5547
2023-07-16 22:00:00,3.4296,102.397,0.2523
2023-07-16 23:00:00,3.4302,101.895,0.2115
2023-07-17 00:00:00,3.7798,108.158,1.4186
2023-07-17 01:00:00,3.7836,105.976,0.3016
2023-07-17 02:00:00,3.7245,108.197,0.4993
2023-07-17 03:00:00,3.9302,112.701,1.1408
2023-07-17 04:00:00,4.082,112.075,0.3768
2023-07-17 05:00:00,4.0483,112.907,0.4993
2023-07-17 06:00:00,3.9304,110.497,0.2995
2023-07-17 07:00:00,3.8432,108.939,0.0854
2023-07-17 08:00:00,3.9482,111.888,0.1229
2023-07-17 09:00:00,3.889,109.973,0.3037
2023-07-17 10:00:00,3.7088,104.061,0.766
2023-07-17 11:00:00,3.6038,104.826,0.365
2023-07-17 12:00:00,3.6154,106.912,0.2556
2023-07-17 13:00:00,3.4805,102.9,1.1141
2023-07-17 14:00:00,3.3181,99.195,0.5441
2023-07-17 15:00:00,3.3906,98.294,0.3662
2023-07-17 16:00:00,3.22,96.381,0.1674
2023-07-17 17:00:00,2.9887,95.858,0.7208
2023-07-17 18:00:00,3.3531,100.151,1.7007
2023-07-17 19:00:00,3.3097,100.659,0.8636
2023-07-17 20:00:00,3.2241,96.29,0.2419
2023-07-17 21:00:00,3.3267,99.917,0.3616
2023-07-17 22:00:00,3.6089,102.214,0.346
2023-07-17 23:00:00,3.512,103.543,0.2977
2023-07-18 00:00:00,3.6312,108.058,0.8994
2023-07-18 01:00:00,3.6452,104.376,0.6178
2023-07-18 02:00:00,3.6306,105.654,0.0831
2023-07-18 03:00:00,3.7683,108.371,0.3282
2023-07-18 04:00:00,3.7674,109.128,0.2777
2023-07-18 05:00:00,3.9498,111.868,0.4491
2023-07-18 06:00:00,4.0961,113.806,0.6562
2023-07-18 07:00:00,3.8513,110.911,0.4593
2023-07-18 08:00:00,3.8803,107.899,1.5071
2023-07-18 09:00:00,3.8106,108.548,0.0356
2023-07-18 10:00:00,3.8248,108.981,1.235
2023-07-18 11:00:00,3.69,106.646,1.2215
2023-07-18 12:00:00,3.6878,104.373,0.1796
2023-07-18 13:00:00,3.3828,100.771,0.6044
2023-07-18 14:00:00,3.2883,98.463,0.0625
2023-07-18 15:00:00,3.1873,96.821,0.1108
2023-07-18 16:00:00,3.2316,99.37,0.6592
2023-07-18 17:00:00,3.2334,98.374,0.1824
2023-07-18 18:00:00,3.0824,95.242,0.2395
2023-07-18 19:00:00,3.072,96.728,0.4062
2023-07-18 20:00:00,3.1977,97.449,0.7043
2023-07-18 21:00:00,3.3241,99.03,1.9623
2023-07-18 22:00:00,3.4038,102.038,0.1754
2023-07-18 23:00:00,3.5468,103.023,0.4486
2023-07-19 00:00:00,3.5516,104.964,0.0926
2023-07-19 01:00:00,3.5626,104.951,0.2494
2023-07-19 02:00:00,3.69,106.414,0.4226
2023-07-19 03:00:00,3.763,106.899,1.034
2023-07-19 04:00:00,3.8582,109.499,0.0759
2023-07-19 05:00:00,3.7731,109.567,1.0011
2023-07-19 06:00:00,3.9169,110.133,0.0633
2023-07-19 07:00:00,3.8376,109.18,0.6849
2023-07-19 08:00:00,3.8542,110.714,0.778
2023-07-19 09:00:00,3.8278,109.177,0.3598
2023-07-19 10:00:00,3.8641,109.74,1.3694
2023-07-19 11:00:00,3.544,103.709,0.2524
2023-07-19 12:00:00,3.4846,103.973,1.21
2023-07-19 13:00:00,3.4924,103.03,0.8774
2023-07-19 14:00:00,3.4583,101.139,0.8219
2023-07-19 15:00:00,3.3431,101.517,0.3451
2023-07-19 16:00:00,3.3008,99.157,0.5413
2023-07-19 17:00:00,3.2374,98.718,2.0919
2023-07-19 18:00:00,3.1315,98.15,0.9736
2023-07-19 19:00:00,3.2722,97.823,0.2794
2023-07-19 20:00:00,3.2634,100.947,0.0506
2023-07-19 21:00:00,3.3441,102.814,0.2151
2023-07-19 22:00:00,3.2365,100.158,0.4476
2023-07-19 23:00:00,3.3356,100.762,0.1873
2023-07-20 00:00:00,3.627,102.757,1.3883
2023-07-20 01:00:00,3.6657,104.51,0.281
2023-07-20 02:00:00,3.7379,106.994,0.4047
2023-07-20 03:00:00,3.8897,110.505,0.4178
2023-07-20 04:00:00,3.8403,106.277,0.6419
2023-07-20 05:00:00,4.0719,114.955,0.3818
2023-07-20 06:00:00,4.0249,113.054,0.422
2023-07-20 07:00:00,3.8181,106.933,0.0899
2023-07-20 08:00:00,3.807,108.092,0.2938
2023-07-20 09:00:00,3.7081,106.822,0.2356
2023-07-20 10:00:00,3.5894,104.732,0.3131
2023-07-20 11:00:00,3.7372,107.356,0.0092
2023-07-20 12:00:00,3.4703,102.381,0.2775
2023-07-20 13:00:00,3.2739,102.646,0.3843
2023-07-20 14:00:00,3.1882,97.597,0.9295
2023-07-20 15:00:00,3.3217,97.541,0.1241
2023-07-20 16:00:00,3.1316,94.666,0.6542
2023-07-20 17:00:00,3.1668,97.866,0.0689
2023-07-20 18:00:00,3.0417,94.376,0.475
2023-07-20 19:00:00,3.0213,94.702,0.4721
2023-07-20 20:00:00,3.2116,96.899,0.8163
2023-07-20 21:00:00,3.1983,101.074,0.1709
2023-07-20 22:00:00,3.3355,101.437,0.2647
2023-07-20 23:00:00,3.3453,101.207,0.1858
2023-07-21 00:00:00,3.5658,104.358,0.5781
2023-07-21 01:00:00,3.6355,106.584,1.8675
2023-07-21 02:00:00,3.5709,101.779,0.2204
2023-07-21 03:00:00,3.6464,104.791,0.3174
2023-07-21 04:00:00,4.0013,110.938,0.3816
2023-07-21 05:00:00,3.9625,113.01,0.5029
2023-07-21 06:00:00,3.7371,106.865,0.5765
2023-07-21 07:00:00,3.893,110.17,0.1864
2023-07-21 08:00:00,3.8546,109.335,1.0042
2023-07-21 09:00:00,3.8924,110.425,0.0849
2023-07-21 10:00:00,3.6179,106.347,0.4225
2023-07-21 11:00:00,3.6306,105.337,0.6998
2023-07-21 12:00:00,3.4323,103.95,0.3025
2023-07-21 13:00:00,3.434,102.043,1.4834
2023-07-21 14:00:00,3.1837,95.143,0.0973
2023-07-21 15:00:00,3.1787,96.083,0.3696
2023-07-21 16:00:00,3.1479,96.409,0.1742
2023-07-21 17:00:00,3.1474,96.09,0.3899
2023-07-21 18:00:00,2.9111,91.393,0.3986
2023-07-21 19:00:00,3.1975,98.865,0.3972
2023-07-21 20:00:00,3.0219,93.497,0.0239
2023-07-21 21:00:00,3.2603,99.217,0.105
2023-07-21 22:00:00,3.3552,98.709,0.4976
2023-07-21 23:00:00,3.3438,98.596,0.2208
2023-07-22 00:00:00,3.4124,103.662,0.2402
2023-07-22 01:00:00,3.5749,104.83,0.0331
2023-07-22 02:00:00,3.5441,103.518,0.0874
2023-07-22 03:00:00,3.6367,105.427,0.5093
2023-07-22 04:00:00,3.8237,111.297,2.6351
2023-07-22 05:00:00,3.9412,111.363,0.8045
2023-07-22 06:00:00,3.9181,108.428,0.0994
2023-07-22 07:00:00,3.9167,110.907,1.0831
2023-07-22 08:00:00,3.5775,103.251,0.1093
2023-07-22 09:00:00,3.8163,111.094,0.273
2023-07-22 10:00:00,3.5798,104.365,0.2764
2023-07-22 11:00:00,3.5776,103.232,0.0235
2023-07-22 12:00:00,3.523,103.991,0.5052
2023-07-22 13:00:00,3.3644,99.139,1.3071
2023-07-22 14:00:00,3.133,96.531,0.0131
2023-07-22 15:00:00,3.1913,96.752,0.0468
2023-07-22 16:00:00,3.1717,95.961,0.3276
2023-07-22 17:00:00,3.2483,98.45,0.5694
2023-07-22 18:00:00,3.139,99.143,0.3893
2023-07-22 19:00:00,2.9865,93.245,0.2063
2023-07-22 20:00:00,3.0228,94.423,0.0177
2023-07-22 21:00:00,3.0371,96.562,0.4125
2023-07-22 22:00:00,3.2035,100.485,0.1775
2023-07-22 23:00:00,3.3975,98.962,0.2686
2023-07-23 00:00:00,3.4563,102.688,0.0249
2023-07-23 01:00:00,3.5143,103.181,0.9905
2023-07-23 02:00:00,3.6154,105.319,0.3055
2023-07-23 03:00:00,3.7255,106.023,0.9195
2023-07-23 04:00:00,3.9298,108.925,2.203
2023-07-23 05:00:00,3.8761,109.866,0.0343
2023-07-23 06:00:00,3.962,112.49,0.3897
2023-07-23 07:00:00,3.7534,107.178,0.2037
2023-07-23 08:00:00,3.7417,105.984,0.3762
2023-07-23 09:00:00,3.8131,110.177,0.2035
2023-07-23 10:00:00,3.5657,105.692,0.1105
2023-07-23 11:00:00,3.5742,104.675,0.0649
2023-07-23 12:00:00,3.4991,103.39,1.4961
2023-07-23 13:00:00,3.206,97.861,0.1149
2023-07-23 14:00:00,3.2321,99.504,0.0023
2023-07-23 15:00:00,3.0876,93.616,0.1464
2023-07-23 16:00:00,3.047,95.975,0.0097
2023-07-23 17:00:00,2.989,92.841,0.2998
2023-07-23 18:00:00,2.9817,94.409,0.4063
2023-07-23 19:00:00,3.1281,96.838,1.1114
2023-07-23 20:00:00,3.122,94.912,0.085
2023-07-23 21:00:00,3.0026,92.957,0.195
2023-07-23 22:00:00,3.2883,99.532,0.1413
2023-07-23 23:00:00,3.276,99.268,0.2303
2023-07-24 00:00:00,3.2957,100.391,0.2185
2023-07-24 01:00:00,3.4958,103.27,0.0262
2023-07-24 02:00:00,3.6007,104.789,0.7405
2023-07-24 03:00:00,3.5218,104.076,0.2412
2023-07-24 04:00:00,3.827,109.993,0.5175
2023-07-24 05:00:00,3.7929,108.712,0.3928
2023-07-24 06:00:00,3.8443,108.006,0.5466
2023-07-24 07:00:00,3.771,109.043,0.755
2023-07-24 08:00:00,3.6801,105.411,0.3547
2023-07-24 09:00:00,3.6765,104.994,0.2321
2023-07-24 10:00:00,3.532,102.769,0.1824
2023-07-24 11:00:00,3.3674,102.724,0.2224
2023-07-24 12:00:00,3.2783,97.937,0.1203
2023-07-24 13:00:00,3.4127,100.168,0.4756
2023-07-24 14:00:00,3.1536,96.041,0.0134
2023-07-24 15:00:00,3.0876,96.708,0.6779
2023-07-24 16:00:00,2.9671,93.453,0.4065
2023-07-24 17:00:00,3.1356,98.783,0.5122
2023-07-24 18:00:00,2.8448,89.978,0.5601
2023-07-24 19:00:00,2.9445,95.326,0.0679
2023-07-24 20:00:00,2.8961,92.745,0.2068
2023-07-24 21:00:00,3.0755,94.692,0.2283
2023-07-24 22:00:00,3.0565,95.776,0.3271
2023-07-24 23:00:00,3.2468,98.45,0.0751
2023-07-25 00:00:00,3.418,100.22,0.3909
2023-07-25 01:00:00,3.5355,104.512,1.2944
2023-07-25 02:00:00,3.4698,101.393,0.3564
2023-07-25 03:00:00,3.6397,105.375,0.1712
2023-07-25 04:00:00,3.7815,109.443,1.3379
2023-07-25 05:00:00,3.8796,108.849,0.2589
2023-07-25 06:00:00,3.83,107.396,0.4997
2023-07-25 07:00:00,3.7216,105.665,0.0131
2023-07-25 08:00:00,3.7839,106.044,0.51
2023-07-25 09:00:00,3.6665,106.609,0.9088
2023-07-25 10:00:00,3.704,105.543,2.4857
2023-07-25 11:00:00,3.5548,103.614,0.2204
2023-07-25 12:00:00,3.5269,103.347,0.1328
2023-07-25 13:00:00,3.4065,101.459,0.774
2023-07-25 14:00:00,3.3051,98.132,0.0857
2023-07-25 15:00:00,3.1636,93.672,0.4685
2023-07-25 16:00:00,3.084,96.465,0.5963
2023-07-25 17:00:00,3.0669,93.198,0.855
2023-07-25 18:00:00,3.0189,95.439,0.0634
2023-07-25 19:00:00,3.1712,97.583,0.0137
2023-07-25 20:00:00,3.1507,97.362,2.3771
2023-07-25 21:00:00,3.1283,96.678,0.2427
2023-07-25 22:00:00,3.4389,100.28,1.3864
2023-07-25 23:00:00,3.2756,98.42,0.1153
2023-07-26 00:00:00,3.4934,103.749,0.5176
2023-07-26 01:00:00,3.6311,105.021,0.3754
2023-07-26 02:00:00,3.6956,105.842,0.2445
2023-07-26 03:00:00,3.7175,106.591,0.758
2023-07-26 04:00:00,3.8303,107.833,1.2453
2023-07-26 05:00:00,3.9583,110.634,0.8603
2023-07-26 06:00:00,4.0538,112.236,0.4146
2023-07-26 07:00:00,3.7126,107.156,0.6945
2023-07-26 08:00:00,3.7503,109.156,0.029
2023-07-26 09:00:00,3.6646,105.453,0.4632
2023-07-26 10:00:00,3.6879,107.196,0.4465
2023-07-26 11:00:00,3.4956,103.789,0.3564
2023-07-26 12:00:00,3.5066,104.225,1.4872
2023-07-26 13:00:00,3.3319,101.073,0.6259
2023-07-26 14:00:00,3.108,97.747,0.1251
2023-07-26 15:00:00,3.2293,98.373,0.7097
2023-07-26 16:00:00,3.1879,95.65,1.061
2023-07-26 17:00:00,3.0485,95.119,0.481
2023-07-26 18:00:00,3.0586,93.401,0.3984
2023-07-26 19:00:00,3.0954,96.395,0.1072
2023-07-26 20:00:00,3.1051,96.196,0.7413
2023-07-26 21:00:00,3.0932,93.624,0.4631
2023-07-26 22:00:00,3.2197,98.008,0.2867
2023-07-26 23:00:00,3.1153,95.027,0.3608
2023-07-27 00:00:00,3.4301,101.847,0.2843
2023-07-27 01:00:00,3.3728,99.896,0.5412
2023-07-27 02:00:00,3.6245,103.761,0.3972
2023-07-27 03:00:00,3.7082,105.019,0.7321
2023-07-27 04:00:00,3.7078,106.785,0.4141
2023-07-27 05:00:00,3.8693,110.328,0.547
2023-07-27 06:00:00,3.7546,109.785,0.2343
2023-07-27 07:00:00,3.5291,104.106,0.4015
2023-07-27 08:00:00,3.6131,106.3,0.1577
2023-07-27 09:00:00,3.6054,103.367,0.5536
2023-07-27 10:00:00,3.498,104.037,0.0641
2023-07-27 11:00:00,3.4562,104.576,1.8662
2023-07-27 12:00:00,3.2161,98.095,0.0302
2023-07-27 13:00:00,3.2293,96.71,0.1723
2023-07-27 14:00:00,3.0781,95.892,0.6312
2023-07-27 15:00:00,3.0064,94.014,0.3283
2023-07-27 16:00:00,3.0194,94.674,0.8078
2023-07-27 17:00:00,2.9577,93.815,0.5771
2023-07-27 18:00:00,2.973,93.731,0.6854
2023-07-27 19:00:00,3.0453,96.08,0.0664
2023-07-27 20:00:00,3.007,95.02,0.4776
2023-07-27 21:00:00,3.1251,94.875,1.0686
2023-07-27 22:00:00,3.1617,97.786,0.2491
2023-07-27 23:00:00,3.4348,101.474,0.2832
2023-07-28 00:00:00,3.2687,99.926,0.068
2023-07-28 01:00:00,3.3659,100.496,0.6058
2023-07-28 02:00:00,3.4222,103.621,0.5393
2023-07-28 03:00:00,3.6576,105.149,0.1999
2023-07-28 04:00:00,3.6074,107.847,1.1273
2023-07-28 05:00:00,3.8126,107.203,0.3755
2023-07-28 06:00:00,3.6922,108.404,0.4146
2023-07-28 07:00:00,3.6867,103.358,0.3352
2023-07-28 08:00:00,3.5303,103.647,0.918
2023-07-28 09:00:00,3.7324,106.596,0.0822
2023-07-28 10:00:00,3.4865,102.554,0.0329
2023-07-28 11:00:00,3.6279,104.574,0.6363
2023-07-28 12:00:00,3.2622,97.224,0.0547
2023-07-28 13:00:00,3.2474,98.608,0.0117
2023-07-28 14:00:00,3.0553,94.871,0.2767
2023-07-28 15:00:00,3.1401,95.985,0.7845
2023-07-28 16:00:00,2.9158,91.702,0.2641
2023-07-28 17:00:00,2.8517,92.162,1.0057
2023-07-28 18:00:00,3.0659,96.383,1.777
2023-07-28 19:00:00,3.0254,94.865,0.0811
2023-07-28 20:00:00,2.9656,94.224,0.2751
2023-07-28 21:00:00,3.0931,93.812,0.0981
2023-07-28 22:00:00,3.1018,95.373,0.2326
2023-07-28 23:00:00,3.1941,97.455,0.1875
2023-07-29 00:00:00,3.407,100.644,1.3112
2023-07-29 01:00:00,3.5906,102.745,0.9172
2023-07-29 02:00:00,3.6642,105.507,0.0739
2023-07-29 03:00:00,3.6019,105.007,0.1702
2023-07-29 04:00:00,3.5821,102.192,0.1484
2023-07-29 05:00:00,3.7986,108.559,0.0428
2023-07-29 06:00:00,3.6939,109.231,0.0063
2023-07-29 07:00:00,3.6952,107.28,2.1611
2023-07-29 08:00:00,3.6054,105.302,0.12
2023-07-29 09:00:00,3.8727,109.922,1.9009
2023-07-29 10:00:00,3.652,106.204,0.2211
2023-07-29 11:00:00,3.4357,101.078,0.4694
2023-07-29 12:00:00,3.4042,101.211,1.4202
2023-07-29 13:00:00,3.34,101.497,0.279
2023-07-29 14:00:00,3.1549,97.202,0.7022
2023-07-29 15:00:00,3.1451,97.302,0.0393
2023-07-29 16:00:00,2.9193,94.099,1.7823
2023-07-29 17:00:00,2.9893,94.628,1.7882
2023-07-29 18:00:00,3.1433,96.212,0.5753
2023-07-29 19:00:00,3.1781,97.324,1.9048
2023-07-29 20:00:00,3.3761,99.442,2.1045
2023-07-29 21:00:00,3.2723,100.192,0.4052
2023-07-29 22:00:00,3.3976,100.816,1.2665
2023-07-29 23:00:00,3.4584,103.031,0.9733
2023-07-30 00:00:00,3.5762,104.641,0.7151
2023-07-30 01:00:00,3.5718,103.486,0.2362
2023-07-30 02:00:00,3.6347,106.582,0.448
2023-07-30 03:00:00,3.7454,107.116,0.7596
2023-07-30 04:00:00,3.8926,112.23,0.2264
2023-07-30 05:00:00,3.6274,105.384,0.0086
2023-07-30 06:00:00,3.6626,106.317,0.1605
2023-07-30 07:00:00,3.8498,108.358,0.9664
2023-07-30 08:00:00,3.6157,102.047,0.1567
2023-07-30 09:00:00,3.6177,106.836,0.6088
2023-07-30 10:00:00,3.6436,107.491,0.0143
2023-07-30 11:00:00,3.4952,104.023,0.4193
2023-07-30 12:00:00,3.19,97.05,0.2011
2023-07-30 13:00:00,3.0855,95.234,0.2233
2023-07-30 14:00:00,3.0574,96.285,0.3338
2023-07-30 15:00:00,3.1027,95.939,0.3743
2023-07-30 16:00:00,3.0738,93.918,0.7008
2023-07-30 17:00:00,2.8655,91.161,0.0769
2023-07-30 18:00:00,2.8927,92.59,0.1768
2023-07-30 19:00:00,2.9082,94.116,0.5739
2023-07-30 20:00:00,2.8703,90.626,0.3326
2023-07-30 21:00:00,3.2075,95.126,2.9331
2023-07-30 22:00:00,3.1299,96.616,0.7449
2023-07-30 23:00:00,3.3517,101.165,0.3407
2023-07-31 00:00:00,3.3747,99.733,0.7902
2023-07-31 01:00:00,3.4905,104.077,0.0236
2023-07-31 02:00:00,3.4017,100.667,0.1529
2023-07-31 03:00:00,3.441,101.24,0.4067
2023-07-31 04:00:00,3.6775,107.356,1.4034
2023-07-31 05:00:00,3.7015,108.949,0.0517
2023-07-31 06:00:00,3.8879,109.988,0.1092
2023-07-31 07:00:00,3.6172,104.355,0.1977
2023-07-31 08:00:00,3.4936,103.322,0.0317
2023-07-31 09:00:00,3.4423,100.818,0.4223
2023-07-31 10:00:00,3.4159,102.086,0.1644
2023-07-31 11:00:00,3.3169,100.213,0.4591
2023-07-31 12:00:00,3.2434,99.187,0.6879
2023-07-31 13:00:00,3.2237,98.738,0.5852
2023-07-31 14:00:00,3.1748,96.313,0.5197
2023-07-31 15:00:00,3.0135,94.337,0.4398
2023-07-31 16:00:00,2.9359,92.196,0.079
2023-07-31 17:00:00,2.7864,91.44,0.1264
2023-07-31 18:00:00,2.9062,91.762,0.2252
2023-07-31 19:00:00,2.8611,91.973,0.3972
2023-07-31 20:00:00,2.992,90.98,0.2778
2023-07-31 21:00:00,2.9752,93.19,0.1669
2023-07-31 22:00:00,2.9527,92.756,0.2899
2023-07-31 23:00:00,3.1817,98.051,1.453
2023-08-01 00:00:00,3.4347,99.997,0.0775
2023-08-01 01:00:00,3.3123,99.548,0.3496
2023-08-01 02:00:00,3.4915,103.825,0.0401
2023-08-01 03:00:00,3.5821,105.769,0.9563
2023-08-01 04:00:00,3.6341,106.434,0.2468
2023-08-01 05:00:00,3.5782,103.73,1.0276
2023-08-01 06:00:00,3.6691,106.225,0.0343
2023-08-01 07:00:00,3.7099,105.36,0.3446
2023-08-01 08:00:00,3.5934,105.787,0.5651
2023-08-01 09:00:00,3.5486,105.268,0.0118
2023-08-01 10:00:00,3.3817,102.523,0.0551
2023-08-01 11:00:00,3.3258,100.812,1.1814
2023-08-01 12:00:00,3.2819,98.839,0.6214
2023-08-01 13:00:00,3.0656,96.179,0.2519
2023-08-01 14:00:00,3.0358,93.207,0.2575
2023-08-01 15:00:00,2.9412,95.635,0.4564
2023-08-01 16:00:00,2.7817,88.351,1.2681
2023-08-01 17:00:00,2.9604,94.621,0.1012
2023-08-01 18:00:00,2.9094,92.426,0.1187
2023-08-01 19:00:00,3.0374,93.798,0.2227
2023-08-01 20:00:00,2.8928,93.046,0.1251
2023-08-01 21:00:00,2.9465,94.422,0.1737
2023-08-01 22:00:00,3.0793,96.127,0.3474
2023-08-01 23:00:00,3.1892,97.437,1.5023
2023-08-02 00:00:00,3.3611,100.517,0.8772
2023-08-02 01:00:00,3.2465,99.15,0.1491
2023-08-02 02:00:00,3.3819,99.134,0.1379
2023-08-02 03:00:00,3.3671,101.364,0.1865
2023-08-02 04:00:00,3.5007,104.378,0.4811
2023-08-02 05:00:00,3.5797,104.786,1.096
2023-08-02 06:00:00,3.6924,106.325,0.0922
2023-08-02 07:00:00,3.5493,105.198,0.6504
2023-08-02 08:00:00,3.8534,106.842,1.3435
2023-08-02 09:00:00,3.5745,105.402,0.1181
2023-08-02 10:00:00,3.4027,102.301,0.6033
2023-08-02 11:00:00,3.4848,103.065,0.2525
2023-08-02 12:00:00,3.325,101.34,0.2571
2023-08-02 13:00:00,3.147,96.617,0.0101
2023-08-02 14:00:00,3.1601,95.103,1.4017
2023-08-02 15:00:00,3.088,96.025,0.4155
2023-08-02 16:00:00,2.7297,89.472,0.791
2023-08-02 17:00:00,2.8512,91.814,0.4243
2023-08-02 18:00:00,2.9085,89.328,0.2398
2023-08-02 19:00:00,2.9416,92.325,0.6331
2023-08-02 20:00:00,3.0522,96.09,0.0491
2023-08-02 21:00:00,2.9407,93.32,0.559
2023-08-02 22:00:00,2.9345,93.022,0.2426
2023-08-02 23:00:00,3.07,96.154,0.2074
2023-08-03 00:00:00,3.2441,98.958,0.0654
2023-08-03 01:00:00,3.2915,99.498,0.2209
2023-08-03 02:00:00,3.3457,99.712,0.1307
2023-08-03 03:00:00,3.4397,100.754,0.7822
2023-08-03 04:00:00,3.4451,101.625,0.1909
2023-08-03 05:00:00,3.6032,106.671,0.1324
2023-08-03 06:00:00,3.6308,106.607,0.4967
2023-08-03 07:00:00,3.4193,100.343,0.0362
2023-08-03 08:00:00,3.5017,103.549,0.1894
2023-08-03 09:00:00,3.5334,104.785,0.5339
2023-08-03 10:00:00,3.3765,100.249,0.0167
2023-08-03 11:00:00,3.2396,97.969,0.2338
2023-08-03 12:00:00,3.2373,99.665,0.0091
2023-08-03 13:00:00,3.3457,101.204,2.0413
2023-08-03 14:00:00,3.0102,92.103,1.2301
2023-08-03 15:00:00,3.0437,94.807,1.1738
2023-08-03 16:00:00,2.949,93.047,0.1561
2023-08-03 17:00:00,2.9264,93.315,0.1921
2023-08-03 18:00:00,2.954,94.636,1.0541
2023-08-03 19:00:00,2.9766,95.235,0.3615
2023-08-03 20:00:00,3.0176,93.925,0.2108
2023-08-03 21:00:00,2.8884,91.037,0.0498
2023-08-03 22:00:00,2.9925,95.247,1.655
2023-08-03 23:00:00,3.1397,95.399,0.2597
2023-08-04 00:00:00,3.2174,98.51,0.2729
2023-08-04 01:00:00,3.2876,100.228,0.0302
2023-08-04 02:00:00,3.487,105.055,0.5936
2023-08-04 03:00:00,3.515,103.596,0.2745
2023-08-04 04:00:00,3.3939,101.744,0.5392
2023-08-04 05:00:00,3.7165,105.405,0.2186
2023-08-04 06:00:00,3.6964,107.865,0.3035
2023-08-04 07:00:00,3.5876,105.762,1.0879
2023-08-04 08:00:00,3.5257,104.28,0.2143
2023-08-04 09:00:00,3.5733,105.985,0.1378
2023-08-04 10:00:00,3.4679,104.071,0.0513
2023-08-04 11:00:00,3.3485,99.847,0.1207
2023-08-04 12:00:00,3.2462,96.502,1.6265
2023-08-04 13:00:00,3.011,95.303,0.7161
2023-08-04 14:00:00,3.0444,95.884,0.3278
2023-08-04 15:00:00,2.8066,92.19,0.036
2023-08-04 16:00:00,2.816,91.033,0.2236
2023-08-04 17:00:00,2.8574,93.108,1.5695
2023-08-04 18:00:00,2.8007,91.972,1.3673
2023-08-04 19:00:00,2.9875,95.184,0.9974
2023-08-04 20:00:00,2.9094,92.863,0.6176
2023-08-04 21:00:00,2.9378,90.066,0.211
2023-08-04 22:00:00,3.0034,93.73,0.5523
2023-08-04 23:00:00,3.2133,97.344,0.8429
2023-08-05 00:00:00,3.1031,97.079,1.2622
2023-08-05 01:00:00,3.4067,101.244,0.7498
2023-08-05 02:00:00,3.4552,101.76,0.0492
2023-08-05 03:00:00,3.5281,103.596,0.1724
2023-08-05 04:00:00,3.6141,105.405,0.1012
2023-08-05 05:00:00,3.6253,105.215,0.5604
2023-08-05 06:00:00,3.5806,105.547,0.2812
2023-08-05 07:00:00,3.7827,107.681,1.5971
2023-08-05 08:00:00,3.6074,105.092,0.9022
2023-08-05 09:00:00,3.5546,104.799,0.1259
2023-08-05 10:00:00,3.5316,103.736,0.0682
2023-08-05 11:00:00,3.3756,99.604,0.1881
2023-08-05 12:00:00,3.1508,95.627,0.3226
2023-08-05 13:00:00,3.1031,96.7,1.1462
2023-08-05 14:00:00,3.0676,95.918,0.8119
2023-08-05 15:00:00,3.1078,95.754,0.9963
2023-08-05 16:00:00,2.8429,91.069,0.3003
2023-08-05 17:00:00,2.7833,89.584,0.0091
2023-08-05 18:00:00,2.7884,89.832,0.2903
2023-08-05 19:00:00,2.8654,91.483,0.7975
2023-08-05 20:00:00,2.7538,89.773,0.0178
2023-08-05 21:00:00,2.9956,95.095,0.4994
2023-08-05 22:00:00,2.9807,91.263,0.563
2023-08-05 23:00:00,2.9811,95.197,0.223
2023-08-06 00:00:00,3.137,97.219,0.562
2023-08-06 01:00:00,3.4544,103.34,0.5386
2023-08-06 02:00:00,3.4721,102.88,1.3484
2023-08-06 03:00:00,3.4414,99.721,0.0592
2023-08-06 04:00:00,3.6823,106.902,0.0297
2023-08-06 05:00:00,3.5515,103.079,0.2643
2023-08-06 06:00:00,3.6369,104.742,1.2483
2023-08-06 07:00:00,3.5968,107.153,0.4503
2023-08-06 08:00:00,3.4235,101.764,0.0704
2023-08-06 09:00:00,3.4896,103.08,0.4559
2023-08-06 10:00:00,3.3864,98.973,0.2167
2023-08-06 11:00:00,3.2327,96.727,0.0482
2023-08-06 12:00:00,3.1014,96.434,0.1354
2023-08-06 13:00:00,3.0375,92.906,0.4256
2023-08-06 14:00:00,2.869,91.841,0.5699
2023-08-06 15:00:00,2.8375,91.076,0.0202
2023-08-06 16:00:00,2.686,86.96,0.5144
2023-08-06 17:00:00,2.8527,90.655,0.7286
2023-08-06 18:00:00,2.8655,92.84,0.9875
2023-08-06 19:00:00,2.5697,83.78,0.0675
2023-08-06 20:00:00,2.9888,95.594,1.2177
2023-08-06 21:00:00,2.9502,93.44,0.1192
2023-08-06 22:00:00,2.9743,93.479,0.0358
2023-08-06 23:00:00,2.9209,92.659,0.2526
2023-08-07 00:00:00,3.1254,95.515,0.7156
2023-08-07 01:00:00,3.3881,100.966,0.205
2023-08-07 02:00:00,3.255,95.726,0.297
2023-08-07 03:00:00,3.4564,101.235,0.5216
2023-08-07 04:00:00,3.5457,102.743,1.0237
2023-08-07 05:00:00,3.5564,103.896,0.2818
2023-08-07 06:00:00,3.5665,103.887,1.3771
2023-08-07 07:00:00,3.5725,103.693,0.2299
2023-08-07 08:00:00,3.5935,104.992,0.3695
2023-08-07 09:00:00,3.483,102.552,0.0913
2023-08-07 10:00:00,3.3802,100.503,0.7603
2023-08-07 11:00:00,3.2535,98.765,0.1707
2023-08-07 12:00:00,3.1417,94.75,0.1302
2023-08-07 13:00:00,3.0932,96.723,0.7298
2023-08-07 14:00:00,3.0205,95.572,0.812
2023-08-07 15:00:00,2.9214,93.565,0.5082
2023-08-07 16:00:00,2.7365,90.927,1.4594
2023-08-07 17:00:00,2.871,89.98,0.0566
2023-08-07 18:00:00,2.7902,89.761,0.8081
2023-08-07 19:00:00,2.9169,94.108,0.3556
2023-08-07 20:00:00,2.9345,93.395,2.4865
2023-08-07 21:00:00,2.9446,94.684,0.041
2023-08-07 22:00:00,3.2007,95.669,0.1765
2023-08-07 23:00:00,3.0719,95.323,0.2243
2023-08-08 00:00:00,3.1638,95.518,0.0659
2023-08-08 01:00:00,3.3262,101.667,0.7696
2023-08-08 02:00:00,3.3806,98.646,0.0399
2023-08-08 03:00:00,3.5828,103.661,0.5219
2023-08-08 04:00:00,3.5332,102.576,0.4695
2023-08-08 05:00:00,3.5514,105.141,0.2724
2023-08-08 06:00:00,3.6249,105.465,0.7906
2023-08-08 07:00:00,3.4317,104.375,0.033
2023-08-08 08:00:00,3.4675,103.012,0.0798
2023-08-08 09:00:00,3.4837,101.121,0.7293
2023-08-08 10:00:00,3.3751,99.985,0.2343
2023-08-08 11:00:00,3.2095,96.469,0.0657
2023-08-08 12:00:00,3.2204,98.993,0.0686
2023-08-08 13:00:00,2.9599,93.745,0.2972
2023-08-08 14:00:00,2.8552,92.655,0.5566
2023-08-08 15:00:00,2.7669,89.652,0.9215
2023-08-08 16:00:00,2.6611,87.845,0.638
2023-08-08 17:00:00,2.7134,86.169,0.6131
2023-08-08 18:00:00,2.8548,91.984,0.2037
2023-08-08 19:00:00,2.7516,90.241,0.6287
2023-08-08 20:00:00,2.8416,91.357,0.4368
2023-08-08 21:00:00,2.8832,91.102,0.6334
2023-08-08 22:00:00,2.9523,92.171,1.2694
2023-08-08 23:00:00,3.1014,94.388,0.1961
2023-08-09 00:00:00,3.0794,93.436,0.3
2023-08-09 01:00:00,3.1741,96.816,0.4637
2023-08-09 02:00:00,3.4031,99.661,0.1509
2023-08-09 03:00:00,3.4995,104.692,0.1149
2023-08-09 04:00:00,3.5333,101.516,0.35
2023-08-09 05:00:00,3.5374,104.209,0.3401
2023-08-09 06:00:00,3.4122,100.923,0.2805
2023-08-09 07:00:00,3.4582,102.262,0.6186
2023-08-09 08:00:00,3.466,101.47,0.3555
2023-08-09 09:00:00,3.3731,102.849,0.3046
2023-08-09 10:00:00,3.327,100.044,0.2706
2023-08-09 11:00:00,3.2232,98.555,0.5456
2023-08-09 12:00:00,3.0264,94.24,0.7357
2023-08-09 13:00:00,3.1036,95.655,1.5229
2023-08-09 14:00:00,3.0965,96.012,0.7842
2023-08-09 15:00:00,2.8341,94.028,0.7199
2023-08-09 16:00:00,2.7639,88.662,0.3076
2023-08-09 17:00:00,2.6787,90.526,0.5006
2023-08-09 18:00:00,2.8412,90.186,1.138
2023-08-09 19:00:00,2.7626,90.017,0.2123
2023-08-09 20:00:00,2.794,91.174,0.9604
2023-08-09 21:00:00,2.8676,93.913,0.4342
2023-08-09 22:00:00,2.875,90.764,0.5186
2023-08-09 23:00:00,2.9603,93.488,0.4837
2023-08-10 00:00:00,3.1757,96.807,1.0126
2023-08-10 01:00:00,3.409,101.963,0.2768
2023-08-10 02:00:00,3.417,101.329,0.1001
2023-08-10 03:00:00,3.5008,103.334,0.3278
2023-08-10 04:00:00,3.4795,102.862,0.6402
2023-08-10 05:00:00,3.4694,104.329,0.3888
2023-08-10 06:00:00,3.4184,100.308,0.5054
2023-08-10 07:00:00,3.6976,106.377,0.0717
2023-08-10 08:00:00,3.4821,101.884,0.3597
2023-08-10 09:00:00,3.3523,101.811,0.2883
2023-08-10 10:00:00,3.3148,99.461,1.322
2023-08-10 11:00:00,3.1735,97.858,0.1678
2023-08-10 12:00:00,3.0725,94.672,0.2559
2023-08-10 13:00:00,2.8885,91.542,0.0029
2023-08-10 14:00:00,2.9287,93.511,0.4057
2023-08-10 15:00:00,2.7607,89.092,0.2698
2023-08-10 16:00:00,2.7349,88.897,0.0092
2023-08-10 17:00:00,2.6479,90.295,0.082
2023-08-10 18:00:00,2.6689,89.626,0.0248
2023-08-10 19:00:00,2.7858,91.576,2.0983
2023-08-10 20:00:00,2.6957,90.075,0.1095
2023-08-10 21:00:00,2.654,89.282,0.023
2023-08-10 22:00:00,2.8372,91.557,0.5116
2023-08-10 23:00:00,2.8656,92.223,0.0465
2023-08-11 00:00:00,2.9903,93.305,1.8665
2023-08-11 01:00:00,3.419,104.354,0.5185
2023-08-11 02:00:00,3.2915,98.924,0.3849
2023-08-11 03:00:00,3.5264,103.868,3.3811
2023-08-11 04:00:00,3.7338,110.006,0.4595
2023-08-11 05:00:00,3.5206,104.769,0.7939
2023-08-11 06:00:00,3.696,106.87,0.2255
2023-08-11 07:00:00,3.4293,101.319,0.1317
2023-08-11 08:00:00,3.4888,102.704,0.6796
2023-08-11 09:00:00,3.4861,102.389,0.4351
2023-08-11 10:00:00,3.3808,102.811,0.6654
2023-08-11 11:00:00,3.324,98.398,1.02
2023-08-11 12:00:00,3.1663,98.11,1.3232
2023-08-11 13:00:00,3.0434,93.452,0.5183
2023-08-11 14:00:00,3.0473,93.905,0.7639
2023-08-11 15:00:00,2.9536,95.211,0.4465
2023-08-11 16:00:00,2.8485,93.603,1.537
2023-08-11 17:00:00,2.7914,89.992,1.1947
2023-08-11 18:00:00,2.8035,90.776,0.244
2023-08-11 19:00:00,2.8975,94.177,0.1598
2023-08-11 20:00:00,2.8536,89.757,0.628
2023-08-11 21:00:00,2.8802,90.895,0.1869
2023-08-11 22:00:00,3.0297,95.38,1.6991
2023-08-11 23:00:00,3.0947,95.401,0.1939
2023-08-12 00:00:00,2.9569,93.594,0.0971
2023-08-12 01:00:00,3.2007,98.444,0.5102
2023-08-12 02:00:00,3.2943,99.301,0.4668
2023-08-12 03:00:00,3.3288,102.288,0.151
2023-08-12 04:00:00,3.4206,100.11,0.8488
2023-08-12 05:00:00,3.5661,103.685,1.7727
2023-08-12 06:00:00,3.6857,106.467,1.2592
2023-08-12 07:00:00,3.7356,108.302,0.4248
2023-08-12 08:00:00,3.4384,102.145,0.4395
2023-08-12 09:00:00,3.3176,101.001,1.4573
2023-08-12 10:00:00,3.3015,100.426,0.4729
2023-08-12 11:00:00,3.3802,99.18,0.9809
2023-08-12 12:00:00,3.1457,96.12,0.1638
2023-08-12 13:00:00,3.2089,95.793,0.631
2023-08-12 14:00:00,2.8926,91.533,0.0982
2023-08-12 15:00:00,2.904,92.467,3.1842
2023-08-12 16:00:00,2.857,90.537,0.0604
2023-08-12 17:00:00,2.7889,89.056,0.1091
2023-08-12 18:00:00,2.7328,88.421,0.8657
2023-08-12 19:00:00,2.7304,91.601,0.6125
2023-08-12 20:00:00,2.7868,89.368,1.6172
2023-08-12 21:00:00,2.8535,91.101,0.6118
2023-08-12 22:00:00,2.8451,90.906,0.2028
2023-08-12 23:00:00,3.0988,97.539,1.3211
2023-08-13 00:00:00,3.2807,100.286,0.9207
2023-08-13 01:00:00,3.3549,100.173,0.998
2023-08-13 02:00:00,3.5384,103.733,0.9786
2023-08-13 03:00:00,3.5498,103.628,0.0957
2023-08-13 04:00:00,3.544,102.98,0.4967
2023-08-13 05:00:00,3.5335,106.052,0.5338
2023-08-13 06:00:00,3.5743,102.435,1.2476
2023-08-13 07:00:00,3.389,99.265,1.3246
2023-08-13 08:00:00,3.3805,100.289,0.4058
2023-08-13 09:00:00,3.3277,99.972,0.2218
2023-08-13 10:00:00,3.3465,102.079,0.2932
2023-08-13 11:00:00,3.2416,97.91,0.4679
2023-08-13 12:00:00,3.0464,93.694,0.1539
2023-08-13 13:00:00,2.9149,92.957,0.0285
2023-08-13 14:00:00,2.9611,93.609,0.0985
2023-08-13 15:00:00,2.7259,88.949,1.1459
2023-08-13 16:00:00,2.6615,87.417,0.3667
2023-08-13 17:00:00,2.6401,87.556,0.6586
2023-08-13 18:00:00,2.703,89.072,0.5831
2023-08-13 19:00:00,2.6497,86.77,0.0588
2023-08-13 20:00:00,2.8725,90.572,0.9286
2023-08-13 21:00:00,2.8119,90.218,1.1186
2023-08-13 22:00:00,2.7691,91.125,1.4019
2023-08-13 23:00:00,2.9048,92.454,0.7284
2023-08-14 00:00:00,3.1577,96.87,0.185
2023-08-14 01:00:00,3.2198,97.263,0.6287
2023-08-14 02:00:00,3.2965,100.858,0.5602
2023-08-14 03:00:00,3.3273,100.556,0.327
2023-08-14 04:00:00,3.5721,105.769,1.111
2023-08-14 05:00:00,3.6325,106.758,1.1233
2023-08-14 06:00:00,3.451,101.618,0.1927
2023-08-14 07:00:00,3.5245,105.089,0.229
2023-08-14 08:00:00,3.427,101.316,0.6922
2023-08-14 09:00:00,3.1642,96.71,0.6944
2023-08-14 10:00:00,3.3484,101.197,0.1116
2023-08-14 11:00:00,3.0472,92.479,0.4076
2023-08-14 12:00:00,3.188,99.088,0.93
2023-08-14 13:00:00,3.0055,95.098,0.3927
2023-08-14 14:00:00,2.9018,91.672,1.4278
2023-08-14 15:00:00,2.7436,88.155,0.3142
2023-08-14 16:00:00,2.7856,91.876,0.2219
2023-08-14 17:00:00,2.6108,88.337,0.3254
2023-08-14 18:00:00,2.6878,88.992,1.0744
2023-08-14 19:00:00,2.8647,91.796,2.2447
2023-08-14 20:00:00,2.771,88.283,0.3491
2023-08-14 21:00:00,2.8243,90.7,0.5559
2023-08-14 22:00:00,2.8842,91.49,0.6501
2023-08-14 23:00:00,3.0031,96.181,0.0905
2023-08-15 00:00:00,2.85,89.564,0.1122
2023-08-15 01:00:00,3.1943,99.713,1.1058
2023-08-15 02:00:00,3.4009,102.223,0.1474
2023-08-15 03:00:00,3.283,98.752,0.3925
2023-08-15 04:00:00,3.2543,98.152,0.3
2023-08-15 05:00:00,3.4175,101.369,0.2203
2023-08-15 06:00:00,3.3837,101.247,1.2076
2023-08-15 07:00:00,3.3918,101.053,0.186
2023-08-15 08:00:00,3.3977,101.569,0.2804
2023-08-15 09:00:00,3.2757,99.391,0.6086
2023-08-15 10:00:00,3.3515,100.447,1.2533
2023-08-15 11:00:00,3.212,100.168,0.5175
2023-08-15 12:00:00,3.0298,91.359,0.023
2023-08-15 13:00:00,2.9749,93.471,0.4555
2023-08-15 14:00:00,2.7818,91.043,0.2051
2023-08-15 15:00:00,2.9148,92.595,0.136
2023-08-15 16:00:00,2.6051,86.881,0.6885
2023-08-15 17:00:00,2.7025,89.036,0.1774
2023-08-15 18:00:00,2.551,85.091,0.3776
2023-08-15 19:00:00,2.6392,87.231,0.3398
2023-08-15 20:00:00,2.7528,89.377,1.0907
2023-08-15 21:00:00,2.8334,90.514,0.3809
2023-08-15 22:00:00,2.8371,90.977,0.1379
2023-08-15 23:00:00,2.9076,94.931,1.4314
2023-08-16 00:00:00,3.0556,95.646,0.8645
2023-08-16 01:00:00,3.0273,94.109,0.174
2023-08-16 02:00:00,3.0957,94.881,0.4983
2023-08-16 03:00:00,3.423,103.792,1.1185
2023-08-16 04:00:00,3.3071,97.505,0.3144
2023-08-16 05:00:00,3.4397,103.615,0.8285
2023-08-16 06:00:00,3.3307,99.238,0.167
2023-08-16 07:00:00,3.4163,103.626,0.4462
2023-08-16 08:00:00,3.3529,100.222,0.3976
2023-08-16 09:00:00,3.3879,100.286,0.9516
2023-08-16 10:00:00,3.169,98.074,0.3688
2023-08-16 11:00:00,3.0857,94.229,0.6857
2023-08-16 12:00:00,2.8915,92.197,0.0646
2023-08-16 13:00:00,2.9851,94.358,0.2957
2023-08-16 14:00:00,2.7693,90.31,0.097
2023-08-16 15:00:00,2.7972,91.958,0.9349
2023-08-16 16:00:00,2.6779,88.39,1.6945
2023-08-16 17:00:00,2.6135,86.268,0.3868
2023-08-16 18:00:00,2.6355,87.806,1.6764
2023-08-16 19:00:00,2.4569,84.768,0.1383
2023-08-16 20:00:00,2.77,90.066,0.0585
2023-08-16 21:00:00,2.8178,91.387,0.2361
2023-08-16 22:00:00,2.9706,95.985,0.3945
2023-08-16 23:00:00,3.0076,93.067,0.2198
2023-08-17 00:00:00,2.9613,94.416,0.1298
2023-08-17 01:00:00,2.9965,92.615,2.0788
2023-08-17 02:00:00,3.314,100.073,0.0068
2023-08-17 03:00:00,3.296,98.794,0.3565
2023-08-17 04:00:00,3.4062,100.877,0.4994
2023-08-17 05:00:00,3.3549,99.719,0.3594
2023-08-17 06:00:00,3.3862,102.891,0.0807
2023-08-17 07:00:00,3.3149,99.763,0.1285
2023-08-17 08:00:00,3.4282,100.533,0.9411
2023-08-17 09:00:00,3.2483,99.111,0.4867
2023-08-17 10:00:00,3.3355,101.361,1.0099
2023-08-17 11:00:00,3.1587,97.033,0.8262
2023-08-17 12:00:00,2.9335,94.841,0.4197
2023-08-17 13:00:00,2.9209,92.489,0.7497
2023-08-17 14:00:00,2.6354,87.998,0.0603
2023-08-17 15:00:00,2.8317,89.125,0.6225
2023-08-17 16:00:00,2.7233,89.32,0.7308
2023-08-17 17:00:00,2.5473,83.753,1.4343
2023-08-17 18:00:00,2.4651,83.874,0.9162
2023-08-17 19:00:00,2.6355,88.611,0.0652
2023-08-17 20:00:00,2.6315,88.016,0.0193
2023-08-17 21:00:00,2.6895,87.091,0.087
2023-08-17 22:00:00,2.6869,88.353,0.5306
2023-08-17 23:00:00,3.0127,93.945,1.083
2023-08-18 00:00:00,3.0152,94.092,0.9415
2023-08-18 01:00:00,3.299,98.93,0.0485
2023-08-18 02:00:00,3.1223,96.317,0.4536
2023-08-18 03:00:00,3.3568,101.529,0.0233
2023-08-18 04:00:00,3.1849,98.366,0.8234
2023-08-18 05:00:00,3.1052,94.947,1.7872
2023-08-18 06:00:00,3.3593,99.107,0.4257
2023-08-18 07:00:00,3.4391,100.507,0.4694
2023-08-18 08:00:00,3.2994,99.688,0.3184
2023-08-18 09:00:00,3.2627,99.076,0.0215
2023-08-18 10:00:00,3.1333,95.211,0.2961
2023-08-18 11:00:00,3.0061,95.778,0.9173
2023-08-18 12:00:00,3.1343,95.814,0.1827
2023-08-18 13:00:00,2.768,90.568,0.313
2023-08-18 14:00:00,2.7302,88.891,0.0558
2023-08-18 15:00:00,2.9704,94.522,3.4196
2023-08-18 16:00:00,2.8073,92.343,1.0765
2023-08-18 17:00:00,2.7959,89.504,1.192
2023-08-18 18:00:00,2.7312,89.697,0.8329
2023-08-18 19:00:00,2.6805,88.673,0.2009
2023-08-18 20:00:00,2.8117,92.077,0.021
2023-08-18 21:00:00,2.8085,92.014,0.0576
2023-08-18 22:00:00,2.9014,91.867,0.7225
2023-08-18 23:00:00,2.9064,90.379,0.5397
2023-08-19 00:00:00,3.0339,92.988,1.033
2023-08-19 01:00:00,3.0547,91.42,0.9871
2023-08-19 02:00:00,3.278,99.204,1.6093
2023-08-19 03:00:00,3.3198,100.867,0.1363
2023-08-19 04:00:00,3.4068,102.161,0.8293
2023-08-19 05:00:00,3.3503,100.89,2.1599
2023-08-19 06:00:00,3.5559,103.941,0.4685
2023-08-19 07:00:00,3.4044,99.421,0.3164
2023-08-19 08:00:00,3.3969,100.086,0.1815
2023-08-19 09:00:00,3.24,99.453,0.7367
2023-08-19 10:00:00,3.2949,97.295,0.2632
2023-08-19 11:00:00,3.16,95.551,1.5387
2023-08-19 12:00:00,3.0958,96.971,1.888
2023-08-19 13:00:00,2.902,93.81,0.0455
2023-08-19 14:00:00,2.8228,88.213,0.0545
2023-08-19 15:00:00,2.6223,86.734,0.1454
2023-08-19 16:00:00,2.7311,87.803,0.1186
2023-08-19 17:00:00,2.4834,84.316,1.9007
2023-08-19 18:00:00,2.6057,89.4,0.4587
2023-08-19 19:00:00,2.7599,89.443,0.7993
2023-08-19 20:00:00,2.6528,87.009,0.8143
2023-08-19 21:00:00,2.7472,88.099,0.3485
2023-08-19 22:00:00,2.7894,88.256,1.9733
2023-08-19 23:00:00,2.9313,92.376,0.5766
2023-08-20 00:00:00,3.0373,94.083,0.9903
2023-08-20 01:00:00,3.1105,96.688,0.5415
2023-08-20 02:00:00,3.1657,96.21,0.7618
2023-08-20 03:00:00,3.4744,101.679,1.3572
2023-08-20 04:00:00,3.3871,102.218,0.4656
2023-08-20 05:00:00,3.4566,102.106,1.0655
2023-08-20 06:00:00,3.4235,101.527,1.1866
2023-08-20 07:00:00,3.3117,99.385,0.4697
2023-08-20 08:00:00,3.3738,101.796,0.3123
2023-08-20 09:00:00,3.1723,97.756,0.0193
2023-08-20 10:00:00,3.1514,96.948,1.5769
2023-08-20 11:00:00,3.0549,97.586,0.846
2023-08-20 12:00:00,2.927,92.954,1.4185
2023-08-20 13:00:00,3.0596,95.671,0.2783
2023-08-20 14:00:00,2.7286,88.866,0.3271
2023-08-20 15:00:00,2.6956,87.102,0.5115
2023-08-20 16:00:00,2.6778,88.225,0.6839
2023-08-20 17:00:00,2.6655,86.667,0.2472
2023-08-20 18:00:00,2.6024,87.055,0.6962
2023-08-20 19:00:00,2.4489,84.215,0.2475
2023-08-20 20:00:00,2.6295,87.617,0.2549
2023-08-20 21:00:00,2.532,82.423,0.3062
2023-08-20 22:00:00,2.8018,90.583,0.2626
2023-08-20 23:00:00,2.7946,91.759,0.1649
2023-08-21 00:00:00,2.9638,92.871,1.391
2023-08-21 01:00:00,3.2151,98.478,1.1874
2023-08-21 02:00:00,3.2187,97.404,0.6402
2023-08-21 03:00:00,3.199,97.607,0.2959
2023-08-21 04:00:00,3.2431,100.036,0.5784
2023-08-21 05:00:00,3.3518,100.253,0.7286
2023-08-21 06:00:00,3.3225,100.599,0.6893
2023-08-21 07:00:00,3.2938,99.47,0.6323
2023-08-21 08:00:00,3.2767,98.54,0.4779
2023-08-21 09:00:00,3.2972,99.619,0.1301
2023-08-21 10:00:00,3.1616,96.396,1.2925
2023-08-21 11:00:00,3.0683,96.708,0.609
2023-08-21 12:00:00,3.0634,95.816,1.2977
2023-08-21 13:00:00,2.9499,93.906,1.6032
2023-08-21 14:00:00,2.8495,91.3,0.9023
2023-08-21 15:00:00,2.856,90.505,1.0685
2023-08-21 16:00:00,2.6792,88.353,2.0349
2023-08-21 17:00:00,2.7134,87.936,1.6326
2023-08-21 18:00:00,2.7173,88.648,0.1367
2023-08-21 19:00:00,2.7401,87.982,1.3265
2023-08-21 20:00:00,2.8773,91.048,0.2127
2023-08-21 21:00:00,2.7855,89.469,0.4374
2023-08-21 22:00:00,2.6972,88.366,0.1022
2023-08-21 23:00:00,3.011,95.024,2.1862
2023-08-22 00:00:00,2.9837,94.294,0.0549
2023-08-22 01:00:00,3.2368,97.816,1.1974
2023-08-22 02:00:00,3.1176,95.56,0.0608
2023-08-22 03:00:00,3.4279,99.948,2.2634
2023-08-22 04:00:00,3.3276,98.964,0.6979
2023-08-22 05:00:00,3.5349,101.376,0.8901
2023-08-22 06:00:00,3.6519,105.536,3.7414
2023-08-22 07:00:00,3.5616,103.847,1.1017
2023-08-22 08:00:00,3.4333,102.322,0.5723
2023-08-22 09:00:00,3.4612,101.965,0.4576
2023-08-22 10:00:00,3.3954,99.629,1.8773
2023-08-22 11:00:00,3.2982,98.898,1.4417
2023-08-22 12:00:00,3.038,97.134,0.008
2023-08-22 13:00:00,2.9447,94.079,0.3965
2023-08-22 14:00:00,2.7869,89.404,0.28
2023-08-22 15:00:00,2.7261,88.193,0.1053
2023-08-22 16:00:00,2.6914,88.44,1.3457
2023-08-22 17:00:00,2.5663,85.533,0.9456
2023-08-22 18:00:00,2.67,88.716,0.3614
2023-08-22 19:00:00,2.549,86.364,0.1417
2023-08-22 20:00:00,2.5877,88.055,0.4097
2023-08-22 21:00:00,2.5828,86.583,0.3428
2023-08-22 22:00:00,2.6543,87.681,0.6824
2023-08-22 23:00:00,2.8599,94.913,0.8913
2023-08-23 00:00:00,2.8776,90.797,0.9065
2023-08-23 01:00:00,3.0346,93.045,2.0061
2023-08-23 02:00:00,3.1402,96.245,1.2097
2023-08-23 03:00:00,3.2239,96.839,0.1263
2023-08-23 04:00:00,3.2191,97.745,0.1519
2023-08-23 05:00:00,3.3218,100.719,0.9848
2023-08-23 06:00:00,3.3458,99.956,0.1269
2023-08-23 07:00:00,3.1434,94.66,0.6942
2023-08-23 08:00:00,3.1811,95.478,0.8574
2023-08-23 09:00:00,3.2244,98.446,1.1725
2023-08-23 10:00:00,3.0803,94.821,0.1142
2023-08-23 11:00:00,2.9826,92.781,1.3116
2023-08-23 12:00:00,3.0149,94.728,0.1074
2023-08-23 13:00:00,2.7893,91.029,1.6601
2023-08-23 14:00:00,2.7789,92.663,0.1583
2023-08-23 15:00:00,2.7008,90.036,0.1134
2023-08-23 16:00:00,2.6869,90.266,0.0228
2023-08-23 17:00:00,2.4134,83.762,0.7625
2023-08-23 18:00:00,2.9531,94.455,4.521
2023-08-23 19:00:00,2.8691,92.136,0.0168
2023-08-23 20:00:00,2.7622,90.508,2.034
2023-08-23 21:00:00,2.678,88.772,0.1111
2023-08-23 22:00:00,2.8297,91.52,0.1694
2023-08-23 23:00:00,2.9352,92.361,0.3851
2023-08-24 00:00:00,3.0262,92.876,0.5027
2023-08-24 01:00:00,2.982,95.341,0.4777
2023-08-24 02:00:00,3.2488,97.979,0.4256
2023-08-24 03:00:00,3.1632,95.588,1.0681
2023-08-24 04:00:00,3.3305,100.672,1.0185
2023-08-24 05:00:00,3.1669,96.486,0.0966
2023-08-24 06:00:00,3.3317,101.634,0.1494
2023-08-24 07:00:00,3.3886,101.086,0.6276
2023-08-24 08:00:00,3.1894,99.582,2.0891
2023-08-24 09:00:00,3.2744,98.628,0.6046
2023-08-24 10:00:00,3.2067,97.622,0.3518
2023-08-24 11:00:00,3.0714,93.123,0.2648
2023-08-24 12:00:00,2.956,94.184,0.4272
2023-08-24 13:00:00,2.7862,92.198,0.3854
2023-08-24 14:00:00,2.6397,88.298,0.011
2023-08-24 15:00:00,2.5569,85.584,0.2082
2023-08-24 16:00:00,2.4024,83.859,0.0648
2023-08-24 17:00:00,2.5244,83.979,2.1071
2023-08-24 18:00:00,2.6174,86.653,0.9508
2023-08-24 19:00:00,2.5077,87.884,0.2971
2023-08-24 20:00:00,2.6156,87.505,0.2141
2023-08-24 21:00:00,2.7119,88.913,0.2641
2023-08-24 22:00:00,2.741,88.265,1.2521
2023-08-24 23:00:00,2.942,91.716,0.5308
2023-08-25 00:00:00,2.9944,93.233,0.5557
2023-08-25 01:00:00,2.9087,94.081,0.0123
2023-08-25 02:00:00,2.9993,93.353,0.5475
2023-08-25 03:00:00,3.0681,96.406,0.6926
2023-08-25 04:00:00,3.2628,99.095,0.2102
2023-08-25 05:00:00,3.3709,100.091,1.5227
2023-08-25 06:00:00,3.4058,103.126,0.3402
2023-08-25 07:00:00,3.2681,99.181,0.7741
2023-08-25 08:00:00,3.2729,98.051,0.5601
2023-08-25 09:00:00,3.142,98.815,0.7709
2023-08-25 10:00:00,3.1093,95.021,0.5665
2023-08-25 11:00:00,2.9219,91.744,0.7275
2023-08-25 12:00:00,2.9208,91.584,0.9786
2023-08-25 13:00:00,2.8303,90.196,0.4246
2023-08-25 14:00:00,2.5969,86.611,0.4427
2023-08-25 15:00:00,2.5286,86.447,0.4359
2023-08-25 16:00:00,2.5007,86.277,0.308
2023-08-25 17:00:00,2.3638,82.821,0.0445
2023-08-25 18:00:00,2.3872,81.37,0.1857
2023-08-25 19:00:00,2.5561,87.579,0.0967
2023-08-25 20:00:00,2.3718,82.552,0.3529
2023-08-25 21:00:00,2.5765,87.006,0.4425
2023-08-25 22:00:00,2.6919,87.48,0.7014
2023-08-25 23:00:00,2.6648,87.457,0.3733
2023-08-26 00:00:00,2.915,92.135,1.7839
2023-08-26 01:00:00,2.9095,92.898,0.5733
2023-08-26 02:00:00,3.0416,96.242,1.0017
2023-08-26 03:00:00,3.2767,99.11,2.6303
2023-08-26 04:00:00,3.2679,98.315,0.4377
2023-08-26 05:00:00,3.3534,100.385,0.3405
2023-08-26 06:00:00,3.1677,97.976,0.3883
2023-08-26 07:00:00,3.3274,98.563,0.4082
2023-08-26 08:00:00,3.2604,98.636,0.2213
2023-08-26 09:00:00,3.1966,96.43,2.145
2023-08-26 10:00:00,3.0252,95.729,0.6445
2023-08-26 11:00:00,2.996,92.66,1.7136
2023-08-26 12:00:00,2.9564,91.98,0.0895
2023-08-26 13:00:00,3.1121,96.447,1.7475
2023-08-26 14:00:00,2.8001,89.539,0.5908
2023-08-26 15:00:00,2.6569,86.925,1.0182
2023-08-26 16:00:00,2.8337,89.971,1.3883
2023-08-26 17:00:00,2.4927,84.395,0.066
2023-08-26 18:00:00,2.5982,87.094,0.066
2023-08-26 19:00:00,2.6809,87.498,2.3024
2023-08-26 20:00:00,2.7613,88.024,1.4013
2023-08-26 21:00:00,2.791,89.055,1.1442
2023-08-26 22:00:00,2.6573,85.674,0.9571
2023-08-26 23:00:00,2.8911,91.103,0.7891
2023-08-27 00:00:00,2.9326,94.17,0.3654
2023-08-27 01:00:00,2.9884,93.468,0.143
2023-08-27 02:00:00,3.1273,97.695,1.1119
2023-08-27 03:00:00,3.2074,95.964,0.7322
2023-08-27 04:00:00,3.3272,98.812,0.03
2023-08-27 05:00:00,3.2161,97.314,0.4806
2023-08-27 06:00:00,3.3687,100.575,1.4171
2023-08-27 07:00:00,3.2903,98.219,0.571
2023-08-27 08:00:00,3.2481,99.509,0.0927
2023-08-27 09:00:00,3.1147,96.823,0.1409
2023-08-27 10:00:00,3.3334,100.928,4.7326
2023-08-27 11:00:00,3.2183,94.741,0.3256
2023-08-27 12:00:00,3.0898,95.341,0.9201
2023-08-27 13:00:00,2.8852,91.27,1.3044
2023-08-27 14:00:00,2.6801,87.147,0.173
2023-08-27 15:00:00,2.743,88.627,0.8811
2023-08-27 16:00:00,2.694,88.475,0.2045
2023-08-27 17:00:00,2.489,85.467,0.6513
2023-08-27 18:00:00,2.4984,85.166,0.2364
2023-08-27 19:00:00,2.6283,85.55,0.2404
2023-08-27 20:00:00,2.5845,86.171,0.0038
2023-08-27 21:00:00,2.5322,86.489,0.2935
2023-08-27 22:00:00,2.5306,84.624,0.3463
2023-08-27 23:00:00,2.584,86.524,0.0175
2023-08-28 00:00:00,2.7805,91.867,0.3127
2023-08-28 01:00:00,2.7581,90.021,0.1472
2023-08-28 02:00:00,2.8531,90.728,0.2761
2023-08-28 03:00:00,3.008,90.994,0.1224
2023-08-28 04:00:00,3.1388,95.557,0.1694
2023-08-28 05:00:00,2.9737,93.948,0.8093
2023-08-28 06:00:00,3.0488,96.049,1.4128
2023-08-28 07:00:00,3.2271,99.252,0.9272
2023-08-28 08:00:00,3.1673,95.247,0.6036
2023-08-28 09:00:00,3.1842,97.106,0.3929
2023-08-28 10:00:00,2.9633,92.766,0.0575
2023-08-28 11:00:00,2.8456,93.29,0.311
2023-08-28 12:00:00,2.6317,88.3,0.7982
2023-08-28 13:00:00,2.7904,91.129,1.525
2023-08-28 14:00:00,2.5549,86.718,0.1046
2023-08-28 15:00:00,2.4072,82.492,0.549
2023-08-28 16:00:00,2.5758,88.365,0.3708
2023-08-28 17:00:00,2.4695,84.828,0.8409
2023-08-28 18:00:00,2.377,82.838,0.0245
2023-08-28 19:00:00,2.4147,81.49,1.4473
2023-08-28 20:00:00,2.5289,85.466,1.2577
2023-08-28 21:00:00,2.5054,84.73,0.8025
2023-08-28 22:00:00,2.7695,90.56,2.131
2023-08-28 23:00:00,2.7011,90.111,0.0336
2023-08-29 00:00:00,2.8374,88.635,0.2249
2023-08-29 01:00:00,2.9997,94.028,0.3205
2023-08-29 02:00:00,3.0641,97.508,0.3506
2023-08-29 03:00:00,3.1928,96.529,0.2892
2023-08-29 04:00:00,3.0398,92.556,0.3419
2023-08-29 05:00:00,3.0904,96.029,0.5927
2023-08-29 06:00:00,3.2181,99.826,0.0299
2023-08-29 07:00:00,3.1922,96.926,0.4845
2023-08-29 08:00:00,3.122,96.336,0.9122
2023-08-29 09:00:00,3.0277,93.04,0.3587
2023-08-29 10:00:00,3.0291,93.013,0.965
2023-08-29 11:00:00,2.8302,92.448,0.0702
2023-08-29 12:00:00,2.5609,85.089,0.468
2023-08-29 13:00:00,2.8161,91.27,3.3879
2023-08-29 14:00:00,2.7253,88.097,0.012
2023-08-29 15:00:00,2.6114,87.424,0.138
2023-08-29 16:00:00,2.5028,86.293,0.042
2023-08-29 17:00:00,2.3404,82.95,0.1964
2023-08-29 18:00:00,2.5274,85.83,0.7185
2023-08-29 19:00:00,2.4114,83.085,0.8028
2023-08-29 20:00:00,2.515,85.307,1.3538
2023-08-29 21:00:00,2.6682,86.263,0.2254
2023-08-29 22:00:00,2.6665,86.559,0.5979
2023-08-29 23:00:00,2.8286,91.48,2.5832
2023-08-30 00:00:00,2.9373,92.053,0.8659
2023-08-30 01:00:00,3.0414,94.525,1.3188
2023-08-30 02:00:00,3.2008,98.102,3.9348
2023-08-30 03:00:00,3.2628,98.723,1.1129
2023-08-30 04:00:00,3.3449,100.944,0.0529
2023-08-30 05:00:00,3.4941,102.788,0.0426
2023-08-30 06:00:00,3.3659,97.914,0.1714
2023-08-30 07:00:00,3.3306,100.568,0.4479
2023-08-30 08:00:00,3.141,98.599,0.835
2023-08-30 09:00:00,3.2288,98.554,1.4242
2023-08-30 10:00:00,3.1597,98.471,1.39
2023-08-30 11:00:00,3.0127,95.556,1.019
2023-08-30 12:00:00,2.91,93.287,0.9165
2023-08-30 13:00:00,2.78,91.405,0.2945
2023-08-30 14:00:00,2.5456,85.832,0.1017
2023-08-30 15:00:00,2.6601,87.736,0.0443
2023-08-30 16:00:00,2.5405,85.819,1.3898
2023-08-30 17:00:00,2.4799,82.579,0.9236
2023-08-30 18:00:00,2.4034,83.867,0.5532
2023-08-30 19:00:00,2.4143,82.859,0.267
2023-08-30 20:00:00,2.4971,87.091,0.2335
2023-08-30 21:00:00,2.5611,88.655,0.196
2023-08-30 22:00:00,2.5444,88.174,0.0521
2023-08-30 23:00:00,2.7244,88.669,0.537
2023-08-31 00:00:00,2.6898,89.465,1.5206
2023-08-31 01:00:00,2.9918,95.416,1.1174
2023-08-31 02:00:00,3.1534,96.833,1.8411
2023-08-31 03:00:00,3.2577,97.295,0.8998
2023-08-31 04:00:00,3.3224,98.587,0.561
2023-08-31 05:00:00,3.1064,96.209,0.051
2023-08-31 06:00:00,3.4832,103.521,4.3766
2023-08-31 07:00:00,3.2967,98.14,1.6816
2023-08-31 08:00:00,3.4636,102.131,0.2347
2023-08-31 09:00:00,3.1179,97.207,1.0905
2023-08-31 10:00:00,3.1275,98.172,0.2441
2023-08-31 11:00:00,3.1285,94.65,0.582
2023-08-31 12:00:00,2.8628,91.575,1.8311
2023-08-31 13:00:00,2.8455,92.64,0.5167
2023-08-31 14:00:00,2.9445,92.979,2.2514
2023-08-31 15:00:00,2.718,90.464,0.2665
2023-08-31 16:00:00,2.6205,87.77,0.5497
2023-08-31 17:00:00,2.5528,85.723,0.3137
2023-08-31 18:00:00,2.5087,87.525,0.6913
2023-08-31 19:00:00,2.4451,83.948,0.5017
2023-08-31 20:00:00,2.4383,83.509,0.3115
2023-08-31 21:00:00,2.6513,87.984,3.6237
2023-08-31 22:00:00,2.5418,85.725,0.1299
2023-08-31 23:00:00,2.8567,92.576,0.9878
2023-09-01 00:00:00,2.9179,94.993,1.0926
2023-09-01 01:00:00,2.9112,92.087,0.1355
2023-09-01 02:00:00,3.167,97.42,0.5893
2023-09-01 03:00:00,3.309,101.743,0.3708
2023-09-01 04:00:00,3.1197,96.815,1.4043
2023-09-01 05:00:00,3.3496,100.015,2.3964
2023-09-01 06:00:00,3.4056,98.372,2.2084
2023-09-01 07:00:00,3.2196,98.134,0.3666
2023-09-01 08:00:00,3.2542,96.526,1.6463
2023-09-01 09:00:00,3.2622,98.808,0.0628
2023-09-01 10:00:00,3.0928,97.419,0.4406
2023-09-01 11:00:00,2.9861,91.265,1.0931
2023-09-01 12:00:00,2.8479,91.224,0.3362
2023-09-01 13:00:00,2.7495,90.615,1.3656
2023-09-01 14:00:00,2.7882,91.327,0.2211
2023-09-01 15:00:00,2.6096,87.111,0.5523
2023-09-01 16:00:00,2.4595,83.958,0.1113
2023-09-01 17:00:00,2.3393,81.392,0.5402
2023-09-01 18:00:00,2.4235,83.548,0.4146
2023-09-01 19:00:00,2.3025,83.859,0.0815
2023-09-01 20:00:00,2.4641,85.03,1.0883
2023-09-01 21:00:00,2.6003,88.135,0.6795
2023-09-01 22:00:00,2.5378,84.692,0.4631
2023-09-01 23:00:00,2.8548,91.512,1.4296
2023-09-02 00:00:00,2.6466,86.838,0.0541
2023-09-02 01:00:00,2.7358,88.558,1.191
2023-09-02 02:00:00,2.9716,94.88,0.0603
2023-09-02 03:00:00,2.9637,94.774,0.0592
2023-09-02 04:00:00,3.0482,94.24,0.3624
2023-09-02 05:00:00,3.2595,100.211,1.4804
2023-09-02 06:00:00,3.2673,99.137,1.0315
2023-09-02 07:00:00,3.2473,98.452,1.1221
2023-09-02 08:00:00,3.0683,96.529,0.0026
2023-09-02 09:00:00,3.127,96.495,1.1478
2023-09-02 10:00:00,2.9952,95.699,0.4655
2023-09-02 11:00:00,2.7227,89.018,0.0028
2023-09-02 12:00:00,2.7418,88.326,0.2808
2023-09-02 13:00:00,2.8214,91.146,2.805
2023-09-02 14:00:00,2.8171,89.902,0.958
2023-09-02 15:00:00,2.4529,82.964,0.6169
2023-09-02 16:00:00,2.6383,86.402,0.8422
2023-09-02 17:00:00,2.534,84.463,0.7287
2023-09-02 18:00:00,2.4079,84.106,1.4952
2023-09-02 19:00:00,2.5622,85.289,0.6006
2023-09-02 20:00:00,2.529,83.767,1.9591
2023-09-02 21:00:00,2.6445,87.883,0.7452
2023-09-02 22:00:00,2.6956,88.033,0.6265
2023-09-02 23:00:00,2.8128,90.472,1.4815
2023-09-03 00:00:00,2.8797,91.683,0.5474
2023-09-03 01:00:00,3.0587,94.259,3.0923
2023-09-03 02:00:00,3.1763,96.545,1.2829
2023-09-03 03:00:00,3.1523,95.423,0.6305
2023-09-03 04:00:00,3.2349,97.543,0.2072
2023-09-03 05:00:00,3.1359,95.194,0.7381
2023-09-03 06:00:00,3.3375,100.321,0.1912
2023-09-03 07:00:00,3.1069,95.48,0.1854
2023-09-03 08:00:00,3.0252,94.701,0.684
2023-09-03 09:00:00,3.0984,94.797,0.7236
2023-09-03 10:00:00,2.8434,91.224,0.5128
2023-09-03 11:00:00,2.9112,95.07,1.3781
2023-09-03 12:00:00,2.7633,88.819,0.9285
2023-09-03 13:00:00,2.65,89.286,0.9966
2023-09-03 14:00:00,2.5781,85.603,0.7171
2023-09-03 15:00:00,2.4143,83.634,0.0609
2023-09-03 16:00:00,2.3891,83.658,0.4162
2023-09-03 17:00:00,2.3999,83.705,0.5175
2023-09-03 18:00:00,2.3202,80.619,0.4809
2023-09-03 19:00:00,2.4162,85.681,0.1214
2023-09-03 20:00:00,2.2921,79.946,0.9387
2023-09-03 21:00:00,2.263,81.168,0.1523
2023-09-03 22:00:00,2.4991,85.39,0.1671
2023-09-03 23:00:00,2.5409,84.8,0.7154
2023-09-04 00:00:00,2.7316,88.242,1.6383
2023-09-04 01:00:00,2.8646,92.915,2.1701
2023-09-04 02:00:00,2.9365,90.914,1.712
2023-09-04 03:00:00,3.2604,98.278,2.2058
2023-09-04 04:00:00,3.1035,94.813,0.6778
2023-09-04 05:00:00,3.1189,98.527,0.3721
2023-09-04 06:00:00,3.38,100.309,1.1706
2023-09-04 07:00:00,3.2894,100.954,0.6481
2023-09-04 08:00:00,3.1165,94.968,0.3249
2023-09-04 09:00:00,3.0742,94.757,0.6434
2023-09-04 10:00:00,3.0576,95.983,0.45
2023-09-04 11:00:00,3.0211,94.483,2.3285
2023-09-04 12:00:00,2.8188,91.749,1.2374
2023-09-04 13:00:00,2.6546,88.715,1.1642
2023-09-04 14:00:00,2.5733,86.9,0.1723
2023-09-04 15:00:00,2.5564,87.389,0.5979
2023-09-04 16:00:00,2.4579,83.847,0.126
2023-09-04 17:00:00,2.5375,86.942,1.7115
2023-09-04 18:00:00,2.411,84.824,1.0834
2023-09-04 19:00:00,2.5676,86.35,0.1552
2023-09-04 20:00:00,2.3996,81.296,0.322
2023-09-04 21:00:00,2.3738,81.966,0.1846
2023-09-04 22:00:00,2.4294,82.492,0.6337
2023-09-04 23:00:00,2.512,85.723,1.1024
2023-09-05 00:00:00,2.5782,87.654,0.5815
2023-09-05 01:00:00,2.8828,91.854,0.8202
2023-09-05 02:00:00,2.9885,94.296,3.0671
2023-09-05 03:00:00,3.2421,97.873,3.324
2023-09-05 04:00:00,3.2234,100.423,0.1951
2023-09-05 05:00:00,3.2086,98.998,0.9189
2023-09-05 06:00:00,3.3434,100.882,2.0417
2023-09-05 07:00:00,3.2058,99.593,0.5272
2023-09-05 08:00:00,3.2808,100.541,0.4781
2023-09-05 09:00:00,3.0879,95.22,0.5915
2023-09-05 10:00:00,3.0058,95.106,0.5886
2023-09-05 11:00:00,2.9087,92.857,1.073
2023-09-05 12:00:00,2.9084,92.547,4.1354
2023-09-05 13:00:00,2.8274,91.211,1.1144
2023-09-05 14:00:00,2.8345,91.796,1.8049
2023-09-05 15:00:00,2.6948,87.838,1.9487
2023-09-05 16:00:00,2.5065,82.281,0.2981
2023-09-05 17:00:00,2.4675,83.367,0.1212
2023-09-05 18:00:00,2.5016,83.273,0.0692
2023-09-05 19:00:00,2.3769,83.172,0.6955
2023-09-05 20:00:00,2.6697,88.13,6.1677
2023-09-05 21:00:00,2.9632,94.408,0.51
2023-09-05 22:00:00,2.694,88.851,0.6895
2023-09-05 23:00:00,2.8517,91.652,0.8435
2023-09-06 00:00:00,2.7233,87.387,0.1716
2023-09-06 01:00:00,3.0584,94.772,0.9382
2023-09-06 02:00:00,2.8957,94.494,0.1924
2023-09-06 03:00:00,3.0558,93.795,1.479
2023-09-06 04:00:00,3.2389,100.446,1.5266
2023-09-06 05:00:00,3.0871,94.684,0.7374
2023-09-06 06:00:00,3.2134,97.582,0.7152
2023-09-06 07:00:00,3.1579,99.271,0.1119
2023-09-06 08:00:00,3.1077,95.019,0.8062
2023-09-06 09:00:00,3.1479,96.898,0.5546
2023-09-06 10:00:00,2.9246,90.888,2.142
2023-09-06 11:00:00,2.858,91.763,0.9514
2023-09-06 12:00:00,2.7213,88.024,0.1697
2023-09-06 13:00:00,2.6856,88.553,0.1198
2023-09-06 14:00:00,2.5222,86.126,0.7316
2023-09-06 15:00:00,2.5658,87.842,0.8477
2023-09-06 16:00:00,2.2534,79.685,0.387
2023-09-06 17:00:00,2.331,81.033,0.984
2023-09-06 18:00:00,2.3093,82.354,0.6079
2023-09-06 19:00:00,2.2582,81.024,0.3597
2023-09-06 20:00:00,2.4039,80.408,0.1347
2023-09-06 21:00:00,2.596,85.758,3.7076
2023-09-06 22:00:00,2.6039,87.064,0.0208
2023-09-06 23:00:00,2.6336,84.346,0.4811
2023-09-07 00:00:00,2.7603,90.699,0.2234
2023-09-07 01:00:00,2.7972,91.368,0.325
2023-09-07 02:00:00,3.1381,97.223,2.9091
2023-09-07 03:00:00,3.0631,95.573,0.7182
2023-09-07 04:00:00,3.0702,95.783,1.244
2023-09-07 05:00:00,3.3099,98.599,3.7069
2023-09-07 06:00:00,3.4293,102.179,1.0193
2023-09-07 07:00:00,3.2772,100.75,0.5542
2023-09-07 08:00:00,3.265,99.771,0.2216
2023-09-07 09:00:00,3.2953,100.746,0.1279
2023-09-07 10:00:00,3.0302,96.322,0.889
2023-09-07 11:00:00,2.91,91.162,0.4334
2023-09-07 12:00:00,2.8307,90.378,2.3105
2023-09-07 13:00:00,2.8279,91.796,2.0246
2023-09-07 14:00:00,2.7193,90.849,0.5225
2023-09-07 15:00:00,2.5191,83.556,0.756
2023-09-07 16:00:00,2.4512,82.507,1.012
2023-09-07 17:00:00,2.4245,84.375,0.251
2023-09-07 18:00:00,2.1965,79.759,0.3313
2023-09-07 19:00:00,2.4714,83.567,2.1827
2023-09-07 20:00:00,2.4657,82.908,1.0432
2023-09-07 21:00:00,2.5363,84.639,0.1407
2023-09-07 22:00:00,2.64,86.512,1.1092
2023-09-07 23:00:00,2.6834,89.429,1.9389
2023-09-08 00:00:00,2.6741,86.423,0.5588
2023-09-08 01:00:00,2.8745,91.764,0.5587
2023-09-08 02:00:00,2.9651,92.28,0.8701
2023-09-08 03:00:00,3.025,92.198,0.2195
2023-09-08 04:00:00,3.1355,97.983,0.5772
2023-09-08 05:00:00,3.0291,92.821,2.2447
2023-09-08 06:00:00,3.2979,99.049,0.1354
2023-09-08 07:00:00,2.9928,91.576,0.375
2023-09-08 08:00:00,3.1688,98.055,0.9476
2023-09-08 09:00:00,3.0912,96.388,0.9215
2023-09-08 10:00:00,3.027,94.524,1.4329
2023-09-08 11:00:00,2.9291,92.13,0.1156
2023-09-08 12:00:00,2.8441,91.945,2.8191
2023-09-08 13:00:00,2.7041,85.801,0.0482
2023-09-08 14:00:00,2.6129,85.51,2.058
2023-09-08 15:00:00,2.5294,86.423,0.0427
2023-09-08 16:00:00,2.4447,82.626,0.1218
2023-09-08 17:00:00,2.3949,82.966,0.6575
2023-09-08 18:00:00,2.2234,79.269,0.6912
2023-09-08 19:00:00,2.5095,83.91,2.4402
2023-09-08 20:00:00,2.3563,81.665,2.3317
2023-09-08 21:00:00,2.5886,85.021,1.3904
2023-09-08 22:00:00,2.6694,88.996,1.5582
2023-09-08 23:00:00,2.8098,89.329,0.904
2023-09-09 00:00:00,2.8056,90.418,1.0416
2023-09-09 01:00:00,3.0149,94.881,0.8189
2023-09-09 02:00:00,2.997,94.063,1.9743
2023-09-09 03:00:00,3.2158,99.413,1.2112
2023-09-09 04:00:00,3.2353,98.014,1.626
2023-09-09 05:00:00,3.1981,93.429,0.9777
2023-09-09 06:00:00,3.2264,96.557,0.0864
2023-09-09 07:00:00,3.3643,99.748,1.5111
2023-09-09 08:00:00,3.1488,97.043,2.6758
2023-09-09 09:00:00,3.2344,100.555,2.205
2023-09-09 10:00:00,3.0639,93.308,0.1858
2023-09-09 11:00:00,2.91,91.846,1.0215
2023-09-09 12:00:00,2.7124,87.643,0.2316
2023-09-09 13:00:00,2.739,90.851,0.6708
2023-09-09 14:00:00,2.516,84.667,0.9993
2023-09-09 15:00:00,2.5646,83.14,1.2792
2023-09-09 16:00:00,2.3876,84.622,1.0852
2023-09-09 17:00:00,2.5109,84.998,1.2779
2023-09-09 18:00:00,2.4705,85.282,0.111
2023-09-09 19:00:00,2.546,84.364,2.3182
2023-09-09 20:00:00,2.4194,84.731,1.0317
2023-09-09 21:00:00,2.4656,84.122,0.0985
2023-09-09 22:00:00,2.7107,90.894,4.3535
2023-09-09 23:00:00,2.676,89.238,0.2465
2023-09-10 00:00:00,2.8682,92.038,0.627
2023-09-10 01:00:00,2.7899,90.573,0.5606
2023-09-10 02:00:00,2.9205,92.763,0.136
2023-09-10 03:00:00,3.0767,97.024,0.4036
2023-09-10 04:00:00,3.2624,97.892,3.6672
2023-09-10 05:00:00,3.2408,98.752,1.4777
2023-09-10 06:00:00,3.5285,105.136,4.082
2023-09-10 07:00:00,3.3967,101.196,1.264
2023-09-10 08:00:00,3.2953,98.975,0.6758
2023-09-10 09:00:00,3.1098,95.78,1.4091
2023-09-10 10:00:00,3.1871,95.347,1.1198
2023-09-10 11:00:00,2.9351,91.894,0.0948
2023-09-10 12:00:00,2.8855,92.153,0.1669
2023-09-10 13:00:00,2.8521,90.75,2.9703
2023-09-10 14:00:00,2.7531,88.032,1.4394
2023-09-10 15:00:00,2.5489,87.572,0.3904
2023-09-10 16:00:00,2.4121,83.82,0.284
2023-09-10 17:00:00,2.3161,81.979,0.3911
2023-09-10 18:00:00,2.3552,84.161,0.6651
2023-09-10 19:00:00,2.3188,81.196,1.727
2023-09-10 20:00:00,2.5024,85.283,1.0446
2023-09-10 21:00:00,2.5909,86.196,0.6542
2023-09-10 22:00:00,2.7152,87.858,2.6257
2023-09-10 23:00:00,2.9561,93.834,1.7245
2023-09-11 00:00:00,3.0035,94.403,2.6669
2023-09-11 01:00:00,3.0922,97.29,1.9996
2023-09-11 02:00:00,3.2349,98.494,0.9295
2023-09-11 03:00:00,3.243,101.969,2.0947
2023-09-11 04:00:00,3.2182,98.454,1.0856
2023-09-11 05:00:00,3.3356,101.454,2.1071
2023-09-11 06:00:00,3.4109,101.306,1.5952
2023-09-11 07:00:00,3.2348,97.834,0.225
2023-09-11 08:00:00,3.186,96.241,1.3201
2023-09-11 09:00:00,3.2893,98.939,1.4971
2023-09-11 10:00:00,3.1864,96.743,0.0213
2023-09-11 11:00:00,2.884,92.99,1.5207
2023-09-11 12:00:00,2.8603,93.213,1.1624
2023-09-11 13:00:00,2.8283,89.432,1.0249
2023-09-11 14:00:00,2.7097,88.754,1.8833
2023-09-11 15:00:00,2.5718,85.393,1.9884
2023-09-11 16:00:00,2.5484,84.414,1.7638
2023-09-11 17:00:00,2.5258,85.125,0.1574
2023-09-11 18:00:00,2.3311,81.734,0.1304
2023-09-11 19:00:00,2.3964,82.45,0.7331
2023-09-11 20:00:00,2.3309,82.517,1.4224
2023-09-11 21:00:00,2.4407,83.675,0.1895
2023-09-11 22:00:00,2.4307,84.24,0.2089
2023-09-11 23:00:00,2.5107,85.507,0.2635
2023-09-12 00:00:00,2.9714,94.72,5.2709
2023-09-12 01:00:00,3.0064,94.432,0.4182
2023-09-12 02:00:00,3.1447,96.175,2.6639
2023-09-12 03:00:00,3.0797,93.496,0.222
2023-09-12 04:00:00,3.2672,97.811,2.4818
2023-09-12 05:00:00,3.1415,97.151,1.1268
2023-09-12 06:00:00,3.2317,97.845,0.5275
2023-09-12 07:00:00,3.3459,99.545,2.0739
2023-09-12 08:00:00,3.1136,95.75,0.4335
2023-09-12 09:00:00,3.0262,95.533,0.5644
2023-09-12 10:00:00,2.9715,94.692,0.2085
2023-09-12 11:00:00,2.8982,94.326,2.0245
2023-09-12 12:00:00,2.8903,93.009,3.8446
2023-09-12 13:00:00,2.9027,88.896,0.6263
2023-09-12 14:00:00,2.686,87.848,2.909
2023-09-12 15:00:00,2.6897,88.152,0.3469
2023-09-12 16:00:00,2.5831,88.601,0.383
2023-09-12 17:00:00,2.419,81.168,0.8372
2023-09-12 18:00:00,2.452,82.139,0.5391
2023-09-12 19:00:00,2.3501,81.547,0.0382
2023-09-12 20:00:00,2.6381,86.825,7.2259
2023-09-12 21:00:00,2.7469,90.765,1.2131
2023-09-12 22:00:00,2.6396,86.361,1.8704
2023-09-12 23:00:00,2.9479,93.162,1.202
2023-09-13 00:00:00,3.0346,95.748,2.5504
2023-09-13 01:00:00,3.0606,94.326,0.09
2023-09-13 02:00:00,3.1398,98.134,0.2075
2023-09-13 03:00:00,3.1311,94.843,1.4284
2023-09-13 04:00:00,3.259,98.465,2.3222
2023-09-13 05:00:00,3.2487,99.788,1.6157
2023-09-13 06:00:00,3.2894,99.732,0.4763
2023-09-13 07:00:00,3.4711,102.28,3.5095
2023-09-13 08:00:00,3.5231,104.234,4.7469
2023-09-13 09:00:00,3.1977,97.709,0.9675
2023-09-13 10:00:00,3.0576,96.269,1.4825
2023-09-13 11:00:00,3.0691,94.157,0.5962
2023-09-13 12:00:00,2.9111,93.162,0.2465
2023-09-13 13:00:00,2.8912,91.957,3.0297
2023-09-13 14:00:00,2.7662,90.161,0.5444
2023-09-13 15:00:00,2.5401,86.77,0.2715
2023-09-13 16:00:00,2.4537,86.773,1.1701
2023-09-13 17:00:00,2.5031,84.839,1.4112
2023-09-13 18:00:00,2.4993,85.036,0.7065
2023-09-13 19:00:00,2.5595,86.804,3.5683
2023-09-13 20:00:00,2.5237,86.49,1.3422
2023-09-13 21:00:00,2.5644,86.871,2.6295
2023-09-13 22:00:00,2.7124,88.496,0.7663
2023-09-13 23:00:00,2.7507,89.903,1.2254
2023-09-14 00:00:00,2.8204,89.422,1.8173
2023-09-14 01:00:00,3.1151,96.032,1.0674
2023-09-14 02:00:00,3.0549,93.63,2.2203
2023-09-14 03:00:00,3.0214,96.606,1.255
2023-09-14 04:00:00,3.3062,101.719,2.028
2023-09-14 05:00:00,3.228,96.378,0.6647
2023-09-14 06:00:00,3.2739,99.219,1.106
2023-09-14 07:00:00,3.357,100.151,1.7307
2023-09-14 08:00:00,3.0984,97.524,0.9204
2023-09-14 09:00:00,3.0278,94.103,1.1545
2023-09-14 10:00:00,2.9634,92.576,1.5152
2023-09-14 11:00:00,2.9824,93.886,0.7361
2023-09-14 12:00:00,2.7654,86.602,1.2955
2023-09-14 13:00:00,2.684,90.708,2.0042
2023-09-14 14:00:00,2.6386,87.985,0.0413
2023-09-14 15:00:00,2.3713,81.88,1.3252
2023-09-14 16:00:00,2.3803,81.751,0.1514
2023-09-14 17:00:00,2.2512,80.065,0.0586
2023-09-14 18:00:00,2.326,81.432,1.5398
2023-09-14 19:00:00,2.3577,81.91,2.7874
2023-09-14 20:00:00,2.5522,87.572,0.5974
2023-09-14 21:00:00,2.5164,86.679,0.5012
2023-09-14 22:00:00,2.4212,84.068,0.6707
2023-09-14 23:00:00,2.5638,86.678,0.5678
2023-09-15 00:00:00,2.9743,94.517,7.2454
2023-09-15 01:00:00,3.1305,95.324,1.4332
2023-09-15 02:00:00,3.0926,97.546,2.4478
2023-09-15 03:00:00,3.2007,99.343,0.1994
2023-09-15 04:00:00,3.1611,97.606,1.1144
2023-09-15 05:00:00,3.2001,98.114,0.7008
2023-09-15 06:00:00,3.2227,98.116,0.8152
2023-09-15 07:00:00,3.1389,96.733,0.0527
2023-09-15 08:00:00,3.0748,94.313,0.0174
2023-09-15 09:00:00,2.7929,90.16,0.6282
2023-09-15 10:00:00,2.9925,95.214,3.7181
2023-09-15 11:00:00,2.7215,90.736,0.196
2023-09-15 12:00:00,2.7493,90.914,2.5229
2023-09-15 13:00:00,2.6944,88.15,0.1342
2023-09-15 14:00:00,2.5241,87.307,1.5865
2023-09-15 15:00:00,2.3305,81.197,0.3862
2023-09-15 16:00:00,2.2833,79.685,0.0074
2023-09-15 17:00:00,2.2453,81.598,1.6092
2023-09-15 18:00:00,2.2807,80.422,0.4056
2023-09-15 19:00:00,2.4752,83.948,1.4816
2023-09-15 20:00:00,2.2972,83.068,2.3485
2023-09-15 21:00:00,2.4034,82.956,0.5271
2023-09-15 22:00:00,2.3862,83.568,0.5015
2023-09-15 23:00:00,2.5695,89.287,0.4824
2023-09-16 00:00:00,2.6379,86.188,0.602
2023-09-16 01:00:00,2.72,88.091,1.1499
2023-09-16 02:00:00,2.9812,94.554,0.4468
2023-09-16 03:00:00,2.9552,92.203,0.2885
2023-09-16 04:00:00,2.8207,89.322,0.3429
2023-09-16 05:00:00,2.9467,92.013,0.7486
2023-09-16 06:00:00,2.7555,90.137,0.1737
2023-09-16 07:00:00,3.0748,96.119,0.9054
2023-09-16 08:00:00,2.9142,91.057,0.4809
2023-09-16 09:00:00,2.8962,91.767,0.644
2023-09-16 10:00:00,2.858,93.516,2.1415
2023-09-16 11:00:00,2.9026,91.473,1.6369
2023-09-16 12:00:00,2.908,94.737,5.3309
2023-09-16 13:00:00,2.7747,89.676,1.059
2023-09-16 14:00:00,2.6331,88.484,1.531
2023-09-16 15:00:00,2.6831,89.471,1.0513
2023-09-16 16:00:00,2.3746,83.122,0.6282
2023-09-16 17:00:00,2.338,80.718,1.1998
2023-09-16 18:00:00,2.4829,84.377,2.9022
2023-09-16 19:00:00,2.3621,80.882,0.5521
2023-09-16 20:00:00,2.4033,84.216,0.1993
2023-09-16 21:00:00,2.5113,86.067,1.1894
2023-09-16 22:00:00,2.4026,85.404,1.6099
2023-09-16 23:00:00,2.5824,84.613,0.2028
2023-09-17 00:00:00,2.7024,89.448,2.5533
2023-09-17 01:00:00,2.9041,89.421,0.4648
2023-09-17 02:00:00,2.786,89.816,1.0615
2023-09-17 03:00:00,3.1145,96.86,3.9513
2023-09-17 04:00:00,3.4816,103.156,5.4081
2023-09-17 05:00:00,3.5188,103.225,1.8464
2023-09-17 06:00:00,3.6733,107.983,9.559
2023-09-17 07:00:00,3.6342,106.549,1.2243
2023-09-17 08:00:00,3.495,101.491,0.4206
2023-09-17 09:00:00,3.5311,104.616,3.3196
2023-09-17 10:00:00,3.4149,101.695,3.2559
2023-09-17 11:00:00,3.1958,95.278,0.8944
2023-09-17 12:00:00,3.133,97.087,0.8933
2023-09-17 13:00:00,2.8965,92.095,1.6806
2023-09-17 14:00:00,2.7717,88.032,0.2576
2023-09-17 15:00:00,2.6613,88.968,0.8661
2023-09-17 16:00:00,2.4612,86.934,0.3667
2023-09-17 17:00:00,2.3701,84.378,1.5191
2023-09-17 18:00:00,2.659,87.663,2.6508
2023-09-17 19:00:00,2.5978,87.741,2.7592
2023-09-17 20:00:00,2.545,85.706,0.8253
2023-09-17 21:00:00,2.624,88.031,0.5982
2023-09-17 22:00:00,2.5981,87.48,0.1622
2023-09-17 23:00:00,2.8204,91.565,2.3272
2023-09-18 00:00:00,2.7445,87.564,0.2268
2023-09-18 01:00:00,2.9281,92.898,4.6377
2023-09-18 02:00:00,3.0412,94.538,1.9513
2023-09-18 03:00:00,3.0831,94.857,0.2819
2023-09-18 04:00:00,3.1657,95.812,0.4932
2023-09-18 05:00:00,3.1112,95.291,0.2635
2023-09-18 06:00:00,2.9703,92.033,0.176
2023-09-18 07:00:00,3.0508,94.478,0.6383
2023-09-18 08:00:00,2.9216,92.149,0.5685
2023-09-18 09:00:00,2.922,94.916,0.9118
2023-09-18 10:00:00,2.7704,88.815,0.8
2023-09-18 11:00:00,2.7747,89.265,4.1247
2023-09-18 12:00:00,2.7764,89.154,0.1765
2023-09-18 13:00:00,2.6148,89.926,0.5508
2023-09-18 14:00:00,2.6504,88.734,2.9758
2023-09-18 15:00:00,2.3881,85.024,0.4812
2023-09-18 16:00:00,2.2168,80.805,0.4585
2023-09-18 17:00:00,2.2992,82.546,0.4223
2023-09-18 18:00:00,2.1791,77.177,0.3963
2023-09-18 19:00:00,2.0958,74.039,0.0329
2023-09-18 20:00:00,2.3338,82.473,0.7038
2023-09-18 21:00:00,2.167,77.404,1.5629
2023-09-18 22:00:00,2.6351,86.865,4.8864
2023-09-18 23:00:00,2.576,86.656,0.4384
2023-09-19 00:00:00,2.6101,88.912,0.9323
2023-09-19 01:00:00,2.8388,90.396,0.6804
2023-09-19 02:00:00,2.9236,93.46,1.7245
2023-09-19 03:00:00,3.0829,96.789,2.5047
2023-09-19 04:00:00,3.0106,94.585,0.7925
2023-09-19 05:00:00,2.9978,94.609,0.1049
2023-09-19 06:00:00,3.0411,93.678,0.1256
2023-09-19 07:00:00,2.981,94.708,0.6354
2023-09-19 08:00:00,3.0925,94.44,1.3276
2023-09-19 09:00:00,2.879,92.402,0.2795
2023-09-19 10:00:00,2.8836,91.191,1.7071
2023-09-19 11:00:00,2.7309,89.336,1.1794
2023-09-19 12:00:00,2.753,87.195,0.6343
2023-09-19 13:00:00,2.6536,88.005,1.6506
2023-09-19 14:00:00,2.3853,82.828,0.0636
2023-09-19 15:00:00,2.2404,78.598,2.3762
2023-09-19 16:00:00,2.3019,80.067,1.128
2023-09-19 17:00:00,2.3583,83.6,0.6626
2023-09-19 18:00:00,2.3257,82.953,2.2448
2023-09-19 19:00:00,2.3178,82.047,2.0124
2023-09-19 20:00:00,2.4075,83.048,0.0979
2023-09-19 21:00:00,2.2343,77.76,0.0188
2023-09-19 22:00:00,2.379,82.11,0.2749
2023-09-19 23:00:00,2.6143,86.934,2.9914
2023-09-20 00:00:00,2.7114,88.76,1.1708
2023-09-20 01:00:00,2.813,91.603,0.3901
2023-09-20 02:00:00,2.8038,90.825,0.2488
2023-09-20 03:00:00,2.8695,90.369,0.7305
2023-09-20 04:00:00,2.9914,93.097,2.4803
2023-09-20 05:00:00,3.1545,93.336,0.7159
2023-09-20 06:00:00,2.8309,91.375,0.9471
2023-09-20 07:00:00,2.9544,93.793,0.2346
2023-09-20 08:00:00,3.0198,92.734,1.7691
2023-09-20 09:00:00,3.0154,94.716,1.0049
2023-09-20 10:00:00,2.8283,93.289,1.0469
2023-09-20 11:00:00,2.7266,89.677,1.6025
2023-09-20 12:00:00,2.6605,87.587,0.3543
2023-09-20 13:00:00,2.5219,87.483,0.5166
2023-09-20 14:00:00,2.4347,84.901,2.1565
2023-09-20 15:00:00,2.3252,80.649,1.9226
2023-09-20 16:00:00,2.134,77.834,0.6316
2023-09-20 17:00:00,2.4375,83.771,0.5683
2023-09-20 18:00:00,2.2351,80.058,1.2217
2023-09-20 19:00:00,2.2773,80.639,0.2672
2023-09-20 20:00:00,2.4408,83.203,4.206
2023-09-20 21:00:00,2.4842,85.652,0.3642
2023-09-20 22:00:00,2.4056,82.999,1.187
2023-09-20 23:00:00,2.6163,87.117,1.1223
2023-09-21 00:00:00,2.7394,90.52,1.7157
2023-09-21 01:00:00,2.6923,89.077,0.3713
2023-09-21 02:00:00,2.9257,90.532,3.2504
2023-09-21 03:00:00,3.1199,96.322,0.3615
2023-09-21 04:00:00,2.9031,91.91,0.622
2023-09-21 05:00:00,2.856,89.968,0.188
2023-09-21 06:00:00,3.3623,104.038,5.5714
2023-09-21 07:00:00,3.1747,97.217,1.4775
2023-09-21 08:00:00,3.1105,93.885,1.3174
2023-09-21 09:00:00,3.1913,96.79,3.6482
2023-09-21 10:00:00,3.0853,96.786,0.1563
2023-09-21 11:00:00,2.925,93.477,1.3029
2023-09-21 12:00:00,2.7611,88.951,0.4178
2023-09-21 13:00:00,2.5028,83.884,1.0896
2023-09-21 14:00:00,2.4388,83.4,1.0734
2023-09-21 15:00:00,2.605,87.222,3.3597
2023-09-21 16:00:00,2.3694,82.835,0.2643
2023-09-21 17:00:00,2.3225,83.272,1.6131
2023-09-21 18:00:00,2.4085,83.624,1.3153
2023-09-21 19:00:00,2.3811,81.357,1.9623
2023-09-21 20:00:00,2.389,84.283,0.6561
2023-09-21 21:00:00,2.5319,85.557,2.1697
2023-09-21 22:00:00,2.5334,85.265,0.9426
2023-09-21 23:00:00,2.6848,87.408,3.0449
2023-09-22 00:00:00,3.0182,93.075,0.8802
2023-09-22 01:00:00,2.8679,91.511,1.9786
2023-09-22 02:00:00,3.0518,97.486,3.3903
2023-09-22 03:00:00,3.2955,97.525,0.8643
2023-09-22 04:00:00,3.2476,99.108,2.5377
2023-09-22 05:00:00,3.0533,93.759,0.4309
2023-09-22 06:00:00,3.4468,101.917,3.0423
2023-09-22 07:00:00,3.0959,93.921,0.8875
2023-09-22 08:00:00,3.2096,98.396,1.3354
2023-09-22 09:00:00,3.0744,95.739,0.4948
2023-09-22 10:00:00,2.9203,91.662,0.4036
2023-09-22 11:00:00,2.6599,87.174,0.2692
2023-09-22 12:00:00,2.567,84.481,0.6052
2023-09-22 13:00:00,2.6558,90.058,1.7572
2023-09-22 14:00:00,2.3363,79.299,0.0479
2023-09-22 15:00:00,2.4517,84.665,1.3716
2023-09-22 16:00:00,2.2835,79.578,0.5151
2023-09-22 17:00:00,2.1789,78.172,0.5542
2023-09-22 18:00:00,2.2659,80.859,0.9011
2023-09-22 19:00:00,2.1201,76.901,0.814
2023-09-22 20:00:00,2.2096,78.95,0.0914
2023-09-22 21:00:00,2.2959,79.542,1.7839
2023-09-22 22:00:00,2.4093,83.103,0.7664
2023-09-22 23:00:00,2.522,86.826,2.4753
2023-09-23 00:00:00,2.5023,83.095,1.3433
2023-09-23 01:00:00,2.7267,88.912,0.129
2023-09-23 02:00:00,2.7328,88.793,0.542
2023-09-23 03:00:00,2.7976,89.127,1.0909
2023-09-23 04:00:00,2.9427,94.45,1.806
2023-09-23 05:00:00,3.1108,95.608,3.3463
2023-09-23 06:00:00,3.3564,97.554,3.798
2023-09-23 07:00:00,3.2698,100.126,0.1514
2023-09-23 08:00:00,3.0098,94.479,0.3573
2023-09-23 09:00:00,3.0249,96.612,1.5551
2023-09-23 10:00:00,2.7696,88.048,0.5958
2023-09-23 11:00:00,2.8891,92.088,0.0763
2023-09-23 12:00:00,2.62,87.78,1.0813
2023-09-23 13:00:00,2.6753,86.54,3.0096
2023-09-23 14:00:00,2.5503,85.879,0.4709
2023-09-23 15:00:00,2.3085,79.77,0.9132
2023-09-23 16:00:00,2.2943,81.662,2.0757
2023-09-23 17:00:00,2.2656,79.828,1.4237
2023-09-23 18:00:00,2.2866,82.747,2.4543
2023-09-23 19:00:00,2.1982,80.084,0.8115
2023-09-23 20:00:00,2.2166,78.901,0.6665
2023-09-23 21:00:00,2.2802,82.429,0.642
2023-09-23 22:00:00,2.4312,83.098,0.8551
2023-09-23 23:00:00,2.5376,85.627,1.8584
2023-09-24 00:00:00,2.6764,88.101,0.4897
2023-09-24 01:00:00,2.7333,89.756,1.7549
2023-09-24 02:00:00,3.046,94.92,2.1952
2023-09-24 03:00:00,3.0279,95.707,1.6167
2023-09-24 04:00:00,3.0656,95.657,0.1403
2023-09-24 05:00:00,2.9987,95.208,0.4243
2023-09-24 06:00:00,3.0886,95.698,2.2916
2023-09-24 07:00:00,3.0334,93.648,0.7648
2023-09-24 08:00:00,2.9114,91.972,0.8096
2023-09-24 09:00:00,2.8835,91.312,1.127
2023-09-24 10:00:00,2.7206,91.002,0.0285
2023-09-24 11:00:00,2.7136,88.894,0.2539
2023-09-24 12:00:00,2.6526,88.055,4.4438
2023-09-24 13:00:00,2.5803,86.787,1.6514
2023-09-24 14:00:00,2.3323,83.113,0.3496
2023-09-24 15:00:00,2.5291,87.105,1.8703
2023-09-24 16:00:00,2.4615,84.635,0.255
2023-09-24 17:00:00,2.366,81.094,2.9419
2023-09-24 18:00:00,2.3406,82.157,3.5862
2023-09-24 19:00:00,2.3549,83.965,0.2539
2023-09-24 20:00:00,2.5861,87.989,4.8659
2023-09-24 21:00:00,2.6318,89.124,0.8028
2023-09-24 22:00:00,2.5175,84.712,0.2912
2023-09-24 23:00:00,2.6099,86.098,0.9364
2023-09-25 00:00:00,2.7462,87.816,0.6159
2023-09-25 01:00:00,2.8297,93.734,1.5734
2023-09-25 02:00:00,2.9608,93.034,1.691
2023-09-25 03:00:00,2.9103,92.184,0.2269
2023-09-25 04:00:00,3.1485,96.056,1.0591
2023-09-25 05:00:00,2.9877,92.209,0.0435
2023-09-25 06:00:00,3.3815,101.855,7.679
2023-09-25 07:00:00,3.095,95.958,0.0451
2023-09-25 08:00:00,3.3266,100.311,6.523
2023-09-25 09:00:00,3.194,98.654,1.4835
2023-09-25 10:00:00,3.1653,96.131,1.1024
2023-09-25 11:00:00,3.0231,95.653,0.1531
2023-09-25 12:00:00,2.8619,91.444,3.4226
2023-09-25 13:00:00,2.8139,90.284,2.3115
2023-09-25 14:00:00,2.7265,87.412,2.2103
2023-09-25 15:00:00,2.7461,87.881,0.9706
2023-09-25 16:00:00,2.5955,86.48,4.0333
2023-09-25 17:00:00,2.4457,84.334,0.0718
2023-09-25 18:00:00,2.2484,81.322,0.5602
2023-09-25 19:00:00,2.3335,84.197,1.8095
2023-09-25 20:00:00,2.4434,83.389,1.4106
2023-09-25 21:00:00,2.4718,85.605,1.0874
2023-09-25 22:00:00,2.3752,82.632,0.3377
2023-09-25 23:00:00,2.4708,84.944,0.0155
2023-09-26 00:00:00,2.7958,91.835,3.3025
2023-09-26 01:00:00,2.821,90.247,1.7341
2023-09-26 02:00:00,2.8188,89.431,0.1978
2023-09-26 03:00:00,2.8124,91.141,1.2887
2023-09-26 04:00:00,3.0599,95.705,0.3671
2023-09-26 05:00:00,3.0998,94.965,4.1838
2023-09-26 06:00:00,3.1492,97.228,1.8854
2023-09-26 07:00:00,3.1535,95.356,0.4654
2023-09-26 08:00:00,2.9829,91.227,0.037
2023-09-26 09:00:00,2.9839,93.528,2.2432
2023-09-26 10:00:00,2.8375,90.961,0.1547
2023-09-26 11:00:00,2.6587,87.832,1.4156
2023-09-26 12:00:00,2.6626,88.493,0.8241
2023-09-26 13:00:00,2.3262,83.899,0.3435
2023-09-26 14:00:00,2.6464,87.377,5.0513
2023-09-26 15:00:00,2.5031,84.419,0.8781
2023-09-26 16:00:00,2.4561,85.057,1.5319
2023-09-26 17:00:00,2.4109,83.429,1.367
2023-09-26 18:00:00,2.1859,80.12,1.1261
2023-09-26 19:00:00,2.2342,81.151,1.2674
2023-09-26 20:00:00,2.1775,79.127,0.7743
2023-09-26 21:00:00,2.3742,81.228,0.6101
2023-09-26 22:00:00,2.3829,84.771,1.6397
2023-09-26 23:00:00,2.46,82.989,1.1823
2023-09-27 00:00:00,2.8413,91.595,6.5599
2023-09-27 01:00:00,3.1229,97.128,2.7154
2023-09-27 02:00:00,2.9807,92.43,0.4539
2023-09-27 03:00:00,3.0913,94.34,0.4545
2023-09-27 04:00:00,3.0109,93.699,1.2165
2023-09-27 05:00:00,3.3143,97.697,4.2139
2023-09-27 06:00:00,3.177,96.853,0.8539
2023-09-27 07:00:00,3.1761,95.72,1.905
2023-09-27 08:00:00,3.1781,95.599,0.7026
2023-09-27 09:00:00,3.0302,94.08,0.3918
2023-09-27 10:00:00,3.0256,93.153,3.8188
2023-09-27 11:00:00,2.9244,91.183,1.7081
2023-09-27 12:00:00,2.7017,87.576,0.498
2023-09-27 13:00:00,2.6104,85.884,1.7123
2023-09-27 14:00:00,2.5704,87.334,1.6245
2023-09-27 15:00:00,2.6865,88.75,2.8936
2023-09-27 16:00:00,2.3899,83.87,0.9473
2023-09-27 17:00:00,2.3626,83.106,1.058
2023-09-27 18:00:00,2.2538,78.98,0.5535
2023-09-27 19:00:00,2.1967,77.105,0.6673
2023-09-27 20:00:00,2.346,84.35,1.7618
2023-09-27 21:00:00,2.3582,81.079,0.4406
2023-09-27 22:00:00,2.5127,88.519,0.4785
2023-09-27 23:00:00,2.4012,81.561,1.5853
2023-09-28 00:00:00,2.6307,88.782,0.311
2023-09-28 01:00:00,2.5231,86.3,0.2314
2023-09-28 02:00:00,2.5755,85.688,1.4398
2023-09-28 03:00:00,3.0008,93.899,5.2287
2023-09-28 04:00:00,2.9167,90.88,0.1833
2023-09-28 05:00:00,3.0272,95.18,0.2602
2023-09-28 06:00:00,3.0925,95.654,4.4613
2023-09-28 07:00:00,3.0524,95.285,0.3083
2023-09-28 08:00:00,2.9159,94.223,1.7634
2023-09-28 09:00:00,3.0491,94.069,1.286
2023-09-28 10:00:00,3.0156,93.842,1.8586
2023-09-28 11:00:00,2.9511,93.212,2.8112
2023-09-28 12:00:00,2.9156,92.126,4.8988
2023-09-28 13:00:00,2.9127,94.662,1.7669
2023-09-28 14:00:00,2.6006,84.981,2.0857
2023-09-28 15:00:00,2.6038,86.579,3.333
2023-09-28 16:00:00,2.8845,92.867,4.8366
2023-09-28 17:00:00,2.6893,86.407,1.643
2023-09-28 18:00:00,2.4548,85.875,1.1562
2023-09-28 19:00:00,2.5924,87.215,2.361
2023-09-28 20:00:00,2.5945,87.261,0.0496
2023-09-28 21:00:00,2.4642,83.271,0.2835
2023-09-28 22:00:00,2.4957,86.171,1.3034
2023-09-28 23:00:00,2.5989,87.292,0.0742
2023-09-29 00:00:00,2.6273,87.622,1.467
2023-09-29 01:00:00,2.7084,86.532,0.9163
2023-09-29 02:00:00,2.8584,91.523,1.4113
2023-09-29 03:00:00,3.0068,93.325,1.6719
2023-09-29 04:00:00,3.1014,96.366,2.4504
2023-09-29 05:00:00,3.1459,94.372,1.8519
2023-09-29 06:00:00,3.0567,94.722,1.5842
2023-09-29 07:00:00,2.9524,93.137,0.0849
2023-09-29 08:00:00,3.2469,98.403,5.7385
2023-09-29 09:00:00,3.1436,97.494,0.0251
2023-09-29 10:00:00,2.9204,91.361,2.057
2023-09-29 11:00:00,2.9285,92.473,2.7671
2023-09-29 12:00:00,2.6394,86.984,1.4153
2023-09-29 13:00:00,2.8334,90.571,2.8969
2023-09-29 14:00:00,2.8665,94.563,4.9838
2023-09-29 15:00:00,2.6914,89.936,2.4928
2023-09-29 16:00:00,2.5886,87.712,1.5533
2023-09-29 17:00:00,2.6503,89.485,1.1853
2023-09-29 18:00:00,2.4538,84.819,0.1733
2023-09-29 19:00:00,2.6102,85.953,5.0669
2023-09-29 20:00:00,2.5754,85.36,0.518
2023-09-29 21:00:00,2.6282,86.868,2.2108
2023-09-29 22:00:00,2.7931,92.812,4.636
2023-09-29 23:00:00,2.7378,89.963,0.5492
2023-09-30 00:00:00,2.8697,90.468,0.1109
2023-09-30 01:00:00,2.9058,94.438,0.9194
2023-09-30 02:00:00,3.1806,95.88,5.3363
2023-09-30 03:00:00,3.2306,97.517,0.8606
2023-09-30 04:00:00,3.4495,100.705,3.9481
2023-09-30 05:00:00,3.2414,98.446,0.3745
2023-09-30 06:00:00,3.4101,101.573,1.8196
2023-09-30 07:00:00,3.3142,99.987,1.2506
2023-09-30 08:00:00,3.2015,96.134,1.0743
2023-09-30 09:00:00,2.8558,91.988,0.5049
2023-09-30 10:00:00,2.9168,91.532,2.924
2023-09-30 11:00:00,3.0858,95.78,5.2184
2023-09-30 12:00:00,2.9456,94.548,1.7123
2023-09-30 13:00:00,2.6215,87.585,0.1084
2023-09-30 14:00:00,2.8981,93.502,8.0985
2023-09-30 15:00:00,2.772,89.026,2.3534
2023-09-30 16:00:00,2.7057,89.417,0.8681
2023-09-30 17:00:00,2.65,88.651,0.6232
2023-09-30 18:00:00,2.5834,88.979,1.276
2023-09-30 19:00:00,2.5152,86.592,1.1187
2023-09-30 20:00:00,2.4941,86.278,0.768
2023-09-30 21:00:00,2.5432,85.537,3.4357
2023-09-30 22:00:00,2.5909,86.241,1.0967
2023-09-30 23:00:00,2.8652,93.823,2.8493
2023-10-01 00:00:00,2.9236,90.814,4.1475
2023-10-01 01:00:00,2.8771,93.692,0.2707
2023-10-01 02:00:00,2.8677,92.29,2.4269
2023-10-01 03:00:00,3.049,95.461,1.0863
2023-10-01 04:00:00,3.0449,91.699,0.2162
2023-10-01 05:00:00,3.2606,98.725,7.4546
2023-10-01 06:00:00,3.672,106.803,8.5149
2023-10-01 07:00:00,3.415,99.962,0.1851
2023-10-01 08:00:00,3.8586,107.991,11.906
2023-10-01 09:00:00,3.7282,104.994,1.6762
2023-10-01 10:00:00,3.4787,104.268,0.8552
2023-10-01 11:00:00,3.3032,99.883,0.9571
2023-10-01 12:00:00,2.9696,94.764,1.1135
2023-10-01 13:00:00,2.9107,94.087,2.0347
2023-10-01 14:00:00,2.8146,90.748,0.2928
2023-10-01 15:00:00,2.7458,89.329,1.0767
2023-10-01 16:00:00,2.3873,83.01,0.5502
2023-10-01 17:00:00,2.2857,84.239,2.6686
2023-10-01 18:00:00,2.5136,82.534,1.5988
2023-10-01 19:00:00,2.2843,82.302,0.75
2023-10-01 20:00:00,2.3177,82.854,1.0546
2023-10-01 21:00:00,2.4516,83.104,1.3385
2023-10-01 22:00:00,2.5774,86.2,3.8061
2023-10-01 23:00:00,2.9148,92.758,5.5837
2023-10-02 00:00:00,3.0522,95.646,2.7279
2023-10-02 01:00:00,3.0637,94.365,1.197
2023-10-02 02:00:00,2.9825,93.762,1.2701
2023-10-02 03:00:00,3.1136,96.552,1.4692
2023-10-02 04:00:00,3.4031,100.172,5.1823
2023-10-02 05:00:00,3.2446,98.195,0.5831
2023-10-02 06:00:00,3.3351,98.44,4.0321
2023-10-02 07:00:00,3.4914,102.96,2.4805
2023-10-02 08:00:00,3.2918,99.994,1.6012
2023-10-02 09:00:00,3.3002,100.429,1.507
2023-10-02 10:00:00,2.9333,91.114,0.1382
2023-10-02 11:00:00,2.9177,92.283,1.0412
2023-10-02 12:00:00,2.7338,88.833,1.9379
2023-10-02 13:00:00,2.7326,88.706,0.8586
2023-10-02 14:00:00,2.5732,87.165,1.9768
2023-10-02 15:00:00,2.548,86.886,2.2242
2023-10-02 16:00:00,2.5355,84.14,4.5637
2023-10-02 17:00:00,2.3669,81.68,0.3502
2023-10-02 18:00:00,2.2847,82.907,1.1418
2023-10-02 19:00:00,2.6966,89.051,7.6386
2023-10-02 20:00:00,2.5175,86.608,0.3355
2023-10-02 21:00:00,2.672,88.917,2.0134
2023-10-02 22:00:00,2.681,88.707,0.193
2023-10-02 23:00:00,3.1246,95.97,8.4945
2023-10-03 00:00:00,3.01,91.406,1.0404
2023-10-03 01:00:00,3.1244,94.595,1.2045
2023-10-03 02:00:00,3.2221,96.824,4.0927
2023-10-03 03:00:00,3.3137,99.63,1.4801
2023-10-03 04:00:00,3.3279,100.806,0.2642
2023-10-03 05:00:00,3.5992,105.205,7.3209
2023-10-03 06:00:00,3.543,101.979,0.808
2023-10-03 07:00:00,3.2316,98.469,0.2002
2023-10-03 08:00:00,3.1467,95.821,0.8696
2023-10-03 09:00:00,3.1462,94.894,0.6658
2023-10-03 10:00:00,2.868,91.149,0.0677
2023-10-03 11:00:00,2.9243,92.602,2.2349
2023-10-03 12:00:00,2.9439,90.721,3.6008
2023-10-03 13:00:00,2.7639,89.744,3.932
2023-10-03 14:00:00,2.9157,93.552,1.9126
2023-10-03 15:00:00,2.6888,88.036,2.6501
2023-10-03 16:00:00,2.8682,93.273,6.0782
2023-10-03 17:00:00,2.6609,89.249,0.8134
2023-10-03 18:00:00,2.4645,84.737,0.8362
2023-10-03 19:00:00,2.5639,85.004,0.9222
2023-10-03 20:00:00,2.5703,86.133,0.8528
2023-10-03 21:00:00,2.4394,82.913,1.591
2023-10-03 22:00:00,2.5881,87.101,0.1688
2023-10-03 23:00:00,2.6239,87.811,0.3438
2023-10-04 00:00:00,2.5155,85.555,0.0331
2023-10-04 01:00:00,2.695,89.451,3.1959
2023-10-04 02:00:00,2.7761,88.435,0.5509
2023-10-04 03:00:00,2.8759,92.893,0.6977
2023-10-04 04:00:00,2.9671,95.538,3.6514
2023-10-04 05:00:00,3.1793,97.45,1.4834
2023-10-04 06:00:00,3.0056,92.716,0.179
2023-10-04 07:00:00,3.0036,95.281,2.1329
2023-10-04 08:00:00,2.8102,90.464,0.0079
2023-10-04 09:00:00,3.0272,94.655,4.4437
2023-10-04 10:00:00,2.8095,88.37,0.3086
2023-10-04 11:00:00,2.6645,87.068,1.0275
2023-10-04 12:00:00,2.6859,87.532,2.8126
2023-10-04 13:00:00,2.5138,85.8,1.1709
2023-10-04 14:00:00,2.2931,83.393,0.9813
2023-10-04 15:00:00,2.3499,81.715,1.0856
2023-10-04 16:00:00,2.1469,78.721,0.8697
2023-10-04 17:00:00,2.2195,80.789,3.462
2023-10-04 18:00:00,2.3281,83.299,1.3422
2023-10-04 19:00:00,2.3519,83.487,1.0833
2023-10-04 20:00:00,2.2178,81.852,0.9098
2023-10-04 21:00:00,2.1997,79.513,0.2014
2023-10-04 22:00:00,2.414,83.066,1.424
2023-10-04 23:00:00,2.5364,86.937,3.1141
2023-10-05 00:00:00,2.7539,89.441,0.5304
2023-10-05 01:00:00,2.7474,89.42,2.6252
2023-10-05 02:00:00,2.8418,90.854,1.4233
2023-10-05 03:00:00,3.0248,93.283,4.6215
2023-10-05 04:00:00,3.0971,94.134,0.4017
2023-10-05 05:00:00,3.0473,94.194,2.149
2023-10-05 06:00:00,3.3311,101.976,5.1686
2023-10-05 07:00:00,3.374,99.821,1.4739
2023-10-05 08:00:00,3.12,95.804,0.2261
2023-10-05 09:00:00,2.941,90.381,0.9544
2023-10-05 10:00:00,2.7833,89.703,1.7937
2023-10-05 11:00:00,2.7947,91.363,0.2729
2023-10-05 12:00:00,2.2996,82.786,0.0743
2023-10-05 13:00:00,2.5248,85.364,3.522
2023-10-05 14:00:00,2.4276,84.782,1.3225
2023-10-05 15:00:00,2.4686,85.061,2.9863
2023-10-05 16:00:00,2.399,82.366,1.383
2023-10-05 17:00:00,2.2406,82.244,0.4833
2023-10-05 18:00:00,2.2389,81.014,0.7617
2023-10-05 19:00:00,2.1679,77.92,1.0316
2023-10-05 20:00:00,2.2116,79.557,0.5057
2023-10-05 21:00:00,2.1702,79.182,1.3697
2023-10-05 22:00:00,2.7161,91.297,5.4894
2023-10-05 23:00:00,2.6413,87.848,0.9088
2023-10-06 00:00:00,2.907,92.277,4.5147
2023-10-06 01:00:00,2.9175,92.86,1.4549
2023-10-06 02:00:00,2.8077,90.953,0.285
2023-10-06 03:00:00,3.0016,91.118,0.5543
2023-10-06 04:00:00,3.2587,100.165,4.9761
2023-10-06 05:00:00,3.1457,97.239,0.3886
2023-10-06 06:00:00,3.0521,94.978,1.1849
2023-10-06 07:00:00,3.1019,95.959,3.0101
2023-10-06 08:00:00,3.1979,98.426,2.1687
2023-10-06 09:00:00,3.116,93.944,1.6683
2023-10-06 10:00:00,2.8817,90.157,0.6312
2023-10-06 11:00:00,3.006,93.149,4.3837
2023-10-06 12:00:00,2.6646,87.759,0.4169
2023-10-06 13:00:00,2.5515,84.774,0.0796
2023-10-06 14:00:00,2.4715,85.23,0.6065
2023-10-06 15:00:00,2.3804,82.988,2.0031
2023-10-06 16:00:00,2.5976,86.294,6.0097
2023-10-06 17:00:00,2.3399,85.085,0.7685
2023-10-06 18:00:00,2.5323,83.775,1.7681
2023-10-06 19:00:00,2.3895,81.834,2.331
2023-10-06 20:00:00,2.4361,84.043,1.3858
2023-10-06 21:00:00,2.6291,89.769,2.5516
2023-10-06 22:00:00,2.5784,85.974,1.865
2023-10-06 23:00:00,2.5549,85.204,0.3735
2023-10-07 00:00:00,2.8687,91.407,4.1516
2023-10-07 01:00:00,3.0844,95.571,6.8744
2023-10-07 02:00:00,3.1265,96.327,1.0818
2023-10-07 03:00:00,3.419,104.181,4.5488
2023-10-07 04:00:00,3.2698,101.372,1.8027
2023-10-07 05:00:00,3.3865,101.991,1.0079
2023-10-07 06:00:00,3.2427,96.866,0.272
2023-10-07 07:00:00,3.3751,100.639,3.1942
2023-10-07 08:00:00,3.1369,96.068,2.0118
2023-10-07 09:00:00,3.2709,98.681,4.131
2023-10-07 10:00:00,3.1732,96.148,1.8893
2023-10-07 11:00:00,2.8719,91.644,0.3114
2023-10-07 12:00:00,2.8019,90.616,0.2825
2023-10-07 13:00:00,2.6149,88.406,3.6039
2023-10-07 14:00:00,2.7474,87.412,1.639
2023-10-07 15:00:00,2.4786,84.885,1.321
2023-10-07 16:00:00,2.4884,85.691,1.6368
2023-10-07 17:00:00,2.2948,80.477,1.2236
2023-10-07 18:00:00,2.4108,84.119,1.0613
2023-10-07 19:00:00,2.2173,79.61,3.0814
2023-10-07 20:00:00,2.4773,85.366,2.4489
2023-10-07 21:00:00,2.4152,84.984,0.2785
2023-10-07 22:00:00,2.442,84.564,1.4327
2023-10-07 23:00:00,2.4372,82.715,1.5107
2023-10-08 00:00:00,2.6579,87.83,1.3148
2023-10-08 01:00:00,2.8021,91.481,3.9461
2023-10-08 02:00:00,2.7598,87.822,2.2961
2023-10-08 03:00:00,3.1494,97.188,6.1136
2023-10-08 04:00:00,3.5382,103.282,5.4073
2023-10-08 05:00:00,3.3466,101.278,0.4814
2023-10-08 06:00:00,3.5796,105.795,3.1681
2023-10-08 07:00:00,3.3937,101.281,2.5139
2023-10-08 08:00:00,3.1694,95.505,1.1988
2023-10-08 09:00:00,3.1523,97.283,2.6564
2023-10-08 10:00:00,2.9656,96.343,0.1478
2023-10-08 11:00:00,3.0119,93.693,0.0906
2023-10-08 12:00:00,2.6896,88.869,0.5381
2023-10-08 13:00:00,2.4622,83.458,1.1161
2023-10-08 14:00:00,2.3643,83.713,1.2379
2023-10-08 15:00:00,2.4592,84.606,0.139
2023-10-08 16:00:00,2.2596,80.825,2.7227
2023-10-08 17:00:00,2.4799,83.897,6.9908
2023-10-08 18:00:00,2.4479,82.68,0.5337
2023-10-08 19:00:00,2.3485,83.32,2.1837
2023-10-08 20:00:00,2.5701,87.173,2.8027
2023-10-08 21:00:00,2.5181,85.455,0.7534
2023-10-08 22:00:00,2.6161,89.37,2.7223
2023-10-08 23:00:00,2.4626,84.196,0.823
2023-10-09 00:00:00,2.7701,87.357,0.7262
2023-10-09 01:00:00,2.7496,89.004,2.0941
2023-10-09 02:00:00,2.8594,91.583,1.888
2023-10-09 03:00:00,2.9652,94.63,1.7942
2023-10-09 04:00:00,3.0953,95.02,1.6877
2023-10-09 05:00:00,2.9987,94.715,0.5297
2023-10-09 06:00:00,3.2085,99.068,6.5918
2023-10-09 07:00:00,3.2538,97.432,1.4267
2023-10-09 08:00:00,3.1915,96.403,4.487
2023-10-09 09:00:00,3.0808,98.278,0.6807
2023-10-09 10:00:00,2.9783,93.167,0.3193
2023-10-09 11:00:00,2.8503,89.921,2.1106
2023-10-09 12:00:00,2.8071,89.409,2.3958
2023-10-09 13:00:00,2.6174,86.235,0.0289
2023-10-09 14:00:00,2.3571,82.086,0.3838
2023-10-09 15:00:00,2.4357,82.112,3.0316
2023-10-09 16:00:00,2.3401,84.304,1.01
2023-10-09 17:00:00,2.1877,80.339,0.8758
2023-10-09 18:00:00,2.2232,79.802,1.7073
2023-10-09 19:00:00,2.1599,79.418,1.4576
2023-10-09 20:00:00,2.207,79.392,0.1709
2023-10-09 21:00:00,2.2002,79.513,0.2901
2023-10-09 22:00:00,2.282,80.596,1.9141
2023-10-09 23:00:00,2.379,82.327,2.9452
2023-10-10 00:00:00,2.5237,85.489,1.5542
2023-10-10 01:00:00,3.024,93.375,4.031
2023-10-10 02:00:00,2.751,89.513,0.3558
2023-10-10 03:00:00,3.0126,96.71,2.6414
2023-10-10 04:00:00,3.1993,97.368,5.7218
2023-10-10 05:00:00,3.2183,100.702,0.1653
2023-10-10 06:00:00,3.1032,96.044,0.8417
2023-10-10 07:00:00,3.0116,94.688,1.7585
2023-10-10 08:00:00,3.0912,95.142,2.2674
2023-10-10 09:00:00,2.8124,89.208,1.4472
2023-10-10 10:00:00,2.8563,89.693,0.5631
2023-10-10 11:00:00,2.6738,87.327,1.3342
2023-10-10 12:00:00,2.662,88.583,1.1151
2023-10-10 13:00:00,2.5041,84.713,1.6984
2023-10-10 14:00:00,2.5548,89.214,2.3588
2023-10-10 15:00:00,2.1725,78.961,0.3543
2023-10-10 16:00:00,2.2214,79.266,1.1296
2023-10-10 17:00:00,1.9861,76.108,0.2118
2023-10-10 18:00:00,2.2363,80.913,4.6958
2023-10-10 19:00:00,2.013,73.257,0.153
2023-10-10 20:00:00,2.2325,81.557,3.2455
2023-10-10 21:00:00,2.2532,79.183,1.701
2023-10-10 22:00:00,2.3786,83.311,0.3069
2023-10-10 23:00:00,2.5203,86.446,0.3696
2023-10-11 00:00:00,2.6062,86.67,3.9047
2023-10-11 01:00:00,2.7474,89.122,0.7896
2023-10-11 02:00:00,3.0304,93.51,3.5985
2023-10-11 03:00:00,2.9941,94.345,2.3585
2023-10-11 04:00:00,3.1091,97.53,0.4838
2023-10-11 05:00:00,3.1486,97.975,3.7847
2023-10-11 06:00:00,3.2291,98.054,4.9754
2023-10-11 07:00:00,3.2698,99.442,0.8988
2023-10-11 08:00:00,3.085,97.761,1.7779
2023-10-11 09:00:00,3.2289,98.98,3.3034
2023-10-11 10:00:00,3.0712,97.424,1.7596
2023-10-11 11:00:00,2.816,91.056,2.282
2023-10-11 12:00:00,2.9359,93.203,2.8949
2023-10-11 13:00:00,2.7013,91.135,0.0364
2023-10-11 14:00:00,2.5739,83.546,1.2173
2023-10-11 15:00:00,2.4661,82.118,2.3427
2023-10-11 16:00:00,2.4203,85.844,0.2916
2023-10-11 17:00:00,2.2969,81.558,0.843
2023-10-11 18:00:00,2.1194,77.709,0.3221
2023-10-11 19:00:00,2.1018,78.401,1.4962
2023-10-11 20:00:00,2.2217,76.715,1.1233
2023-10-11 21:00:00,2.19,79.11,1.0894
2023-10-11 22:00:00,2.4695,84.947,5.5893
2023-10-11 23:00:00,2.5131,84.57,0.7846
2023-10-12 00:00:00,2.7855,89.431,3.6734
2023-10-12 01:00:00,2.8784,94.143,1.4191
2023-10-12 02:00:00,2.7697,90.342,0.0689
2023-10-12 03:00:00,2.8325,92.161,0.6322
2023-10-12 04:00:00,2.9429,93.753,2.4397
2023-10-12 05:00:00,3.0276,94.037,0.7302
2023-10-12 06:00:00,2.9641,94.271,0.8886
2023-10-12 07:00:00,3.0382,93.432,4.8185
2023-10-12 08:00:00,2.9174,91.481,0.8619
2023-10-12 09:00:00,2.761,90.122,0.1883
2023-10-12 10:00:00,2.7283,89.67,0.3203
2023-10-12 11:00:00,2.9297,93.06,4.8605
2023-10-12 12:00:00,2.6522,87.402,1.2405
2023-10-12 13:00:00,2.7244,90.045,0.8224
2023-10-12 14:00:00,2.4688,83.764,1.6115
2023-10-12 15:00:00,2.3307,82.542,1.157
2023-10-12 16:00:00,2.2773,80.937,3.9009
2023-10-12 17:00:00,2.3265,81.187,3.0375
2023-10-12 18:00:00,2.5082,86.221,3.4918
2023-10-12 19:00:00,2.4271,84.702,3.7761
2023-10-12 20:00:00,2.5137,85.525,1.7833
2023-10-12 21:00:00,2.5535,86.67,1.7524
2023-10-12 22:00:00,2.6402,86.888,2.1265
2023-10-12 23:00:00,2.5245,84.302,0.8877
2023-10-13 00:00:00,2.5886,85.64,1.5588
2023-10-13 01:00:00,3.1725,97.934,7.8403
2023-10-13 02:00:00,3.4516,101.47,6.3229
2023-10-13 03:00:00,3.3356,99.562,1.4044
2023-10-13 04:00:00,3.876,110.632,8.4322
2023-10-13 05:00:00,3.715,107.497,1.0973
2023-10-13 06:00:00,3.6254,103.801,3.011
2023-10-13 07:00:00,3.5624,105.034,0.571
2023-10-13 08:00:00,3.527,105.651,6.123
2023-10-13 09:00:00,3.46,101.771,2.8069
2023-10-13 10:00:00,3.3553,100.766,0.7179
2023-10-13 11:00:00,2.9168,91.927,0.281
2023-10-13 12:00:00,3.1112,94.13,6.6778
2023-10-13 13:00:00,3.0126,94.958,1.0054
2023-10-13 14:00:00,2.5552,85.651,1.1079
2023-10-13 15:00:00,2.7165,88.244,2.504
2023-10-13 16:00:00,2.5438,85.011,0.018
2023-10-13 17:00:00,2.4776,82.602,3.8039
2023-10-13 18:00:00,2.464,82.854,0.6805
2023-10-13 19:00:00,2.7747,89.47,9.7915
2023-10-13 20:00:00,3.0559,93.67,7.9474
2023-10-13 21:00:00,3.0521,96.527,3.8252
2023-10-13 22:00:00,3.0621,95.335,0.75
2023-10-13 23:00:00,3.0631,95.1,0.4421
2023-10-14 00:00:00,3.2526,100.508,5.8078
2023-10-14 01:00:00,3.484,103.911,7.3038
2023-10-14 02:00:00,3.3793,101.44,1.4074
2023-10-14 03:00:00,3.5286,105.546,0.2992
2023-10-14 04:00:00,3.3874,101.341,3.4119
2023-10-14 05:00:00,3.4223,100.82,1.7063
2023-10-14 06:00:00,3.3813,104.024,1.7796
2023-10-14 07:00:00,3.6888,106.228,8.7973
2023-10-14 08:00:00,3.6515,105.389,1.3307
2023-10-14 09:00:00,3.6415,102.916,5.533
2023-10-14 10:00:00,3.4802,102.485,6.2282
2023-10-14 11:00:00,3.4738,102.527,1.906
2023-10-14 12:00:00,3.0743,95.367,0.1866
2023-10-14 13:00:00,3.0181,94.072,3.0951
2023-10-14 14:00:00,3.0517,94.578,3.2632
2023-10-14 15:00:00,2.7047,88.028,0.8955
2023-10-14 16:00:00,2.7521,89.885,4.281
2023-10-14 17:00:00,2.5988,87.268,1.4269
2023-10-14 18:00:00,2.5746,86.326,2.1754
2023-10-14 19:00:00,2.4945,85.138,0.394
2023-10-14 20:00:00,2.5264,83.818,1.1275
2023-10-14 21:00:00,2.7351,89.416,5.0464
2023-10-14 22:00:00,3.0941,95.338,7.1993
2023-10-14 23:00:00,3.1243,98.782,3.7626
2023-10-15 00:00:00,3.1777,96.375,2.2522
2023-10-15 01:00:00,3.0872,91.992,0.0345
2023-10-15 02:00:00,3.2297,97.443,2.6656
2023-10-15 03:00:00,3.3045,98.567,1.8651
2023-10-15 04:00:00,3.2854,100.409,2.6252
2023-10-15 05:00:00,3.3228,99.518,0.7164
2023-10-15 06:00:00,2.992,92.988,0.709
2023-10-15 07:00:00,3.4544,103.17,7.0045
2023-10-15 08:00:00,3.4147,102.24,2.4476
2023-10-15 09:00:00,3.3235,100.947,3.9932
2023-10-15 10:00:00,3.2912,99.584,3.7825
2023-10-15 11:00:00,3.3933,101.627,6.9348
2023-10-15 12:00:00,3.3028,98.403,2.1676
2023-10-15 13:00:00,2.8521,92.605,0.1653
2023-10-15 14:00:00,2.7392,88.235,0.2735
2023-10-15 15:00:00,2.6719,89.49,1.6758
2023-10-15 16:00:00,2.4228,82.369,0.0868
2023-10-15 17:00:00,2.3068,80.702,0.9738
2023-10-15 18:00:00,2.0872,78.631,0.8674
2023-10-15 19:00:00,2.2296,80.374,1.2017
2023-10-15 20:00:00,2.1413,77.123,0.5411
2023-10-15 21:00:00,2.2536,80.519,0.5005
2023-10-15 22:00:00,2.3819,82.983,1.0092
2023-10-15 23:00:00,2.28,81.268,1.1595
2023-10-16 00:00:00,2.2573,79.094,1.416
2023-10-16 01:00:00,2.6482,86.325,4.607
2023-10-16 02:00:00,2.8002,92.134,1.5817
2023-10-16 03:00:00,2.6997,86.828,0.0964
2023-10-16 04:00:00,2.9039,93.46,1.511
2023-10-16 05:00:00,2.8498,93.534,1.0806
2023-10-16 06:00:00,2.9978,94.57,2.4231
2023-10-16 07:00:00,3.0486,95.433,3.0271
2023-10-16 08:00:00,2.7909,89.816,0.7254
2023-10-16 09:00:00,3.2389,98.159,8.6695
2023-10-16 10:00:00,3.0991,96.22,0.8138
2023-10-16 11:00:00,2.9342,92.106,4.1312
2023-10-16 12:00:00,2.6714,87.88,0.2625
2023-10-16 13:00:00,2.6588,86.859,1.8846
2023-10-16 14:00:00,2.5743,85.2,3.5579
2023-10-16 15:00:00,2.5532,87.471,0.0126
2023-10-16 16:00:00,2.3586,84.736,0.9767
2023-10-16 17:00:00,2.2332,77.517,1.9205
2023-10-16 18:00:00,2.332,79.866,0.4089
2023-10-16 19:00:00,2.1009,75.359,0.9999
2023-10-16 20:00:00,2.1533,80.284,3.0845
2023-10-16 21:00:00,2.3685,81.825,2.2401
2023-10-16 22:00:00,2.5279,86.212,2.6493
2023-10-16 23:00:00,2.5693,87.879,1.8221
2023-10-17 00:00:00,2.7733,88.853,0.8578
2023-10-17 01:00:00,2.7379,89.974,2.8443
2023-10-17 02:00:00,2.9664,91.453,3.6946
2023-10-17 03:00:00,3.2361,95.487,3.0962
2023-10-17 04:00:00,3.1218,97.167,0.4313
2023-10-17 05:00:00,2.8751,92.892,0.2695
2023-10-17 06:00:00,3.2301,96.974,1.9567
2023-10-17 07:00:00,3.0502,93.813,2.6363
2023-10-17 08:00:00,3.0197,96.175,1.9721
2023-10-17 09:00:00,3.1618,97.831,2.3344
2023-10-17 10:00:00,2.8611,91.272,0.0796
2023-10-17 11:00:00,3.0575,96.276,8.5521
2023-10-17 12:00:00,3.2051,96.837,4.3893
2023-10-17 13:00:00,2.9287,94.587,2.3953
2023-10-17 14:00:00,3.1019,96.006,7.3418
2023-10-17 15:00:00,2.7595,90.228,0.1666
2023-10-17 16:00:00,2.7245,88.67,4.2835
2023-10-17 17:00:00,2.5678,87.854,1.8852
2023-10-17 18:00:00,2.5843,84.185,0.3989
2023-10-17 19:00:00,2.5429,86.645,3.781
2023-10-17 20:00:00,2.4962,83.721,0.8551
2023-10-17 21:00:00,2.5003,85.197,0.5147
2023-10-17 22:00:00,2.5554,86.734,0.1486
2023-10-17 23:00:00,2.4025,81.46,0.1027
2023-10-18 00:00:00,2.4997,84.492,1.0561
2023-10-18 01:00:00,2.4436,84.73,0.4981
2023-10-18 02:00:00,2.7295,87.698,0.3281
2023-10-18 03:00:00,2.7289,89.807,0.464
2023-10-18 04:00:00,2.7815,90.444,3.082
2023-10-18 05:00:00,3.0488,95.628,6.0339
2023-10-18 06:00:00,3.0636,94.314,0.9012
2023-10-18 07:00:00,3.2424,98.795,2.7139
2023-10-18 08:00:00,2.9706,95.205,0.7186
2023-10-18 09:00:00,3.15,95.248,3.7513
2023-10-18 10:00:00,3.512,103.341,11.7783
2023-10-18 11:00:00,3.3111,99.772,3.4123
2023-10-18 12:00:00,3.2424,96.552,2.9318
2023-10-18 13:00:00,2.8959,89.854,0.079
2023-10-18 14:00:00,2.7963,92.152,2.6588
2023-10-18 15:00:00,2.7539,90.88,2.5918
2023-10-18 16:00:00,2.6167,86.615,3.5642
2023-10-18 17:00:00,2.6654,87.325,3.498
2023-10-18 18:00:00,2.4611,86.03,0.1341
2023-10-18 19:00:00,2.527,85.087,3.9609
2023-10-18 20:00:00,2.6968,89.325,1.8327
2023-10-18 21:00:00,2.4294,86.156,0.7633
2023-10-18 22:00:00,2.5667,84.251,0.781
2023-10-18 23:00:00,2.6406,88.21,0.7819
2023-10-19 00:00:00,2.8002,89.977,3.0478
2023-10-19 01:00:00,2.7276,89.656,1.7446
2023-10-19 02:00:00,2.7841,90.565,0.6358
2023-10-19 03:00:00,3.0011,92.97,2.7219
2023-10-19 04:00:00,2.8526,90.641,0.2849
2023-10-19 05:00:00,3.2842,99.313,8.8634
2023-10-19 06:00:00,3.645,105.109,9.1854
2023-10-19 07:00:00,3.6591,104.952,2.1735
2023-10-19 08:00:00,3.6258,106.574,1.2369
2023-10-19 09:00:00,3.4491,101.662,1.8438
2023-10-19 10:00:00,3.2648,97.791,3.6616
2023-10-19 11:00:00,3.0612,94.238,0.2949
2023-10-19 12:00:00,2.8425,90.844,1.7233
2023-10-19 13:00:00,2.8054,92.184,4.6635
2023-10-19 14:00:00,2.7649,90.538,2.0703
2023-10-19 15:00:00,2.6386,88.614,2.5035
2023-10-19 16:00:00,2.8359,92.556,7.3405
2023-10-19 17:00:00,2.8817,94.626,3.8639
2023-10-19 18:00:00,2.8803,92.495,1.9915
2023-10-19 19:00:00,2.7245,90.487,3.4713
2023-10-19 20:00:00,2.8522,91.952,4.0682
2023-10-19 21:00:00,2.8883,93.723,2.4797
2023-10-19 22:00:00,2.9003,91.339,2.1224
2023-10-19 23:00:00,3.0382,93.354,3.4461
2023-10-20 00:00:00,3.0485,93.714,2.114
2023-10-20 01:00:00,3.5384,104.839,7.4347
2023-10-20 02:00:00,3.4823,104.327,2.5709
2023-10-20 03:00:00,3.4033,99.944,1.1414
2023-10-20 04:00:00,3.2792,98.873,0.8646
2023-10-20 05:00:00,3.2197,99.109,1.0799
2023-10-20 06:00:00,3.0613,94.975,0.0847
2023-10-20 07:00:00,3.1059,96.043,1.0196
2023-10-20 08:00:00,3.2089,98.032,4.6979
2023-10-20 09:00:00,2.9939,94.016,0.5155
2023-10-20 10:00:00,2.8985,92.152,0.9641
2023-10-20 11:00:00,2.7923,90.077,1.7405
2023-10-20 12:00:00,2.6199,88.553,1.3909
2023-10-20 13:00:00,2.4779,84.156,0.4884
2023-10-20 14:00:00,2.8287,91.42,11.056
2023-10-20 15:00:00,2.8005,91.432,3.9697
2023-10-20 16:00:00,2.8087,93.113,0.9155
2023-10-20 17:00:00,2.5346,86.597,1.8712
2023-10-20 18:00:00,2.4298,84.067,0.3064
2023-10-20 19:00:00,2.4889,84.414,2.6879
2023-10-20 20:00:00,2.6994,88.718,3.2813
2023-10-20 21:00:00,2.6229,85.37,2.4664
2023-10-20 22:00:00,2.5392,84.378,0.9799
2023-10-20 23:00:00,2.7401,86.314,4.7156
2023-10-21 00:00:00,2.8412,91.631,2.1489
2023-10-21 01:00:00,2.9712,93.733,0.9548
2023-10-21 02:00:00,3.0507,93.318,2.9362
2023-10-21 03:00:00,3.2119,98.741,2.8035
2023-10-21 04:00:00,3.2697,100.754,0.5241
2023-10-21 05:00:00,3.1746,97.044,0.5748
2023-10-21 06:00:00,3.2597,98.351,2.7807
2023-10-21 07:00:00,3.0447,94.768,1.2284
2023-10-21 08:00:00,2.8741,91.49,1.3838
2023-10-21 09:00:00,3.0362,93.933,3.6911
2023-10-21 10:00:00,3.0669,92.907,1.4763
2023-10-21 11:00:00,2.7209,90.483,0.4664
2023-10-21 12:00:00,2.7164,89.429,3.0615
2023-10-21 13:00:00,2.5099,85.646,1.6605
2023-10-21 14:00:00,2.3486,83.397,1.2898
2023-10-21 15:00:00,2.3404,82.322,3.6242
2023-10-21 16:00:00,2.6108,89.924,3.2053
2023-10-21 17:00:00,2.2903,80.956,0.1247
2023-10-21 18:00:00,2.396,83.536,4.1156
2023-10-21 19:00:00,2.5407,87.221,5.4386
2023-10-21 20:00:00,2.5547,84.657,0.9071
2023-10-21 21:00:00,2.5923,85.816,0.8134
2023-10-21 22:00:00,2.3729,82.447,0.0623
2023-10-21 23:00:00,2.4638,85.55,0.8975
2023-10-22 00:00:00,2.6735,88.293,2.0294
2023-10-22 01:00:00,2.6665,89.263,1.7183
2023-10-22 02:00:00,2.8884,89.838,2.7587
2023-10-22 03:00:00,2.9545,94.805,0.6854
2023-10-22 04:00:00,3.0872,95.177,4.1677
2023-10-22 05:00:00,3.0877,95.214,0.7494
2023-10-22 06:00:00,3.1563,97.779,1.2239
2023-10-22 07:00:00,3.0222,94.689,1.0382
2023-10-22 08:00:00,3.0148,94.286,4.2645
2023-10-22 09:00:00,2.9428,93.017,0.253
2023-10-22 10:00:00,2.8855,90.112,3.0506
2023-10-22 11:00:00,2.7706,92.454,1.0628
2023-10-22 12:00:00,2.6512,85.474,1.7908
2023-10-22 13:00:00,2.4316,81.097,3.0178
2023-10-22 14:00:00,2.5961,86.532,5.3906
2023-10-22 15:00:00,2.478,84.558,1.2238
2023-10-22 16:00:00,2.7862,90.967,7.4255
2023-10-22 17:00:00,2.6927,88.376,3.0064
2023-10-22 18:00:00,2.8232,91.031,7.9372
2023-10-22 19:00:00,2.728,90.87,0.4
2023-10-22 20:00:00,2.7973,89.768,4.8291
2023-10-22 21:00:00,2.9318,95.73,1.8046
2023-10-22 22:00:00,2.873,89.536,0.413
2023-10-22 23:00:00,3.0815,96.023,5.9913
2023-10-23 00:00:00,3.1195,99.256,3.0631
2023-10-23 01:00:00,3.1118,95.715,1.2602
2023-10-23 02:00:00,3.0873,96.908,1.2918
2023-10-23 03:00:00,3.2616,99.351,0.615
2023-10-23 04:00:00,2.9993,96.953,0.0671
2023-10-23 05:00:00,3.1234,94.791,3.0388
2023-10-23 06:00:00,3.4412,101.326,5.4822
2023-10-23 07:00:00,3.2516,97.502,2.0133
2023-10-23 08:00:00,3.0598,93.736,0.227
2023-10-23 09:00:00,3.0999,93.93,2.9581
2023-10-23 10:00:00,3.1149,95.92,4.1196
2023-10-23 11:00:00,2.8928,94.223,1.3949
2023-10-23 12:00:00,3.0423,95.693,4.7371
2023-10-23 13:00:00,2.9519,94.024,3.9733
2023-10-23 14:00:00,3.6184,104.6,16.3718
2023-10-23 15:00:00,3.2529,98.904,6.3595
2023-10-23 16:00:00,3.4759,103.011,2.9063
2023-10-23 17:00:00,3.4415,100.705,7.6176
2023-10-23 18:00:00,3.1778,98.456,0.197
2023-10-23 19:00:00,3.1945,98.066,1.5784
2023-10-23 20:00:00,3.0109,94.279,1.3263
2023-10-23 21:00:00,3.1448,95.559,5.0503
2023-10-23 22:00:00,3.1797,97.27,6.0932
2023-10-23 23:00:00,3.2768,99.039,1.4206
2023-10-24 00:00:00,3.1475,98.397,0.3794
2023-10-24 01:00:00,3.1689,95.381,1.4715
2023-10-24 02:00:00,3.1764,94.773,1.4699
2023-10-24 03:00:00,3.4447,99.993,8.926
2023-10-24 04:00:00,3.6371,106.417,2.4875
2023-10-24 05:00:00,3.5722,104.045,4.6996
2023-10-24 06:00:00,3.8478,110.068,5.7929
2023-10-24 07:00:00,3.6979,107.178,1.8228
2023-10-24 08:00:00,3.5357,103.695,2.4586
2023-10-24 09:00:00,3.511,101.771,2.7329
2023-10-24 10:00:00,3.4607,101.014,3.8656
2023-10-24 11:00:00,3.0777,95.573,0.0166
2023-10-24 12:00:00,2.8586,90.995,0.3506
2023-10-24 13:00:00,2.8082,89.99,3.1893
2023-10-24 14:00:00,2.6212,87.724,2.5624
2023-10-24 15:00:00,2.4932,83.229,0.9453
2023-10-24 16:00:00,2.3145,81.236,1.2159
2023-10-24 17:00:00,2.4038,83.445,2.4334
2023-10-24 18:00:00,2.4505,84.935,3.4442
2023-10-24 19:00:00,2.5849,86.717,5.3338
2023-10-24 20:00:00,2.6627,86.548,2.2934
2023-10-24 21:00:00,2.5859,86.58,1.3247
2023-10-24 22:00:00,2.579,86.326,0.983
2023-10-24 23:00:00,2.6697,90.068,1.2499
2023-10-25 00:00:00,2.7503,90.767,1.2205
2023-10-25 01:00:00,2.6713,88.396,1.9196
2023-10-25 02:00:00,2.9067,94.349,1.1857
2023-10-25 03:00:00,2.9074,92.42,0.9393
2023-10-25 04:00:00,2.8271,91.994,0.4222
2023-10-25 05:00:00,3.0134,92.353,0.9645
2023-10-25 06:00:00,3.3259,99.668,7.9646
2023-10-25 07:00:00,3.2916,97.92,2.8652
2023-10-25 08:00:00,3.23,99.418,3.0302
2023-10-25 09:00:00,3.2528,98.207,3.7203
2023-10-25 10:00:00,3.0978,95.212,3.2511
2023-10-25 11:00:00,2.8773,91.59,0.1
2023-10-25 12:00:00,2.8849,91.377,5.8695
2023-10-25 13:00:00,2.7207,88.555,0.3641
2023-10-25 14:00:00,2.8773,92.437,8.1718
2023-10-25 15:00:00,2.787,91.018,1.2622
2023-10-25 16:00:00,2.615,87.188,1.4284
2023-10-25 17:00:00,3.2488,96.778,15.7272
2023-10-25 18:00:00,3.3005,100.648,4.2463
2023-10-25 19:00:00,3.0494,96.031,0.8454
2023-10-25 20:00:00,2.8227,90.913,0.7941
2023-10-25 21:00:00,2.8113,88.259,1.3487
2023-10-25 22:00:00,2.8368,89.478,1.1443
2023-10-25 23:00:00,2.7152,88.882,0.91
2023-10-26 00:00:00,2.7679,89.91,0.4606
2023-10-26 01:00:00,3.4055,99.5,8.5208
2023-10-26 02:00:00,3.2515,100.49,2.9332
2023-10-26 03:00:00,3.355,98.509,2.2216
2023-10-26 04:00:00,3.2401,97.039,0.723
2023-10-26 05:00:00,3.2045,100.663,1.7554
2023-10-26 06:00:00,3.1382,94.826,2.9153
2023-10-26 07:00:00,3.4627,103.001,5.1524
2023-10-26 08:00:00,3.321,101.732,1.2647
2023-10-26 09:00:00,3.1799,98.17,2.3217
2023-10-26 10:00:00,3.0142,95.254,0.219
2023-10-26 11:00:00,3.2836,99.331,11.2993
2023-10-26 12:00:00,3.1858,98.442,4.167
2023-10-26 13:00:00,3.0675,96.576,0.3841
2023-10-26 14:00:00,2.6967,87.187,1.0125
2023-10-26 15:00:00,2.7541,89.249,3.2377
2023-10-26 16:00:00,2.5738,87.765,1.0206
2023-10-26 17:00:00,2.6532,87.571,2.5875
2023-10-26 18:00:00,2.4135,83.348,0.5828
2023-10-26 19:00:00,2.4164,85.235,1.6332
2023-10-26 20:00:00,2.4376,82.367,2.1993
2023-10-26 21:00:00,2.3977,83.006,0.4581
2023-10-26 22:00:00,2.7586,88.899,4.8548
2023-10-26 23:00:00,2.5992,86.294,0.1395
2023-10-27 00:00:00,2.6563,85.74,0.0904
2023-10-27 01:00:00,2.5484,85.635,0.2794
2023-10-27 02:00:00,2.7474,90.95,2.6386
2023-10-27 03:00:00,2.766,89.505,3.2216
2023-10-27 04:00:00,2.9606,93.908,1.0612
2023-10-27 05:00:00,3.0511,96.246,3.517
2023-10-27 06:00:00,2.9416,92.473,0.8486
2023-10-27 07:00:00,3.5791,104.949,11.6803
2023-10-27 08:00:00,3.411,99.379,2.7249
2023-10-27 09:00:00,3.2328,98.995,0.5105
2023-10-27 10:00:00,3.1317,98.235,0.934
2023-10-27 11:00:00,3.0918,96.109,5.5472
2023-10-27 12:00:00,3.0387,94.662,0.8901
2023-10-27 13:00:00,2.6715,89.295,0.275
2023-10-27 14:00:00,2.6085,85.559,3.1534
2023-10-27 15:00:00,2.4624,82.885,3.0071
2023-10-27 16:00:00,2.4627,86.0,0.9572
2023-10-27 17:00:00,2.3753,83.561,1.6346
2023-10-27 18:00:00,2.2998,81.535,2.8516
2023-10-27 19:00:00,2.2403,81.688,0.228
2023-10-27 20:00:00,2.6494,86.91,7.9728
2023-10-27 21:00:00,2.3731,80.91,0.3914
2023-10-27 22:00:00,2.6579,90.072,1.9992
2023-10-27 23:00:00,2.7006,90.102,0.8462
2023-10-28 00:00:00,2.7379,90.218,2.389
2023-10-28 01:00:00,2.7538,90.38,1.3237
2023-10-28 02:00:00,3.0392,93.637,5.8141
2023-10-28 03:00:00,3.1152,97.305,1.9642
2023-10-28 04:00:00,3.286,98.809,4.0054
2023-10-28 05:00:00,3.1075,95.765,0.5636
2023-10-28 06:00:00,3.1119,96.368,1.4104
2023-10-28 07:00:00,3.2462,99.333,2.0532
2023-10-28 08:00:00,3.1897,98.742,3.8509
2023-10-28 09:00:00,3.1327,97.912,0.1907
2023-10-28 10:00:00,2.9394,93.443,1.6329
2023-10-28 11:00:00,2.7548,90.167,2.7574
2023-10-28 12:00:00,2.6334,87.747,0.0848
2023-10-28 13:00:00,2.5392,85.021,0.3245
2023-10-28 14:00:00,2.5631,86.91,5.4723
2023-10-28 15:00:00,2.6863,86.97,6.7385
2023-10-28 16:00:00,2.3928,84.619,0.0858
2023-10-28 17:00:00,2.6802,85.049,8.1636
2023-10-28 18:00:00,2.8007,89.819,6.9241
2023-10-28 19:00:00,3.2117,98.588,8.7503
2023-10-28 20:00:00,3.0758,97.058,1.7963
2023-10-28 21:00:00,2.8308,91.621,0.0879
2023-10-28 22:00:00,2.8889,94.696,2.2528
2023-10-28 23:00:00,2.9258,91.384,0.118
2023-10-29 00:00:00,2.9028,92.298,1.4512
2023-10-29 01:00:00,2.993,95.422,1.5352
2023-10-29 02:00:00,3.9663,110.967,19.4383
2023-10-29 03:00:00,3.7184,108.281,0.9153
2023-10-29 04:00:00,3.8231,110.021,8.5633
2023-10-29 05:00:00,3.887,109.752,0.7112
2023-10-29 06:00:00,3.6376,106.237,1.338
2023-10-29 07:00:00,3.5092,103.136,0.1493
2023-10-29 08:00:00,3.5186,103.323,4.0527
2023-10-29 09:00:00,3.6138,105.095,4.5924
2023-10-29 10:00:00,3.3996,99.545,2.3155
2023-10-29 11:00:00,3.0624,92.266,0.2261
2023-10-29 12:00:00,2.7938,91.107,0.9325
2023-10-29 13:00:00,2.9112,92.198,1.0638
2023-10-29 14:00:00,2.7238,88.675,4.6957
2023-10-29 15:00:00,2.8273,89.548,6.1011
2023-10-29 16:00:00,2.777,90.331,4.8188
2023-10-29 17:00:00,2.9576,93.17,5.4948
2023-10-29 18:00:00,2.7385,88.295,0.7911
2023-10-29 19:00:00,2.8218,90.994,5.6413
2023-10-29 20:00:00,2.8979,90.616,1.3616
2023-10-29 21:00:00,2.9414,93.297,6.2358
2023-10-29 22:00:00,3.0941,96.344,2.4568
2023-10-29 23:00:00,2.9245,92.4,1.7158
2023-10-30 00:00:00,2.9498,93.393,0.2154
2023-10-30 01:00:00,2.9981,96.442,0.2866
2023-10-30 02:00:00,3.1426,96.532,3.1298
2023-10-30 03:00:00,3.2013,98.153,1.1991
2023-10-30 04:00:00,3.0976,97.818,1.2918
2023-10-30 05:00:00,3.0595,93.372,1.0743
2023-10-30 06:00:00,3.0795,94.987,0.4844
2023-10-30 07:00:00,2.8245,92.428,0.9338
2023-10-30 08:00:00,3.0597,96.539,4.8058
2023-10-30 09:00:00,3.0282,94.19,0.4656
2023-10-30 10:00:00,2.6963,89.48,1.7105
2023-10-30 11:00:00,2.8335,89.729,0.1028
2023-10-30 12:00:00,2.5613,84.99,5.9767
2023-10-30 13:00:00,2.4747,82.797,0.0057
2023-10-30 14:00:00,2.6989,89.308,7.3334
2023-10-30 15:00:00,2.7426,90.739,4.6159
2023-10-30 16:00:00,2.6921,91.097,2.6915
2023-10-30 17:00:00,2.515,84.357,2.695
2023-10-30 18:00:00,2.7063,88.598,1.9022
2023-10-30 19:00:00,2.3983,85.011,0.5799
2023-10-30 20:00:00,2.4102,84.386,2.0338
2023-10-30 21:00:00,2.3998,82.956,2.3133
2023-10-30 22:00:00,2.8939,91.528,5.6961
2023-10-30 23:00:00,2.7956,89.336,2.7564
2023-10-31 00:00:00,2.9334,91.79,2.7384
2023-10-31 01:00:00,3.1752,98.595,7.066
2023-10-31 02:00:00,3.2847,101.904,1.482
2023-10-31 03:00:00,3.6796,104.881,9.7665
2023-10-31 04:00:00,3.7881,108.46,4.4142
2023-10-31 05:00:00,3.6401,105.116,2.2191
2023-10-31 06:00:00,3.6057,106.225,0.4037
2023-10-31 07:00:00,3.5615,103.242,5.0876
2023-10-31 08:00:00,3.4023,102.271,0.5856
2023-10-31 09:00:00,3.2298,98.443,1.9312
2023-10-31 10:00:00,3.1355,97.863,2.8294
2023-10-31 11:00:00,2.9314,91.561,2.1446
2023-10-31 12:00:00,2.7925,91.857,0.3454
2023-10-31 13:00:00,3.0423,93.282,6.827
2023-10-31 14:00:00,3.0668,93.681,5.0574
2023-10-31 15:00:00,2.796,91.329,1.9145
2023-10-31 16:00:00,2.6492,86.805,1.1791
2023-10-31 17:00:00,2.4333,83.387,0.4516
2023-10-31 18:00:00,2.3539,84.19,1.3254
2023-10-31 19:00:00,2.3353,81.324,1.3213
2023-10-31 20:00:00,2.6513,87.16,5.1978
2023-10-31 21:00:00,2.6847,87.669,5.1689
2023-10-31 22:00:00,3.0372,93.438,7.3352
2023-10-31 23:00:00,2.8164,93.654,0.0582
2023-11-01 00:00:00,3.1771,96.637,2.3409
2023-11-01 01:00:00,3.1879,98.717,3.0175
2023-11-01 02:00:00,3.0434,95.866,1.6073
2023-11-01 03:00:00,3.1737,96.701,2.3599
2023-11-01 04:00:00,3.6525,105.62,8.2545
2023-11-01 05:00:00,3.6816,105.805,2.5626
2023-11-01 06:00:00,3.5848,102.53,1.0752
2023-11-01 07:00:00,3.5163,102.956,4.7941
2023-11-01 08:00:00,3.5911,103.904,5.7921
2023-11-01 09:00:00,3.3423,101.145,0.1035
2023-11-01 10:00:00,3.7954,107.756,14.0969
2023-11-01 11:00:00,3.537,105.027,2.9694
2023-11-01 12:00:00,3.7619,106.905,10.0939
2023-11-01 13:00:00,3.6176,105.638,2.6088
2023-11-01 14:00:00,3.6637,105.947,6.5512
2023-11-01 15:00:00,3.4341,102.549,2.9982
2023-11-01 16:00:00,3.1101,95.184,0.2982
2023-11-01 17:00:00,2.8595,91.648,1.7067
2023-11-01 18:00:00,3.1093,96.657,5.0073
2023-11-01 19:00:00,2.8643,89.36,0.3128
2023-11-01 20:00:00,2.7661,88.676,2.5468
2023-11-01 21:00:00,2.9323,92.152,5.7719
2023-11-01 22:00:00,2.7908,89.538,0.3848
2023-11-01 23:00:00,2.9355,94.41,2.1852
2023-11-02 00:00:00,3.0603,94.812,2.2906
2023-11-02 01:00:00,3.1756,94.728,1.7312
2023-11-02 02:00:00,3.0742,92.498,2.1383
2023-11-02 03:00:00,3.1164,97.082,0.7739
2023-11-02 04:00:00,3.0604,96.103,1.7532
2023-11-02 05:00:00,3.1668,96.566,2.427
2023-11-02 06:00:00,3.1646,98.922,0.982
2023-11-02 07:00:00,3.0182,93.937,0.859
2023-11-02 08:00:00,3.0702,95.846,1.9006
2023-11-02 09:00:00,2.8699,93.072,2.8586
2023-11-02 10:00:00,2.7356,89.693,0.8028
2023-11-02 11:00:00,2.5246,87.646,0.4365
2023-11-02 12:00:00,2.6271,86.778,1.9088
2023-11-02 13:00:00,2.5403,87.652,2.4641
2023-11-02 14:00:00,2.585,86.158,3.9577
2023-11-02 15:00:00,2.5027,84.455,1.197
2023-11-02 16:00:00,2.3588,83.059,4.2021
2023-11-02 17:00:00,2.1516,76.799,0.3596
2023-11-02 18:00:00,2.2002,80.551,0.9049
2023-11-02 19:00:00,2.4529,85.547,7.2369
2023-11-02 20:00:00,2.84,91.689,8.5552
2023-11-02 21:00:00,2.823,90.913,0.4398
2023-11-02 22:00:00,3.1919,95.271,9.4862
2023-11-02 23:00:00,3.4299,101.35,6.4778
2023-11-03 00:00:00,3.3432,100.05,1.0173
2023-11-03 01:00:00,3.2105,99.551,1.3884
2023-11-03 02:00:00,3.3803,100.739,3.4051
2023-11-03 03:00:00,3.4202,100.777,0.8055
2023-11-03 04:00:00,3.8163,108.111,8.9946
2023-11-03 05:00:00,3.7949,105.754,3.8683
2023-11-03 06:00:00,3.5707,104.153,0.7194
2023-11-03 07:00:00,3.3763,101.403,1.1541
2023-11-03 08:00:00,3.4034,100.093,1.5822
2023-11-03 09:00:00,3.2024,98.505,2.9379
2023-11-03 10:00:00,2.9709,95.191,1.032
2023-11-03 11:00:00,3.0276,93.951,0.6923
2023-11-03 12:00:00,2.9647,92.529,5.3882
2023-11-03 13:00:00,2.8195,91.591,0.0077
2023-11-03 14:00:00,2.4937,86.225,1.4645
2023-11-03 15:00:00,2.3722,82.023,2.1323
2023-11-03 16:00:00,2.3483,82.053,1.2416
2023-11-03 17:00:00,2.5361,84.486,3.3783
2023-11-03 18:00:00,2.2921,80.198,0.1852
2023-11-03 19:00:00,2.4544,82.993,3.7491
2023-11-03 20:00:00,2.3334,80.103,1.1598
2023-11-03 21:00:00,2.3972,83.87,4.3377
2023-11-03 22:00:00,2.6283,87.115,2.7447
2023-11-03 23:00:00,2.8913,94.204,5.5728
2023-11-04 00:00:00,3.1031,93.814,4.628
2023-11-04 01:00:00,3.1504,97.01,3.0296
2023-11-04 02:00:00,3.1757,96.415,1.6156
2023-11-04 03:00:00,3.0179,96.03,1.1553
2023-11-04 04:00:00,3.4148,100.558,5.2031
2023-11-04 05:00:00,3.3764,101.704,2.519
2023-11-04 06:00:00,3.3078,100.335,2.2339
2023-11-04 07:00:00,3.2384,99.644,1.2287
2023-11-04 08:00:00,3.1977,98.433,1.3435
2023-11-04 09:00:00,3.0666,93.947,3.2612
2023-11-04 10:00:00,2.977,94.497,1.4111
2023-11-04 11:00:00,2.8075,90.385,2.0598
2023-11-04 12:00:00,3.2283,98.359,7.5805
2023-11-04 13:00:00,2.8016,89.704,0.333
2023-11-04 14:00:00,2.8788,91.758,2.4823
2023-11-04 15:00:00,2.5103,85.536,1.1698
2023-11-04 16:00:00,2.4331,84.25,1.1548
2023-11-04 17:00:00,2.4169,81.486,4.18
2023-11-04 18:00:00,2.2797,82.432,0.4307
2023-11-04 19:00:00,2.443,84.133,4.9266
2023-11-04 20:00:00,2.4815,82.957,1.1167
2023-11-04 21:00:00,2.4951,84.692,3.5806
2023-11-04 22:00:00,2.5991,86.565,1.3243
2023-11-04 23:00:00,2.6485,87.762,1.6113
2023-11-05 00:00:00,2.4524,83.391,0.1184
2023-11-05 01:00:00,2.7414,89.624,1.5771
2023-11-05 02:00:00,2.8432,91.989,0.7194
2023-11-05 03:00:00,2.7532,88.22,1.701
2023-11-05 04:00:00,3.0636,96.975,3.5375
2023-11-05 05:00:00,3.4586,100.634,9.0051
2023-11-05 06:00:00,3.5585,104.911,3.7523
2023-11-05 07:00:00,3.455,100.952,4.0307
2023-11-05 08:00:00,3.3428,100.575,1.6235
2023-11-05 09:00:00,3.3019,98.016,2.5096
2023-11-05 10:00:00,3.0603,92.553,2.259
2023-11-05 11:00:00,3.2365,97.184,4.954
2023-11-05 12:00:00,3.034,95.455,3.6537
2023-11-05 13:00:00,3.4896,101.437,13.5301
2023-11-05 14:00:00,3.2133,97.015,1.7121
2023-11-05 15:00:00,3.1336,95.43,3.7618
2023-11-05 16:00:00,3.1571,96.798,7.0034
2023-11-05 17:00:00,2.9544,94.41,0.0231
2023-11-05 18:00:00,2.7246,89.505,1.0072
2023-11-05 19:00:00,2.7891,90.889,0.8503
2023-11-05 20:00:00,2.6697,88.928,0.5473
2023-11-05 21:00:00,2.8169,91.52,5.1925
2023-11-05 22:00:00,2.6533,87.035,1.5965
2023-11-05 23:00:00,2.7487,88.354,0.8971
2023-11-06 00:00:00,2.8344,92.526,2.93
2023-11-06 01:00:00,3.0876,97.751,4.6135
2023-11-06 02:00:00,3.413,99.751,8.4583
2023-11-06 03:00:00,3.613,105.066,1.5312
2023-11-06 04:00:00,3.5726,105.002,4.3255
2023-11-06 05:00:00,3.5828,101.435,2.3689
2023-11-06 06:00:00,3.6269,105.726,2.6956
2023-11-06 07:00:00,3.4927,104.346,1.5044
2023-11-06 08:00:00,3.2457,99.134,2.2338
2023-11-06 09:00:00,3.5319,104.029,7.1183
2023-11-06 10:00:00,3.2942,100.545,3.0338
2023-11-06 11:00:00,3.1583,94.659,0.1955
2023-11-06 12:00:00,2.9449,90.497,1.6079
2023-11-06 13:00:00,3.0139,92.388,5.9331
2023-11-06 14:00:00,2.7617,89.021,1.3906
2023-11-06 15:00:00,2.7425,89.278,1.1598
2023-11-06 16:00:00,2.6732,87.214,3.9563
2023-11-06 17:00:00,2.6774,86.691,4.8904
2023-11-06 18:00:00,3.053,94.41,9.0949
2023-11-06 19:00:00,2.9634,91.438,2.9239
2023-11-06 20:00:00,3.0542,94.628,6.4857
2023-11-06 21:00:00,3.151,96.155,5.9683
2023-11-06 22:00:00,3.2431,98.398,2.6412
2023-11-06 23:00:00,3.3932,96.827,4.5155
2023-11-07 00:00:00,3.5743,103.488,6.9285
2023-11-07 01:00:00,3.8337,109.828,6.2222
2023-11-07 02:00:00,3.5163,102.893,0.4268
2023-11-07 03:00:00,4.0867,115.006,11.5829
2023-11-07 04:00:00,4.1389,114.356,2.3924
2023-11-07 05:00:00,3.9171,109.808,3.0557
2023-11-07 06:00:00,3.8718,112.826,3.0367
2023-11-07 07:00:00,3.7599,108.133,1.2682
2023-11-07 08:00:00,3.5002,102.51,0.8861
2023-11-07 09:00:00,3.6648,106.066,5.904
2023-11-07 10:00:00,3.4021,100.47,0.9993
2023-11-07 11:00:00,3.5097,104.204,8.6137
2023-11-07 12:00:00,3.213,96.033,0.9207
2023-11-07 13:00:00,3.1473,94.977,3.2918
2023-11-07 14:00:00,3.3062,99.466,9.9023
2023-11-07 15:00:00,3.2937,98.161,7.523
2023-11-07 16:00:00,3.1856,98.085,0.0864
2023-11-07 17:00:00,3.0484,96.605,3.0815
2023-11-07 18:00:00,2.9637,93.264,1.7865
2023-11-07 19:00:00,2.9587,92.244,4.2941
2023-11-07 20:00:00,3.1832,99.065,6.5821
2023-11-07 21:00:00,2.9738,90.682,1.36
2023-11-07 22:00:00,3.1665,97.554,4.0756
2023-11-07 23:00:00,3.0997,95.507,2.2961
2023-11-08 00:00:00,3.0583,93.965,1.4318
2023-11-08 01:00:00,3.0316,96.002,3.0229
2023-11-08 02:00:00,3.2433,98.718,4.1238
2023-11-08 03:00:00,3.273,97.442,1.877
2023-11-08 04:00:00,3.135,95.453,0.7102
2023-11-08 05:00:00,3.4292,102.495,4.7751
2023-11-08 06:00:00,3.4297,100.561,4.2634
2023-11-08 07:00:00,3.4709,100.636,1.3209
2023-11-08 08:00:00,3.2956,96.809,1.307
2023-11-08 09:00:00,3.2307,98.194,3.2735
2023-11-08 10:00:00,3.0498,95.531,1.439
2023-11-08 11:00:00,2.8717,91.403,0.473
2023-11-08 12:00:00,2.8202,90.986,1.8507
2023-11-08 13:00:00,2.5268,87.058,0.7179
2023-11-08 14:00:00,2.4461,85.214,3.6143
2023-11-08 15:00:00,2.4868,85.362,0.7753
2023-11-08 16:00:00,2.3313,80.784,1.2464
2023-11-08 17:00:00,2.1286,80.145,0.9272
2023-11-08 18:00:00,2.0407,76.382,2.0865
2023-11-08 19:00:00,2.4938,86.474,7.3966
2023-11-08 20:00:00,2.3495,80.666,1.1623
2023-11-08 21:00:00,2.7235,89.535,6.3061
2023-11-08 22:00:00,2.71,86.931,2.312
2023-11-08 23:00:00,3.3106,101.721,8.2047
2023-11-09 00:00:00,3.118,95.78,1.8211
2023-11-09 01:00:00,3.1551,96.075,0.7534
2023-11-09 02:00:00,3.303,100.804,4.1491
2023-11-09 03:00:00,3.3727,100.646,1.4947
2023-11-09 04:00:00,3.5697,104.011,6.9564
2023-11-09 05:00:00,3.8198,109.959,6.0755
2023-11-09 06:00:00,3.8627,112.516,2.7788
2023-11-09 07:00:00,3.5769,104.749,1.801
2023-11-09 08:00:00,3.4738,101.206,1.7056
2023-11-09 09:00:00,3.2764,99.723,1.3811
2023-11-09 10:00:00,3.0676,95.021,1.2412
2023-11-09 11:00:00,3.3819,98.85,9.2243
2023-11-09 12:00:00,3.0597,96.138,1.462
2023-11-09 13:00:00,2.8016,90.214,0.3599
2023-11-09 14:00:00,2.652,89.604,2.1698
2023-11-09 15:00:00,2.6356,85.389,3.7338
2023-11-09 16:00:00,2.5723,85.018,0.5008
2023-11-09 17:00:00,2.6153,87.669,3.1899
2023-11-09 18:00:00,2.5606,87.067,3.722
2023-11-09 19:00:00,2.575,87.355,1.4386
2023-11-09 20:00:00,2.6388,87.948,2.7015
2023-11-09 21:00:00,2.593,88.704,0.1204
2023-11-09 22:00:00,2.7934,90.448,8.9242
2023-11-09 23:00:00,2.9884,93.941,2.8361
2023-11-10 00:00:00,3.0746,98.579,3.058
2023-11-10 01:00:00,3.203,96.044,5.0534
2023-11-10 02:00:00,3.2092,99.249,0.1214
2023-11-10 03:00:00,3.3809,100.635,3.6048
2023-11-10 04:00:00,3.4241,102.504,6.1929
2023-11-10 05:00:00,3.3608,99.679,0.3282
2023-11-10 06:00:00,3.4104,100.872,2.4912
2023-11-10 07:00:00,3.3437,100.67,0.0216
2023-11-10 08:00:00,3.1004,94.534,0.0827
2023-11-10 09:00:00,3.0218,93.719,2.6395
2023-11-10 10:00:00,2.8539,89.893,1.7976
2023-11-10 11:00:00,2.8862,91.469,4.1239
2023-11-10 12:00:00,2.8447,90.119,3.239
2023-11-10 13:00:00,2.6795,88.898,1.4229
2023-11-10 14:00:00,2.6672,87.172,2.0087
2023-11-10 15:00:00,2.4911,85.337,3.2506
2023-11-10 16:00:00,2.3209,81.149,0.2863
2023-11-10 17:00:00,2.2318,80.077,1.1058
2023-11-10 18:00:00,2.2752,79.696,0.1705
2023-11-10 19:00:00,2.1017,76.937,0.7322
2023-11-10 20:00:00,2.6602,87.374,10.5173
2023-11-10 21:00:00,2.6894,89.438,1.6905
2023-11-10 22:00:00,2.8544,90.669,1.7096
2023-11-10 23:00:00,2.7186,87.084,0.1317
2023-11-11 00:00:00,2.6794,88.295,2.3074
2023-11-11 01:00:00,3.1279,96.141,7.3076
2023-11-11 02:00:00,3.2233,95.936,5.2318
2023-11-11 03:00:00,3.2011,97.171,0.7339
2023-11-11 04:00:00,3.2356,96.194,1.4912
2023-11-11 05:00:00,3.7811,108.079,11.2549
2023-11-11 06:00:00,4.1022,113.814,11.1059
2023-11-11 07:00:00,3.9392,111.975,2.852
2023-11-11 08:00:00,3.7256,109.033,4.0379
2023-11-11 09:00:00,4.1137,115.748,7.5002
2023-11-11 10:00:00,4.149,116.087,8.5659
2023-11-11 11:00:00,3.7415,108.536,0.4603
2023-11-11 12:00:00,3.8498,110.607,6.3868
2023-11-11 13:00:00,3.5035,105.497,2.5246
2023-11-11 14:00:00,3.1413,96.576,2.7908
2023-11-11 15:00:00,2.911,93.128,1.5566
2023-11-11 16:00:00,3.0198,94.794,0.929
2023-11-11 17:00:00,2.7089,88.499,1.8183
2023-11-11 18:00:00,2.4649,85.52,1.2446
2023-11-11 19:00:00,2.4132,83.287,0.5648
2023-11-11 20:00:00,2.3411,81.566,0.0024
2023-11-11 21:00:00,2.3409,83.767,1.4993
2023-11-11 22:00:00,2.4135,83.963,1.9111
2023-11-11 23:00:00,2.753,90.091,4.0772
2023-11-12 00:00:00,2.7694,91.35,1.6819
2023-11-12 01:00:00,2.8364,90.833,3.0518
2023-11-12 02:00:00,2.7652,87.72,0.0805
2023-11-12 03:00:00,2.8076,90.74,0.2494
2023-11-12 04:00:00,2.9374,93.065,2.2365
2023-11-12 05:00:00,3.5238,100.444,9.7434
2023-11-12 06:00:00,3.4499,101.526,3.233
2023-11-12 07:00:00,3.4448,100.901,3.8545
2023-11-12 08:00:00,3.3236,99.629,0.0571
2023-11-12 09:00:00,3.1637,97.747,2.851
2023-11-12 10:00:00,3.1322,96.489,3.5472
2023-11-12 11:00:00,2.9575,93.657,1.6378
2023-11-12 12:00:00,2.8617,91.15,3.8196
2023-11-12 13:00:00,2.9705,94.62,5.6565
2023-11-12 14:00:00,3.1499,96.531,7.0118
2023-11-12 15:00:00,2.7644,87.351,0.5418
2023-11-12 16:00:00,3.3086,98.587,12.8377
2023-11-12 17:00:00,3.0343,94.707,0.3337
2023-11-12 18:00:00,3.2236,98.723,7.2166
2023-11-12 19:00:00,3.5439,103.824,8.2924
2023-11-12 20:00:00,3.4517,104.182,8.1778
2023-11-12 21:00:00,3.4529,101.756,3.1795
2023-11-12 22:00:00,3.7376,107.276,9.2807
2023-11-12 23:00:00,3.9861,110.585,3.1751
2023-11-13 00:00:00,3.8839,108.933,3.5866
2023-11-13 01:00:00,3.6899,103.498,1.4933
2023-11-13 02:00:00,3.6162,105.393,4.103
2023-11-13 03:00:00,4.0212,114.169,4.791
2023-11-13 04:00:00,3.7709,105.123,0.5132
2023-11-13 05:00:00,4.0193,113.104,6.0012
2023-11-13 06:00:00,4.2711,116.954,10.3753
2023-11-13 07:00:00,4.1982,116.956,3.2038
2023-11-13 08:00:00,3.927,109.247,2.0301
2023-11-13 09:00:00,3.8339,108.796,1.6603
2023-11-13 10:00:00,3.5333,103.923,1.8472
2023-11-13 11:00:00,3.783,109.129,10.0559
2023-11-13 12:00:00,3.4645,103.959,0.4063
2023-11-13 13:00:00,3.2736,99.519,2.4165
2023-11-13 14:00:00,2.9308,93.902,0.5286
2023-11-13 15:00:00,2.8398,90.939,1.1713
2023-11-13 16:00:00,2.5693,88.068,0.6587
2023-11-13 17:00:00,2.6775,86.959,2.891
2023-11-13 18:00:00,2.494,84.637,1.3879
2023-11-13 19:00:00,2.3266,79.413,0.7715
2023-11-13 20:00:00,2.3785,84.133,2.5858
2023-11-13 21:00:00,2.3307,80.865,0.3361
2023-11-13 22:00:00,2.3869,83.112,0.0276
2023-11-13 23:00:00,2.4778,82.313,2.8965
2023-11-14 00:00:00,2.5586,85.385,2.1852
2023-11-14 01:00:00,3.0367,95.024,10.3691
2023-11-14 02:00:00,3.2031,97.491,1.4171
2023-11-14 03:00:00,3.1979,98.391,1.5275
2023-11-14 04:00:00,3.4783,100.394,7.7074
2023-11-14 05:00:00,3.4823,101.847,2.3139
2023-11-14 06:00:00,3.5421,103.733,3.4137
2023-11-14 07:00:00,3.4931,102.294,1.0274
2023-11-14 08:00:00,3.2739,97.868,1.553
2023-11-14 09:00:00,3.3847,102.305,3.0853
2023-11-14 10:00:00,3.057,95.531,1.8543
2023-11-14 11:00:00,3.0108,93.319,0.8791
2023-11-14 12:00:00,2.7221,88.1,1.8744
2023-11-14 13:00:00,2.7396,91.606,3.2321
2023-11-14 14:00:00,2.7749,89.137,4.0496
2023-11-14 15:00:00,2.503,84.247,1.2405
2023-11-14 16:00:00,2.7481,90.33,5.5843
2023-11-14 17:00:00,2.4836,84.98,2.562
2023-11-14 18:00:00,2.6371,88.471,1.7351
2023-11-14 19:00:00,2.5588,87.391,3.2673
2023-11-14 20:00:00,2.5682,85.199,2.4083
2023-11-14 21:00:00,2.7887,90.87,5.4626
2023-11-14 22:00:00,2.8906,93.371,2.3761
2023-11-14 23:00:00,3.1046,97.165,8.1198
2023-11-15 00:00:00,3.0702,94.143,0.0537
2023-11-15 01:00:00,3.2467,96.866,3.973
2023-11-15 02:00:00,3.1021,95.262,0.1322
2023-11-15 03:00:00,3.2845,98.609,3.8667
2023-11-15 04:00:00,3.3031,99.327,2.1627
2023-11-15 05:00:00,3.2485,98.956,0.7572
2023-11-15 06:00:00,3.0431,92.926,2.5664
2023-11-15 07:00:00,3.2248,98.088,1.6811
2023-11-15 08:00:00,3.0146,96.411,4.3876
2023-11-15 09:00:00,3.215,96.102,0.3094
2023-11-15 10:00:00,2.9332,91.736,1.0878
2023-11-15 11:00:00,2.8551,89.939,3.0101
2023-11-15 12:00:00,2.6157,89.988,0.4142
2023-11-15 13:00:00,2.5087,86.773,0.7984
2023-11-15 14:00:00,2.6621,88.885,4.0485
2023-11-15 15:00:00,2.373,82.895,2.8242
2023-11-15 16:00:00,2.3758,85.251,0.5905
2023-11-15 17:00:00,2.2683,82.171,0.7743
2023-11-15 18:00:00,2.17,82.085,1.3866
2023-11-15 19:00:00,2.6086,88.424,7.7977
2023-11-15 20:00:00,2.4517,82.885,1.0886
2023-11-15 21:00:00,2.4532,85.657,0.1212
2023-11-15 22:00:00,2.3881,83.143,1.925
2023-11-15 23:00:00,2.5938,87.362,2.1025
2023-11-16 00:00:00,2.7763,90.871,4.0048
2023-11-16 01:00:00,2.8414,89.461,2.5586
2023-11-16 02:00:00,3.0383,96.51,1.905
2023-11-16 03:00:00,3.1095,95.082,0.5799
2023-11-16 04:00:00,2.9701,92.964,2.2833
2023-11-16 05:00:00,3.8411,109.203,12.8165
2023-11-16 06:00:00,3.6294,106.913,0.7253
2023-11-16 07:00:00,3.3254,98.68,0.0227
2023-11-16 08:00:00,3.146,96.0,0.7958
2023-11-16 09:00:00,3.1421,97.104,1.8993
2023-11-16 10:00:00,3.2075,98.614,4.3359
2023-11-16 11:00:00,3.0696,96.783,3.2439
2023-11-16 12:00:00,2.8093,90.402,0.1989
2023-11-16 13:00:00,2.7439,89.369,1.517
2023-11-16 14:00:00,2.6396,88.261,6.2072
2023-11-16 15:00:00,2.6247,88.286,1.1606
2023-11-16 16:00:00,2.4274,82.133,0.1973
2023-11-16 17:00:00,2.1173,77.708,0.7954
2023-11-16 18:00:00,2.2643,80.457,0.1699
2023-11-16 19:00:00,3.1181,97.087,19.0122
2023-11-16 20:00:00,3.3809,99.541,8.8966
2023-11-16 21:00:00,3.0635,93.597,0.2709
2023-11-16 22:00:00,3.0456,94.59,0.162
2023-11-16 23:00:00,3.2026,97.684,3.0993
2023-11-17 00:00:00,3.2536,98.534,0.3811
2023-11-17 01:00:00,3.7049,105.113,11.3059
2023-11-17 02:00:00,3.7097,105.937,5.9495
2023-11-17 03:00:00,3.6621,106.986,1.9113
2023-11-17 04:00:00,3.5146,101.874,1.8344
2023-11-17 05:00:00,3.8942,110.831,7.4483
2023-11-17 06:00:00,3.7793,108.023,4.4227
2023-11-17 07:00:00,3.6071,105.834,1.0839
2023-11-17 08:00:00,3.8966,109.038,6.3579
2023-11-17 09:00:00,3.9173,109.6,4.0173
2023-11-17 10:00:00,3.9018,112.48,6.2941
2023-11-17 11:00:00,3.6234,104.56,1.8552
2023-11-17 12:00:00,3.4006,100.813,2.7301
2023-11-17 13:00:00,3.2002,97.755,1.3532
2023-11-17 14:00:00,2.9741,92.398,1.2787
2023-11-17 15:00:00,2.7084,87.649,1.2386
2023-11-17 16:00:00,2.8123,90.306,4.7517
2023-11-17 17:00:00,3.2473,97.559,10.6838
2023-11-17 18:00:00,3.0906,94.966,1.825
2023-11-17 19:00:00,2.8844,90.541,4.1214
2023-11-17 20:00:00,2.7641,89.38,1.1833
2023-11-17 21:00:00,2.8647,91.985,3.3332
2023-11-17 22:00:00,2.9462,92.049,0.6242
2023-11-17 23:00:00,2.938,93.784,0.7336
2023-11-18 00:00:00,3.0036,91.889,2.6364
2023-11-18 01:00:00,3.0199,95.711,4.2604
2023-11-18 02:00:00,3.2565,99.632,2.4714
2023-11-18 03:00:00,3.0917,94.56,0.4965
2023-11-18 04:00:00,3.1485,96.036,1.3117
2023-11-18 05:00:00,3.2711,98.731,1.2501
2023-11-18 06:00:00,3.1146,94.974,0.8636
2023-11-18 07:00:00,3.2609,98.001,5.0707
2023-11-18 08:00:00,3.0148,95.435,0.8057
2023-11-18 09:00:00,3.2571,98.298,5.1886
2023-11-18 10:00:00,3.0675,94.589,1.3406
2023-11-18 11:00:00,2.8055,88.996,1.4893
2023-11-18 12:00:00,3.0662,95.125,9.591
2023-11-18 13:00:00,3.1303,96.341,4.4414
2023-11-18 14:00:00,2.8132,87.708,2.5572
2023-11-18 15:00:00,2.7307,89.197,1.5634
2023-11-18 16:00:00,2.527,85.61,0.5302
2023-11-18 17:00:00,2.5381,85.107,2.227
2023-11-18 18:00:00,2.4931,84.306,2.1851
2023-11-18 19:00:00,2.4029,82.15,1.2291
2023-11-18 20:00:00,2.2374,81.7,1.4733
2023-11-18 21:00:00,2.2498,83.201,0.0968
2023-11-18 22:00:00,2.4091,84.085,2.1155
2023-11-18 23:00:00,2.4719,85.387,0.2902
2023-11-19 00:00:00,2.5603,84.989,0.5677
2023-11-19 01:00:00,2.7742,89.36,2.9424
2023-11-19 02:00:00,2.8997,93.252,4.8943
2023-11-19 03:00:00,3.0025,93.138,0.8207
2023-11-19 04:00:00,3.7187,105.248,13.5386
2023-11-19 05:00:00,3.519,103.356,0.5727
2023-11-19 06:00:00,3.4323,100.552,0.8826
2023-11-19 07:00:00,3.2935,99.186,0.0254
2023-11-19 08:00:00,3.1922,98.848,3.1429
2023-11-19 09:00:00,3.1515,95.102,0.3347
2023-11-19 10:00:00,3.0235,93.788,3.163
2023-11-19 11:00:00,2.8125,90.955,1.0437
2023-11-19 12:00:00,2.7457,90.842,2.0398
2023-11-19 13:00:00,2.6846,87.373,3.5238
2023-11-19 14:00:00,2.6032,86.677,0.5427
2023-11-19 15:00:00,2.4148,82.402,2.6663
2023-11-19 16:00:00,2.4838,87.434,1.3775
2023-11-19 17:00:00,2.2204,78.609,2.0875
2023-11-19 18:00:00,2.5628,84.879,5.4464
2023-11-19 19:00:00,2.4518,81.872,1.3418
2023-11-19 20:00:00,2.2975,81.454,0.1655
2023-11-19 21:00:00,2.4667,83.14,3.9692
2023-11-19 22:00:00,2.8724,90.482,5.901
2023-11-19 23:00:00,3.1081,95.629,5.1084
2023-11-20 00:00:00,3.0526,92.659,1.9975
2023-11-20 01:00:00,3.1021,95.275,2.7494
2023-11-20 02:00:00,3.1148,97.679,0.2988
2023-11-20 03:00:00,3.1973,97.946,2.4458
2023-11-20 04:00:00,3.0835,95.514,2.751
2023-11-20 05:00:00,3.7881,108.179,12.5321
2023-11-20 06:00:00,3.7274,107.913,1.6136
2023-11-20 07:00:00,3.8505,108.78,8.5209
2023-11-20 08:00:00,3.5071,104.388,0.0771
2023-11-20 09:00:00,3.4833,102.994,0.9655
2023-11-20 10:00:00,3.2136,98.89,0.8958
2023-11-20 11:00:00,3.5756,103.214,12.8751
2023-11-20 12:00:00,3.3258,101.091,0.4706
2023-11-20 13:00:00,3.2162,98.217,1.4286
2023-11-20 14:00:00,2.9221,93.05,2.4181
2023-11-20 15:00:00,3.0535,96.018,5.4843
2023-11-20 16:00:00,3.0147,95.99,4.2066
2023-11-20 17:00:00,2.8718,91.096,1.0311
2023-11-20 18:00:00,2.6447,87.434,0.3544
2023-11-20 19:00:00,2.5985,84.817,2.3841
2023-11-20 20:00:00,2.7984,88.591,6.3523
2023-11-20 21:00:00,2.6361,87.692,0.1051
2023-11-20 22:00:00,2.9774,92.886,5.0093
2023-11-20 23:00:00,3.0057,93.167,2.1526
2023-11-21 00:00:00,3.0455,97.516,4.7279
2023-11-21 01:00:00,3.2154,97.309,1.4593
2023-11-21 02:00:00,3.3347,99.727,5.909
2023-11-21 03:00:00,3.6103,103.938,4.9845
2023-11-21 04:00:00,3.652,106.686,3.6631
2023-11-21 05:00:00,3.586,105.504,1.2602
2023-11-21 06:00:00,3.4092,102.084,0.6718
2023-11-21 07:00:00,3.6167,105.71,6.9039
2023-11-21 08:00:00,3.367,102.71,1.3343
2023-11-21 09:00:00,3.7075,106.999,9.743
2023-11-21 10:00:00,3.5532,105.039,2.9105
2023-11-21 11:00:00,3.3336,100.717,1.336
2023-11-21 12:00:00,3.2234,98.186,1.6001
2023-11-21 13:00:00,3.0438,94.982,3.8824
2023-11-21 14:00:00,2.9541,94.588,3.7652
2023-11-21 15:00:00,3.4487,102.969,14.0661
2023-11-21 16:00:00,3.4443,101.042,2.6198
2023-11-21 17:00:00,3.0157,93.795,1.5204
2023-11-21 18:00:00,3.0649,95.451,6.6549
2023-11-21 19:00:00,2.9978,94.05,1.8761
2023-11-21 20:00:00,2.9734,94.417,1.0178
2023-11-21 21:00:00,2.7817,89.718,1.0216
2023-11-21 22:00:00,2.8177,89.481,0.0644
2023-11-21 23:00:00,2.8871,90.437,2.3305
2023-11-22 00:00:00,3.0001,92.788,4.5166
2023-11-22 01:00:00,3.0795,95.472,2.4368
2023-11-22 02:00:00,3.7858,107.584,11.5603
2023-11-22 03:00:00,3.5953,104.866,0.5769
2023-11-22 04:00:00,3.5378,103.279,1.3436
2023-11-22 05:00:00,3.6094,103.72,1.7441
2023-11-22 06:00:00,3.3194,100.873,0.2027
2023-11-22 07:00:00,3.4207,101.259,4.4073
2023-11-22 08:00:00,3.3515,101.346,0.404
2023-11-22 09:00:00,3.479,101.779,7.4897
2023-11-22 10:00:00,3.2093,97.8,1.8279
2023-11-22 11:00:00,2.9543,92.311,0.5619
2023-11-22 12:00:00,2.8978,90.053,0.3578
2023-11-22 13:00:00,2.7639,89.808,0.8493
2023-11-22 14:00:00,2.362,84.056,0.2456
2023-11-22 15:00:00,2.3544,83.198,3.5108
2023-11-22 16:00:00,2.1793,80.287,1.0317
2023-11-22 17:00:00,2.2797,83.274,1.09
2023-11-22 18:00:00,2.1036,77.489,0.6769
2023-11-22 19:00:00,2.3197,80.903,5.2737
2023-11-22 20:00:00,2.5966,87.619,4.3509
2023-11-22 21:00:00,2.8547,91.328,6.6913
2023-11-22 22:00:00,2.6634,87.152,0.2013
2023-11-22 23:00:00,2.6425,86.339,0.1383
2023-11-23 00:00:00,2.7589,90.324,2.2354
2023-11-23 01:00:00,2.8884,92.34,1.0624
2023-11-23 02:00:00,2.927,92.63,1.5689
2023-11-23 03:00:00,3.0016,92.673,4.4058
2023-11-23 04:00:00,3.6455,106.666,11.1917
2023-11-23 05:00:00,3.6139,105.997,0.3114
2023-11-23 06:00:00,3.6689,107.556,5.4885
2023-11-23 07:00:00,3.7135,106.268,5.8754
2023-11-23 08:00:00,3.7532,108.277,5.2751
2023-11-23 09:00:00,3.5358,103.948,0.5247
2023-11-23 10:00:00,3.1705,96.765,0.4292
2023-11-23 11:00:00,3.0145,93.002,1.8377
2023-11-23 12:00:00,3.0502,96.57,4.3356
2023-11-23 13:00:00,3.19,98.157,6.299
2023-11-23 14:00:00,2.8759,93.918,0.1114
2023-11-23 15:00:00,2.9186,91.292,4.8031
2023-11-23 16:00:00,2.7816,90.167,2.2879
2023-11-23 17:00:00,2.6098,88.61,1.6989
2023-11-23 18:00:00,2.5213,86.652,0.0656
2023-11-23 19:00:00,2.4598,84.12,0.1444
2023-11-23 20:00:00,2.2755,84.476,1.011
2023-11-23 21:00:00,2.6197,87.168,3.9933
2023-11-23 22:00:00,2.4852,84.291,0.5686
2023-11-23 23:00:00,2.5636,84.781,2.2058
2023-11-24 00:00:00,2.7452,88.934,2.138
2023-11-24 01:00:00,2.7772,88.624,0.6857
2023-11-24 02:00:00,2.8168,91.722,1.5618
2023-11-24 03:00:00,3.1281,94.481,6.4968
2023-11-24 04:00:00,3.2277,98.563,1.8409
2023-11-24 05:00:00,3.2937,99.102,4.5463
2023-11-24 06:00:00,3.5433,103.855,7.1296
2023-11-24 07:00:00,3.5449,103.419,2.6849
2023-11-24 08:00:00,3.3754,102.865,1.1271
2023-11-24 09:00:00,3.506,102.427,7.0671
2023-11-24 10:00:00,3.2744,98.89,1.4498
2023-11-24 11:00:00,3.2246,98.22,3.1176
2023-11-24 12:00:00,3.0746,93.6,2.3196
2023-11-24 13:00:00,2.9908,96.418,3.9667
2023-11-24 14:00:00,3.1378,97.552,5.3597
2023-11-24 15:00:00,2.8455,92.006,1.4484
2023-11-24 16:00:00,3.0755,95.981,8.2968
2023-11-24 17:00:00,3.1299,96.397,4.6588
2023-11-24 18:00:00,3.0326,94.654,3.5404
2023-11-24 19:00:00,2.8253,87.681,1.9634
2023-11-24 20:00:00,2.7023,89.683,0.4518
2023-11-24 21:00:00,3.6994,106.557,19.4804
2023-11-24 22:00:00,3.7134,105.942,2.7655
2023-11-24 23:00:00,3.5928,103.144,4.1147
2023-11-25 00:00:00,3.7566,108.055,2.2314
2023-11-25 01:00:00,3.782,107.239,6.8838
2023-11-25 02:00:00,3.7036,104.025,0.3722
2023-11-25 03:00:00,3.696,105.348,1.6692
2023-11-25 04:00:00,3.7013,108.604,1.3736
2023-11-25 05:00:00,3.4529,101.15,0.3682
2023-11-25 06:00:00,3.5323,105.529,3.4706
2023-11-25 07:00:00,3.3223,98.626,0.0447
2023-11-25 08:00:00,3.543,104.46,4.6282
2023-11-25 09:00:00,3.4303,101.944,3.6371
2023-11-25 10:00:00,3.1489,97.941,0.8537
2023-11-25 11:00:00,3.262,98.702,6.041
2023-11-25 12:00:00,3.2805,97.852,6.6904
2023-11-25 13:00:00,3.6312,104.96,11.1693
2023-11-25 14:00:00,3.3608,99.68,0.7681
2023-11-25 15:00:00,3.4527,101.544,9.7782
2023-11-25 16:00:00,3.2016,99.145,1.4812
2023-11-25 17:00:00,3.3369,99.476,7.926
2023-11-25 18:00:00,3.2841,98.438,3.3822
2023-11-25 19:00:00,2.9568,92.49,0.4395
2023-11-25 20:00:00,3.5631,103.76,14.3796
2023-11-25 21:00:00,3.4123,103.324,0.01
2023-11-25 22:00:00,3.1513,95.753,1.4461
2023-11-25 23:00:00,3.6446,106.876,5.0752
2023-11-26 00:00:00,3.5976,105.547,2.9656
2023-11-26 01:00:00,3.4174,100.915,3.1485
2023-11-26 02:00:00,3.6253,107.334,1.4945
2023-11-26 03:00:00,3.3546,102.477,0.7053
2023-11-26 04:00:00,3.3711,99.431,1.7461
2023-11-26 05:00:00,3.3321,101.552,2.4294
2023-11-26 06:00:00,3.5827,103.858,6.9952
2023-11-26 07:00:00,3.7804,108.909,3.827
2023-11-26 08:00:00,3.5722,104.914,2.2449
2023-11-26 09:00:00,3.5056,102.411,4.506
2023-11-26 10:00:00,4.1637,114.902,18.1707
2023-11-26 11:00:00,4.0359,111.997,7.129
2023-11-26 12:00:00,3.9835,112.31,3.1201
2023-11-26 13:00:00,3.9184,109.446,5.3216
2023-11-26 14:00:00,3.5998,105.125,2.5874
2023-11-26 15:00:00,3.3758,102.26,1.96
2023-11-26 16:00:00,3.6929,107.779,11.3539
2023-11-26 17:00:00,3.5639,104.541,2.5517
2023-11-26 18:00:00,2.9635,94.575,1.0069
2023-11-26 19:00:00,3.0209,95.597,2.1628
2023-11-26 20:00:00,2.9122,91.146,0.4885
2023-11-26 21:00:00,2.9465,93.258,1.6151
2023-11-26 22:00:00,2.9825,94.231,0.709
2023-11-26 23:00:00,2.8331,90.27,1.0455
2023-11-27 00:00:00,2.8706,90.736,1.3251
2023-11-27 01:00:00,3.0381,93.411,1.7135
2023-11-27 02:00:00,2.8839,91.27,1.4788
2023-11-27 03:00:00,2.8978,93.231,0.8236
2023-11-27 04:00:00,3.0503,93.986,0.262
2023-11-27 05:00:00,3.1022,95.988,2.7842
2023-11-27 06:00:00,3.3454,99.033,5.6294
2023-11-27 07:00:00,3.3151,99.551,2.6463
2023-11-27 08:00:00,3.2663,99.617,4.127
2023-11-27 09:00:00,3.4865,102.856,2.6975
2023-11-27 10:00:00,3.2297,96.035,3.2398
2023-11-27 11:00:00,2.8222,91.196,0.001
2023-11-27 12:00:00,2.6906,88.067,2.8394
2023-11-27 13:00:00,2.5386,86.285,0.1966
2023-11-27 14:00:00,2.8122,88.692,7.0506
2023-11-27 15:00:00,3.0994,94.494,9.0471
2023-11-27 16:00:00,3.1486,96.589,3.9654
2023-11-27 17:00:00,2.7818,89.532,0.2925
2023-11-27 18:00:00,2.7312,90.564,6.7277
2023-11-27 19:00:00,2.997,93.795,5.4815
2023-11-27 20:00:00,2.8833,92.386,0.335
2023-11-27 21:00:00,3.0419,95.348,4.7791
2023-11-27 22:00:00,3.142,95.662,4.6007
2023-11-27 23:00:00,3.1929,98.265,2.7059
2023-11-28 00:00:00,3.5278,104.781,7.0492
2023-11-28 01:00:00,3.6295,104.521,5.3116
2023-11-28 02:00:00,3.9857,110.407,8.2754
2023-11-28 03:00:00,3.9689,113.007,3.9622
2023-11-28 04:00:00,4.1641,115.886,5.5785
2023-11-28 05:00:00,4.4539,122.868,9.4686
2023-11-28 06:00:00,4.3244,120.54,4.2571
2023-11-28 07:00:00,3.8778,110.096,0.4664
2023-11-28 08:00:00,4.1784,117.067,7.5252
2023-11-28 09:00:00,3.9306,113.228,2.8984
2023-11-28 10:00:00,3.6393,105.514,0.0986
2023-11-28 11:00:00,3.6503,107.543,4.0926
2023-11-28 12:00:00,3.4994,104.823,3.3934
2023-11-28 13:00:00,3.2592,97.992,0.4272
2023-11-28 14:00:00,3.0522,95.034,1.9085
2023-11-28 15:00:00,2.767,88.427,1.6247
2023-11-28 16:00:00,2.5049,82.168,0.4101
2023-11-28 17:00:00,2.4021,79.565,0.3473
2023-11-28 18:00:00,2.3207,80.061,1.5754
2023-11-28 19:00:00,2.2126,77.209,0.4797
2023-11-28 20:00:00,2.4768,85.499,3.2371
2023-11-28 21:00:00,2.5273,87.338,6.7301
2023-11-28 22:00:00,2.6876,90.691,1.0933
2023-11-28 23:00:00,2.8622,92.277,3.0132
2023-11-29 00:00:00,3.0477,93.748,3.8924
2023-11-29 01:00:00,3.1172,97.89,2.8229
2023-11-29 02:00:00,3.0419,97.961,0.0121
2023-11-29 03:00:00,3.2971,99.729,1.8322
2023-11-29 04:00:00,4.0733,113.716,20.2523
2023-11-29 05:00:00,4.3088,118.924,4.0531
2023-11-29 06:00:00,3.9285,110.99,0.0253
2023-11-29 07:00:00,3.8814,108.303,3.1566
2023-11-29 08:00:00,3.9424,108.473,5.6652
2023-11-29 09:00:00,3.8829,108.952,2.2636
2023-11-29 10:00:00,3.4522,100.887,0.0345
2023-11-29 11:00:00,3.2384,98.771,0.0357
2023-11-29 12:00:00,3.1454,96.036,3.8627
2023-11-29 13:00:00,2.9834,92.469,1.7691
2023-11-29 14:00:00,2.6884,89.545,3.1494
2023-11-29 15:00:00,2.712,89.366,1.8513
2023-11-29 16:00:00,2.4513,85.334,0.583
2023-11-29 17:00:00,2.6765,87.653,3.0676
2023-11-29 18:00:00,2.6028,87.441,1.5317
2023-11-29 19:00:00,2.4062,83.26,0.9943
2023-11-29 20:00:00,2.2136,80.263,1.2244
2023-11-29 21:00:00,2.3756,80.235,0.6543
2023-11-29 22:00:00,2.6098,87.437,2.8024
2023-11-29 23:00:00,3.1587,96.712,14.6127
2023-11-30 00:00:00,3.2685,100.318,1.6188
2023-11-30 01:00:00,3.4591,102.036,6.745
2023-11-30 02:00:00,3.514,103.401,2.5001
2023-11-30 03:00:00,3.5756,104.68,3.7598
2023-11-30 04:00:00,3.8796,110.129,12.7696
2023-11-30 05:00:00,4.0918,110.827,0.0582
2023-11-30 06:00:00,3.9119,107.906,0.7448
2023-11-30 07:00:00,3.9835,113.157,7.1812
2023-11-30 08:00:00,4.2983,118.799,10.3713
2023-11-30 09:00:00,4.18,117.208,3.7561
2023-11-30 10:00:00,3.6773,107.947,1.4524
2023-11-30 11:00:00,3.5473,102.166,0.0522
2023-11-30 12:00:00,3.2117,96.54,1.3734
2023-11-30 13:00:00,3.33,99.402,4.8417
2023-11-30 14:00:00,3.3414,99.309,9.6749
2023-11-30 15:00:00,3.7584,105.834,10.8475
2023-11-30 16:00:00,3.6645,105.679,6.945
2023-11-30 17:00:00,3.7563,107.564,2.9699
2023-11-30 18:00:00,3.4208,101.963,1.713
2023-11-30 19:00:00,3.6213,103.243,10.3413
2023-11-30 20:00:00,3.4448,102.978,1.2363
2023-11-30 21:00:00,3.5361,102.669,4.649
2023-11-30 22:00:00,4.2682,116.769,17.9612
2023-11-30 23:00:00,4.9738,131.137,18.0053
2023-12-01 00:00:00,4.6186,123.468,0.1427
2023-12-01 01:00:00,4.3362,117.049,0.2016
2023-12-01 02:00:00,4.1901,114.565,0.7636
2023-12-01 03:00:00,4.2303,116.197,4.1058
2023-12-01 04:00:00,4.9517,128.124,18.2359
2023-12-01 05:00:00,4.7896,124.741,5.9333
2023-12-01 06:00:00,4.6219,121.267,2.2944
2023-12-01 07:00:00,4.5155,123.347,1.8766
2023-12-01 08:00:00,4.3454,118.666,4.4295
2023-12-01 09:00:00,4.1198,114.114,3.1121
2023-12-01 10:00:00,4.1891,115.925,6.1259
2023-12-01 11:00:00,3.9661,112.268,2.0125
2023-12-01 12:00:00,3.5903,102.894,1.2665
2023-12-01 13:00:00,3.4951,104.313,4.8227
2023-12-01 14:00:00,3.6083,104.004,5.003
2023-12-01 15:00:00,3.3992,101.745,1.7842
2023-12-01 16:00:00,3.1158,95.07,2.1046
2023-12-01 17:00:00,3.063,96.026,4.9672
2023-12-01 18:00:00,2.983,94.196,0.2505
2023-12-01 19:00:00,2.9049,92.485,4.7117
2023-12-01 20:00:00,3.0893,95.762,3.642
2023-12-01 21:00:00,3.0102,94.726,0.637
2023-12-01 22:00:00,2.9755,91.151,1.8135
2023-12-01 23:00:00,2.9036,90.149,0.3683
2023-12-02 00:00:00,2.8705,91.799,1.4266
2023-12-02 01:00:00,3.3227,98.623,9.5402
2023-12-02 02:00:00,3.4512,102.649,4.6829
2023-12-02 03:00:00,3.6482,106.023,0.8681
2023-12-02 04:00:00,4.3312,115.556,17.0618
2023-12-02 05:00:00,4.1019,113.539,1.4804
2023-12-02 06:00:00,3.984,112.475,1.986
2023-12-02 07:00:00,4.5815,123.013,15.9372
2023-12-02 08:00:00,4.3144,116.698,2.4274
2023-12-02 09:00:00,4.1168,115.477,0.0128
2023-12-02 10:00:00,3.6161,103.58,0.8904
2023-12-02 11:00:00,3.7543,106.751,6.639
2023-12-02 12:00:00,3.9557,112.64,6.3419
2023-12-02 13:00:00,3.4499,103.215,0.0434
2023-12-02 14:00:00,3.1141,94.01,1.3147
2023-12-02 15:00:00,2.9671,92.736,2.6583
2023-12-02 16:00:00,3.6801,106.468,16.9877
2023-12-02 17:00:00,3.4026,101.984,1.7493
2023-12-02 18:00:00,3.2317,95.909,0.4804
2023-12-02 19:00:00,3.3293,99.928,8.4138
2023-12-02 20:00:00,3.288,98.436,2.9255
2023-12-02 21:00:00,3.2753,99.623,0.4038
2023-12-02 22:00:00,3.4696,102.646,5.7495
2023-12-02 23:00:00,3.3073,99.374,0.7429
2023-12-03 00:00:00,3.5757,104.066,6.1172
2023-12-03 01:00:00,3.6635,106.083,5.6815
2023-12-03 02:00:00,3.8806,108.972,5.0982
2023-12-03 03:00:00,3.783,107.992,2.8755
2023-12-03 04:00:00,4.3278,115.787,15.4327
2023-12-03 05:00:00,4.1975,115.135,0.5889
2023-12-03 06:00:00,4.5793,122.905,9.9928
2023-12-03 07:00:00,4.9338,127.864,12.9656
2023-12-03 08:00:00,5.1294,130.916,11.9468
2023-12-03 09:00:00,4.9335,129.753,3.4821
2023-12-03 10:00:00,4.4998,119.164,2.2952
2023-12-03 11:00:00,4.7865,128.89,12.0581
2023-12-03 12:00:00,4.8717,128.725,10.8646
2023-12-03 13:00:00,4.574,122.614,5.8053
2023-12-03 14:00:00,4.3963,117.78,4.3376
2023-12-03 15:00:00,3.9612,110.388,1.7406
2023-12-03 16:00:00,3.6608,104.406,0.1693
2023-12-03 17:00:00,3.2782,98.425,0.1552
2023-12-03 18:00:00,3.0078,93.178,1.0473
2023-12-03 19:00:00,3.3863,100.819,6.8116
2023-12-03 20:00:00,3.4788,101.092,7.9603
2023-12-03 21:00:00,3.5748,102.852,5.6703
2023-12-03 22:00:00,3.6472,104.343,2.3099
2023-12-03 23:00:00,3.4768,103.603,0.0722
2023-12-04 00:00:00,3.6833,105.978,5.2696
2023-12-04 01:00:00,3.5249,103.87,0.2104
2023-12-04 02:00:00,3.6095,104.646,4.7178
2023-12-04 03:00:00,3.6267,104.446,0.888
2023-12-04 04:00:00,3.6795,105.197,2.9232
2023-12-04 05:00:00,3.9708,110.283,6.576
2023-12-04 06:00:00,3.7899,107.405,2.1564
2023-12-04 07:00:00,3.8023,107.525,2.461
2023-12-04 08:00:00,3.8608,109.576,9.9394
2023-12-04 09:00:00,3.8761,110.692,1.727
2023-12-04 10:00:00,3.5544,102.869,1.1443
2023-12-04 11:00:00,4.0431,110.481,12.4296
2023-12-04 12:00:00,3.72,107.832,0.3469
2023-12-04 13:00:00,3.2345,97.149,0.4956
2023-12-04 14:00:00,3.3166,99.987,6.0836
2023-12-04 15:00:00,3.1484,95.664,0.3448
2023-12-04 16:00:00,2.8957,90.917,2.2715
2023-12-04 17:00:00,2.9154,93.41,5.8875
2023-12-04 18:00:00,3.4676,101.995,11.5295
2023-12-04 19:00:00,3.2585,99.064,3.5779
2023-12-04 20:00:00,3.0462,94.011,0.7746
2023-12-04 21:00:00,3.1501,97.458,0.4119
2023-12-04 22:00:00,3.0939,95.724,3.0186
2023-12-04 23:00:00,3.0809,94.697,0.078
2023-12-05 00:00:00,3.2761,98.825,5.3996
2023-12-05 01:00:00,3.2736,98.994,1.5384
2023-12-05 02:00:00,3.2602,98.689,0.6293
2023-12-05 03:00:00,3.6479,105.855,8.5155
2023-12-05 04:00:00,3.6664,106.973,2.3016
2023-12-05 05:00:00,3.7581,106.633,4.9728
2023-12-05 06:00:00,3.5475,104.63,0.3012
2023-12-05 07:00:00,3.629,104.321,3.7538
2023-12-05 08:00:00,3.331,99.493,1.0668
2023-12-05 09:00:00,3.606,103.274,7.1874
2023-12-05 10:00:00,3.8602,108.868,10.1903
2023-12-05 11:00:00,3.5408,102.216,0.1812
2023-12-05 12:00:00,3.6337,105.849,4.0843
2023-12-05 13:00:00,3.5194,103.202,8.6083
2023-12-05 14:00:00,3.4987,102.832,7.405
2023-12-05 15:00:00,3.5096,102.32,1.8402
2023-12-05 16:00:00,3.392,101.368,4.8115
2023-12-05 17:00:00,3.25,95.546,4.1708
2023-12-05 18:00:00,3.2782,99.55,4.9916
2023-12-05 19:00:00,3.1566,96.718,1.8958
2023-12-05 20:00:00,3.3725,98.043,5.1467
2023-12-05 21:00:00,3.1307,95.101,0.2054
2023-12-05 22:00:00,3.3519,100.068,3.5552
2023-12-05 23:00:00,3.4203,101.056,4.151
2023-12-06 00:00:00,3.2852,97.266,0.3864
2023-12-06 01:00:00,3.2526,99.749,1.3972
2023-12-06 02:00:00,3.3071,98.747,2.1459
2023-12-06 03:00:00,3.7934,106.68,10.6769
2023-12-06 04:00:00,3.7927,108.231,6.4376
2023-12-06 05:00:00,4.0176,111.845,0.3038
2023-12-06 06:00:00,3.9768,110.526,5.7342
2023-12-06 07:00:00,4.2869,117.002,9.4012
2023-12-06 08:00:00,4.0705,113.054,3.104
2023-12-06 09:00:00,3.7951,110.308,2.0775
2023-12-06 10:00:00,3.9143,110.359,6.1627
2023-12-06 11:00:00,3.6531,105.803,0.1405
2023-12-06 12:00:00,3.6977,107.121,7.1549
2023-12-06 13:00:00,3.2945,98.888,1.7278
2023-12-06 14:00:00,3.1448,97.123,2.0587
2023-12-06 15:00:00,3.7816,106.888,14.9271
2023-12-06 16:00:00,3.3246,99.827,0.3696
2023-12-06 17:00:00,3.3261,99.037,3.3516
2023-12-06 18:00:00,3.0319,95.826,0.279
2023-12-06 19:00:00,3.6517,106.363,14.3248
2023-12-06 20:00:00,4.0574,112.713,11.9964
2023-12-06 21:00:00,3.8172,108.089,4.1935
2023-12-06 22:00:00,4.1981,115.144,10.9059
2023-12-06 23:00:00,4.4255,121.154,6.8306
2023-12-07 00:00:00,4.2905,117.477,4.7435
2023-12-07 01:00:00,4.2426,115.258,1.9461
2023-12-07 02:00:00,4.3117,117.967,2.0453
2023-12-07 03:00:00,4.2432,117.371,6.4291
2023-12-07 04:00:00,4.3229,117.942,3.9035
2023-12-07 05:00:00,4.2889,115.385,1.3352
2023-12-07 06:00:00,4.0704,113.371,2.8961
2023-12-07 07:00:00,4.221,115.302,7.8713
2023-12-07 08:00:00,4.2607,117.052,6.4172
2023-12-07 09:00:00,3.8993,112.211,0.2704
2023-12-07 10:00:00,3.7802,107.975,0.8632
2023-12-07 11:00:00,3.7617,107.487,7.2447
2023-12-07 12:00:00,3.4203,101.641,2.7181
2023-12-07 13:00:00,3.3875,99.792,0.9706
2023-12-07 14:00:00,3.1304,97.01,0.3395
2023-12-07 15:00:00,2.9928,95.723,2.2628
2023-12-07 16:00:00,2.9352,95.417,4.2679
2023-12-07 17:00:00,2.7686,91.576,1.8899
2023-12-07 18:00:00,2.7488,90.127,2.1574
2023-12-07 19:00:00,2.7572,91.058,2.4428
2023-12-07 20:00:00,2.8399,92.726,5.6612
2023-12-07 21:00:00,3.1019,97.343,3.9822
2023-12-07 22:00:00,3.0984,95.408,2.5807
2023-12-07 23:00:00,3.2873,98.28,3.5755
2023-12-08 00:00:00,3.2578,99.014,0.2664
2023-12-08 01:00:00,3.1018,96.413,0.892
2023-12-08 02:00:00,3.094,94.146,0.4559
2023-12-08 03:00:00,3.6686,105.101,11.6973
2023-12-08 04:00:00,3.6986,105.949,0.3327
2023-12-08 05:00:00,3.8261,107.364,7.0204
2023-12-08 06:00:00,3.9431,109.323,5.7944
2023-12-08 07:00:00,4.4305,120.404,13.627
2023-12-08 08:00:00,4.3018,116.108,3.8349
2023-12-08 09:00:00,4.4015,119.729,3.1476
2023-12-08 10:00:00,3.7057,106.013,0.0254
2023-12-08 11:00:00,3.4157,99.12,1.4415
2023-12-08 12:00:00,3.3279,99.906,1.5328
2023-12-08 13:00:00,3.2839,98.376,1.3244
2023-12-08 14:00:00,3.1566,95.319,4.5192
2023-12-08 15:00:00,2.8103,91.093,1.4716
2023-12-08 16:00:00,2.8524,89.275,2.7836
2023-12-08 17:00:00,2.7884,89.066,4.0657
2023-12-08 18:00:00,2.9533,92.086,3.8676
2023-12-08 19:00:00,2.7863,90.921,0.8021
2023-12-08 20:00:00,2.7893,89.459,1.7247
2023-12-08 21:00:00,3.1521,93.973,8.1987
2023-12-08 22:00:00,3.6341,106.673,10.6355
2023-12-08 23:00:00,3.4866,103.472,1.8455
2023-12-09 00:00:00,3.5726,104.178,1.6954
2023-12-09 01:00:00,3.3837,101.125,0.25
2023-12-09 02:00:00,3.6489,106.857,3.9122
2023-12-09 03:00:00,3.4894,104.775,0.5135
2023-12-09 04:00:00,3.6322,104.643,7.5079
2023-12-09 05:00:00,3.5543,103.255,0.244
2023-12-09 06:00:00,3.4386,100.677,0.9056
2023-12-09 07:00:00,3.5476,103.13,3.3577
2023-12-09 08:00:00,3.5897,104.427,4.037
2023-12-09 09:00:00,3.3699,101.337,0.2994
2023-12-09 10:00:00,3.2037,96.896,1.474
2023-12-09 11:00:00,3.1806,98.373,2.5626
2023-12-09 12:00:00,3.0393,94.513,5.2451
2023-12-09 13:00:00,3.1064,94.427,4.3969
2023-12-09 14:00:00,2.9567,93.075,3.3787
2023-12-09 15:00:00,2.7321,88.271,1.8003
2023-12-09 16:00:00,2.8244,91.094,4.5178
2023-12-09 17:00:00,2.9353,93.838,3.21
2023-12-09 18:00:00,2.886,91.968,5.329
2023-12-09 19:00:00,3.3864,101.738,13.3163
2023-12-09 20:00:00,3.2545,98.683,2.283
2023-12-09 21:00:00,4.0948,114.695,14.9431
2023-12-09 22:00:00,3.7602,107.28,1.3916
2023-12-09 23:00:00,3.8374,107.771,4.1055
2023-12-10 00:00:00,3.6722,106.856,0.9033
2023-12-10 01:00:00,3.8218,109.968,3.3817
2023-12-10 02:00:00,3.9347,111.436,3.8582
2023-12-10 03:00:00,3.8296,109.543,2.8229
2023-12-10 04:00:00,3.977,112.443,4.8161
2023-12-10 05:00:00,3.8614,110.681,2.0439
2023-12-10 06:00:00,3.9297,110.724,4.8047
2023-12-10 07:00:00,3.9717,112.798,3.8777
2023-12-10 08:00:00,3.7787,107.996,2.0114
2023-12-10 09:00:00,3.5999,103.634,1.0905
2023-12-10 10:00:00,3.5481,103.198,1.6971
2023-12-10 11:00:00,3.1272,94.45,0.6591
2023-12-10 12:00:00,3.2142,96.51,4.5431
2023-12-10 13:00:00,2.9526,93.601,0.1359
2023-12-10 14:00:00,3.0251,95.103,8.4992
2023-12-10 15:00:00,2.9169,93.368,0.1658
2023-12-10 16:00:00,2.694,88.358,2.3641
2023-12-10 17:00:00,2.891,92.133,2.7924
2023-12-10 18:00:00,2.8769,91.658,3.9561
2023-12-10 19:00:00,2.6811,89.171,1.4595
2023-12-10 20:00:00,2.7651,90.157,0.7291
2023-12-10 21:00:00,2.6343,87.161,0.168
2023-12-10 22:00:00,2.8555,90.969,5.0273
2023-12-10 23:00:00,3.4426,102.861,12.3047
2023-12-11 00:00:00,3.8481,110.323,8.8942
2023-12-11 01:00:00,3.7963,107.379,2.0676
2023-12-11 02:00:00,3.7461,106.534,0.7966
2023-12-11 03:00:00,3.55,103.693,0.6732
2023-12-11 04:00:00,3.7644,108.345,4.0622
2023-12-11 05:00:00,3.68,104.04,4.3285
2023-12-11 06:00:00,3.824,109.629,1.4437
2023-12-11 07:00:00,3.688,104.522,4.7606
2023-12-11 08:00:00,3.8285,108.251,5.8257
2023-12-11 09:00:00,3.8171,108.082,2.6074
2023-12-11 10:00:00,3.6326,104.679,2.9142
2023-12-11 11:00:00,3.5731,103.871,6.6736
2023-12-11 12:00:00,4.3679,115.963,19.4581
2023-12-11 13:00:00,4.046,111.947,4.155
2023-12-11 14:00:00,3.6816,105.107,1.2646
2023-12-11 15:00:00,3.4459,102.983,0.7664
2023-12-11 16:00:00,3.5147,102.635,6.1831
2023-12-11 17:00:00,3.1727,99.289,0.2176
2023-12-11 18:00:00,3.3556,102.509,4.7589
2023-12-11 19:00:00,3.3539,100.27,5.0672
2023-12-11 20:00:00,3.0813,95.084,1.047
2023-12-11 21:00:00,3.1728,96.334,2.8018
2023-12-11 22:00:00,3.2582,99.182,5.3336
2023-12-11 23:00:00,3.6121,104.433,7.2611
2023-12-12 00:00:00,3.6423,104.301,1.9204
2023-12-12 01:00:00,3.6148,105.023,2.2224
2023-12-12 02:00:00,3.9004,108.999,7.561
2023-12-12 03:00:00,3.8286,107.66,2.2955
2023-12-12 04:00:00,3.8178,111.197,2.0445
2023-12-12 05:00:00,4.3583,118.333,11.6766
2023-12-12 06:00:00,4.1242,113.615,3.0933
2023-12-12 07:00:00,4.061,112.825,2.9796
2023-12-12 08:00:00,4.2718,119.298,6.6079
2023-12-12 09:00:00,3.8998,108.124,1.184
2023-12-12 10:00:00,3.7918,109.808,2.4278
2023-12-12 11:00:00,3.4371,102.522,0.6523
2023-12-12 12:00:00,3.2954,96.354,1.4539
2023-12-12 13:00:00,3.2636,100.377,1.0748
2023-12-12 14:00:00,3.1014,95.006,4.9176
2023-12-12 15:00:00,3.027,94.523,0.2247
2023-12-12 16:00:00,2.6934,88.361,0.1375
2023-12-12 17:00:00,2.4645,83.951,2.4089
2023-12-12 18:00:00,2.7801,90.503,3.3532
2023-12-12 19:00:00,2.6318,86.271,1.1528
2023-12-12 20:00:00,2.7852,90.137,6.2022
2023-12-12 21:00:00,2.8107,91.657,2.6979
2023-12-12 22:00:00,3.6648,106.789,13.2616
2023-12-12 23:00:00,3.6427,104.788,4.7028
2023-12-13 00:00:00,3.8031,108.107,7.3491
2023-12-13 01:00:00,4.4194,117.612,9.8464
2023-12-13 02:00:00,4.2726,117.492,2.7616
2023-12-13 03:00:00,4.3401,118.982,6.0219
2023-12-13 04:00:00,4.3248,118.328,4.7759
2023-12-13 05:00:00,5.0543,131.139,18.4522
2023-12-13 06:00:00,4.9484,128.84,6.2415
2023-12-13 07:00:00,4.7087,123.704,2.06
2023-12-13 08:00:00,4.7092,124.323,3.609
2023-12-13 09:00:00,4.4434,122.819,0.6172
2023-12-13 10:00:00,4.0003,110.358,1.3023
2023-12-13 11:00:00,4.0408,115.217,3.5831
2023-12-13 12:00:00,3.7572,108.646,2.0755
2023-12-13 13:00:00,3.6683,105.977,9.0139
2023-12-13 14:00:00,3.9126,109.063,9.656
2023-12-13 15:00:00,3.684,106.555,0.1882
2023-12-13 16:00:00,3.6489,107.88,7.2874
2023-12-13 17:00:00,3.3476,100.475,1.2884
2023-12-13 18:00:00,3.4867,102.678,4.8448
2023-12-13 19:00:00,3.1587,97.485,0.3845
2023-12-13 20:00:00,3.2054,98.516,2.2092
2023-12-13 21:00:00,3.1936,96.784,3.1291
2023-12-13 22:00:00,3.3628,100.24,6.668
2023-12-13 23:00:00,3.327,100.452,0.322
2023-12-14 00:00:00,3.5402,103.006,8.3346
2023-12-14 01:00:00,3.8998,110.134,5.6999
2023-12-14 02:00:00,3.7761,107.847,0.7813
2023-12-14 03:00:00,3.8903,109.02,3.8634
2023-12-14 04:00:00,3.8438,108.847,2.0536
2023-12-14 05:00:00,3.6924,106.17,1.8095
2023-12-14 06:00:00,3.7416,107.332,5.8439
2023-12-14 07:00:00,3.6488,104.898,3.1482
2023-12-14 08:00:00,3.6565,106.135,1.466
2023-12-14 09:00:00,3.7597,109.232,5.7769
2023-12-14 10:00:00,3.6745,105.528,4.0543
2023-12-14 11:00:00,3.7946,109.547,7.2252
2023-12-14 12:00:00,3.6278,103.56,2.0096
2023-12-14 13:00:00,3.4049,101.064,1.4211
2023-12-14 14:00:00,3.6717,105.385,10.8912
2023-12-14 15:00:00,3.5181,102.979,1.651
2023-12-14 16:00:00,3.4267,103.836,6.2669
2023-12-14 17:00:00,3.3582,101.87,1.7437
2023-12-14 18:00:00,3.4298,103.021,9.0348
2023-12-14 19:00:00,3.235,98.34,0.7546
2023-12-14 20:00:00,3.1734,97.177,0.891
2023-12-14 21:00:00,3.0599,96.637,1.4742
2023-12-14 22:00:00,3.2254,97.896,1.5488
2023-12-14 23:00:00,3.1435,95.244,1.5406
2023-12-15 00:00:00,3.3154,97.551,3.2843
2023-12-15 01:00:00,3.3421,99.098,2.9951
2023-12-15 02:00:00,3.4775,102.995,5.8583
2023-12-15 03:00:00,3.624,104.081,0.9893
2023-12-15 04:00:00,3.8302,109.868,4.4683
2023-12-15 05:00:00,3.8126,108.772,3.4256
2023-12-15 06:00:00,3.5909,103.81,0.0719
2023-12-15 07:00:00,3.5698,101.676,1.4647
2023-12-15 08:00:00,3.3572,100.669,2.5086
2023-12-15 09:00:00,3.3816,101.47,4.1956
2023-12-15 10:00:00,3.2564,99.708,0.58
2023-12-15 11:00:00,3.6232,102.746,11.3135
2023-12-15 12:00:00,3.4801,99.954,3.1781
2023-12-15 13:00:00,3.2311,97.288,1.4003
2023-12-15 14:00:00,3.0199,94.556,1.7393
2023-12-15 15:00:00,3.1549,95.856,6.055
2023-12-15 16:00:00,3.0064,94.521,1.0629
2023-12-15 17:00:00,3.1782,99.444,9.2692
2023-12-15 18:00:00,3.3369,99.538,4.2519
2023-12-15 19:00:00,3.2773,98.053,7.1938
2023-12-15 20:00:00,3.6167,105.875,7.546
2023-12-15 21:00:00,3.6671,106.294,7.3245
2023-12-15 22:00:00,3.9341,111.297,5.4703
2023-12-15 23:00:00,3.7487,108.844,0.9871
2023-12-16 00:00:00,3.8515,108.162,3.35
2023-12-16 01:00:00,3.9568,110.431,5.3879
2023-12-16 02:00:00,3.966,113.168,1.8117
2023-12-16 03:00:00,3.888,111.078,0.7953
2023-12-16 04:00:00,3.699,107.675,0.9347
2023-12-16 05:00:00,3.5731,104.591,0.8366
2023-12-16 06:00:00,3.7606,106.431,4.0321
2023-12-16 07:00:00,3.7889,108.657,3.8137
2023-12-16 08:00:00,3.6515,106.68,2.8263
2023-12-16 09:00:00,3.7982,107.135,7.2167
2023-12-16 10:00:00,3.8437,108.543,6.385
2023-12-16 11:00:00,3.8699,111.101,6.6471
2023-12-16 12:00:00,3.9094,109.9,5.7961
2023-12-16 13:00:00,3.6615,104.608,2.4258
2023-12-16 14:00:00,3.4163,100.737,0.8762
2023-12-16 15:00:00,3.1125,95.882,0.2575
2023-12-16 16:00:00,3.2177,97.7,7.5815
2023-12-16 17:00:00,3.4923,102.647,4.962
2023-12-16 18:00:00,3.7007,104.802,11.6572
2023-12-16 19:00:00,3.7815,107.801,7.6806
2023-12-16 20:00:00,3.6557,105.888,3.4815
2023-12-16 21:00:00,3.5009,103.839,0.2714
2023-12-16 22:00:00,3.5072,104.993,2.478
2023-12-16 23:00:00,3.946,113.745,10.7817
2023-12-17 00:00:00,3.9541,109.022,1.3797
2023-12-17 01:00:00,3.6738,106.031,0.6414
2023-12-17 02:00:00,3.8485,108.336,2.0264
2023-12-17 03:00:00,4.275,116.81,12.6006
2023-12-17 04:00:00,4.2562,117.003,3.5322
2023-12-17 05:00:00,4.5328,122.707,7.5257
2023-12-17 06:00:00,4.2529,118.143,0.6507
2023-12-17 07:00:00,4.1359,117.26,2.6553
2023-12-17 08:00:00,4.0957,111.178,1.4247
2023-12-17 09:00:00,3.8878,111.553,4.7251
2023-12-17 10:00:00,3.5241,104.432,0.3761
2023-12-17 11:00:00,3.6203,104.201,4.9478
2023-12-17 12:00:00,3.3185,101.762,0.7288
2023-12-17 13:00:00,3.3604,100.554,4.1186
2023-12-17 14:00:00,3.1589,96.705,3.0432
2023-12-17 15:00:00,3.3728,102.453,9.2706
2023-12-17 16:00:00,3.256,99.021,3.2304
2023-12-17 17:00:00,3.0471,95.092,1.56
2023-12-17 18:00:00,2.9178,91.474,2.3286
2023-12-17 19:00:00,3.42,102.447,11.4769
2023-12-17 20:00:00,3.4,101.768,5.3151
2023-12-17 21:00:00,3.4045,101.284,0.0051
2023-12-17 22:00:00,4.1733,115.679,15.3535
2023-12-17 23:00:00,4.9254,128.452,20.6867
2023-12-18 00:00:00,4.715,125.817,0.3718
2023-12-18 01:00:00,5.0287,129.625,13.1056
2023-12-18 02:00:00,5.4932,138.278,12.5687
2023-12-18 03:00:00,5.4858,140.583,4.8403
2023-12-18 04:00:00,5.1947,135.513,4.7342
2023-12-18 05:00:00,4.8295,125.805,0.6249
2023-12-18 06:00:00,5.1464,132.284,9.0959
2023-12-18 07:00:00,4.895,126.551,2.1802
2023-12-18 08:00:00,4.6102,122.453,3.9647
2023-12-18 09:00:00,4.3743,119.418,0.8242
2023-12-18 10:00:00,4.2541,116.681,3.769
2023-12-18 11:00:00,4.0154,113.868,1.5307
2023-12-18 12:00:00,3.9225,111.558,6.1044
2023-12-18 13:00:00,3.7677,108.336,4.6773
2023-12-18 14:00:00,3.5801,104.849,1.7619
2023-12-18 15:00:00,3.335,100.723,1.0275
2023-12-18 16:00:00,3.1996,98.954,1.8008
2023-12-18 17:00:00,2.8575,91.06,1.9708
2023-12-18 18:00:00,3.0674,94.847,2.0221
2023-12-18 19:00:00,2.9928,91.909,7.7305
2023-12-18 20:00:00,2.9994,93.303,0.1042
2023-12-18 21:00:00,2.9039,93.941,2.1387
2023-12-18 22:00:00,3.0484,93.535,1.1535
2023-12-18 23:00:00,2.9486,93.205,0.1768
2023-12-19 00:00:00,3.097,96.721,0.7338
2023-12-19 01:00:00,3.2581,98.078,1.3963
2023-12-19 02:00:00,3.721,109.171,12.5252
2023-12-19 03:00:00,4.0455,114.353,6.1096
2023-12-19 04:00:00,4.089,112.555,6.2147
2023-12-19 05:00:00,4.1993,118.517,2.597
2023-12-19 06:00:00,3.9719,110.11,0.8442
2023-12-19 07:00:00,3.8593,109.379,1.4807
2023-12-19 08:00:00,3.8827,113.011,8.0961
2023-12-19 09:00:00,4.7351,124.408,21.1507
2023-12-19 10:00:00,4.68,126.946,3.1028
2023-12-19 11:00:00,4.02,112.313,0.2196
2023-12-19 12:00:00,4.5053,122.893,10.0034
2023-12-19 13:00:00,4.383,119.223,9.2106
2023-12-19 14:00:00,4.2223,115.267,4.2437
2023-12-19 15:00:00,4.3963,119.391,11.7753
2023-12-19 16:00:00,4.5618,120.568,9.5059
2023-12-19 17:00:00,4.3245,115.597,3.8936
2023-12-19 18:00:00,4.3942,118.776,7.1424
2023-12-19 19:00:00,4.1238,114.866,3.2847
2023-12-19 20:00:00,3.9015,109.24,2.3176
2023-12-19 21:00:00,4.6572,123.779,19.796
2023-12-19 22:00:00,4.6123,122.36,3.3764
2023-12-19 23:00:00,4.335,118.148,0.3476
2023-12-20 00:00:00,4.3602,118.63,3.8315
2023-12-20 01:00:00,4.4548,119.627,7.0123
2023-12-20 02:00:00,4.3452,121.274,1.3931
2023-12-20 03:00:00,4.5621,123.666,9.5553
2023-12-20 04:00:00,4.52,119.517,4.9025
2023-12-20 05:00:00,4.5505,121.766,1.8787
2023-12-20 06:00:00,4.832,126.663,10.738
2023-12-20 07:00:00,4.4583,118.94,0.2785
2023-12-20 08:00:00,4.6088,123.751,5.3895
2023-12-20 09:00:00,4.2286,118.202,1.4626
2023-12-20 10:00:00,4.7591,125.585,15.4009
2023-12-20 11:00:00,4.56,122.659,4.7957
2023-12-20 12:00:00,4.4098,118.215,6.8718
2023-12-20 13:00:00,4.9204,128.317,16.8853
2023-12-20 14:00:00,4.7609,125.672,7.2907
2023-12-20 15:00:00,4.4958,122.61,2.3339
2023-12-20 16:00:00,4.489,120.333,7.4044
2023-12-20 17:00:00,4.1962,115.559,2.3489
2023-12-20 18:00:00,3.7582,105.512,1.0969
2023-12-20 19:00:00,4.1517,116.303,9.1363
2023-12-20 20:00:00,3.8595,110.082,2.1937
2023-12-20 21:00:00,4.1458,114.124,5.2271
2023-12-20 22:00:00,3.8992,110.16,2.1462
2023-12-20 23:00:00,4.1194,113.419,11.7844
2023-12-21 00:00:00,4.1091,115.668,1.1754
2023-12-21 01:00:00,4.7348,125.23,13.6817
2023-12-21 02:00:00,4.6025,123.274,1.6841
2023-12-21 03:00:00,4.4666,120.75,1.4549
2023-12-21 04:00:00,4.2604,113.365,1.4028
2023-12-21 05:00:00,4.2856,116.933,3.9539
2023-12-21 06:00:00,4.7516,124.336,11.7573
2023-12-21 07:00:00,4.5717,121.387,4.3133
2023-12-21 08:00:00,4.2839,117.833,1.6618
2023-12-21 09:00:00,3.991,111.204,0.3592
2023-12-21 10:00:00,3.8189,109.282,0.2971
2023-12-21 11:00:00,3.5882,104.442,3.2055
2023-12-21 12:00:00,4.112,114.262,12.043
2023-12-21 13:00:00,4.0126,112.618,8.1286
2023-12-21 14:00:00,4.1431,115.006,11.2478
2023-12-21 15:00:00,4.0137,112.53,4.0716
2023-12-21 16:00:00,4.0307,112.468,10.4122
2023-12-21 17:00:00,4.0241,109.849,1.5353
2023-12-21 18:00:00,3.8286,111.538,3.1392
2023-12-21 19:00:00,3.7844,108.783,2.7859
2023-12-21 20:00:00,3.999,110.956,9.4762
2023-12-21 21:00:00,4.3598,117.141,13.7375
2023-12-21 22:00:00,4.5621,122.194,7.6489
2023-12-21 23:00:00,4.43,120.748,0.4962
2023-12-22 00:00:00,4.3987,119.087,4.4205
2023-12-22 01:00:00,4.3822,118.358,4.8477
2023-12-22 02:00:00,4.3125,117.517,1.3359
2023-12-22 03:00:00,4.1124,113.524,2.2548
2023-12-22 04:00:00,4.615,123.174,10.4891
2023-12-22 05:00:00,4.9327,128.495,7.809
2023-12-22 06:00:00,4.4282,122.056,1.1378
2023-12-22 07:00:00,4.294,118.773,0.4655
2023-12-22 08:00:00,4.2428,117.383,5.1433
2023-12-22 09:00:00,4.4449,120.604,7.6347
2023-12-22 10:00:00,4.2309,116.338,4.9275
2023-12-22 11:00:00,3.9719,111.64,1.1419
2023-12-22 12:00:00,4.043,111.406,8.2905
2023-12-22 13:00:00,4.4448,118.856,13.613
2023-12-22 14:00:00,4.1252,114.108,1.7257
2023-12-22 15:00:00,4.4801,120.759,15.9455
2023-12-22 16:00:00,4.3327,119.278,1.5657
2023-12-22 17:00:00,3.9752,110.627,2.9833
2023-12-22 18:00:00,4.128,113.079,7.2705
2023-12-22 19:00:00,3.9927,111.4,2.2087
2023-12-22 20:00:00,3.7907,106.718,3.7855
2023-12-22 21:00:00,3.7267,108.673,1.288
2023-12-22 22:00:00,3.3404,99.564,0.3849
2023-12-22 23:00:00,3.2694,100.304,0.0828
2023-12-23 00:00:00,3.7059,105.754,4.6978
2023-12-23 01:00:00,4.2995,116.393,14.0912
2023-12-23 02:00:00,4.1351,114.629,1.4426
2023-12-23 03:00:00,4.6496,125.048,13.7114
2023-12-23 04:00:00,4.5938,123.803,1.5371
2023-12-23 05:00:00,4.5133,118.228,3.1645
2023-12-23 06:00:00,4.2896,117.741,2.5764
2023-12-23 07:00:00,4.1285,114.736,0.6796
2023-12-23 08:00:00,3.9843,114.07,2.8377
2023-12-23 09:00:00,3.7421,107.998,0.9033
2023-12-23 10:00:00,3.6434,103.314,1.4134
2023-12-23 11:00:00,3.4559,101.448,1.5006
2023-12-23 12:00:00,3.0894,95.625,1.3713
2023-12-23 13:00:00,3.6885,105.154,9.8859
2023-12-23 14:00:00,3.5466,105.096,3.3621
2023-12-23 15:00:00,3.4963,102.531,6.5941
2023-12-23 16:00:00,3.2008,96.823,0.4241
2023-12-23 17:00:00,3.1817,98.434,2.7905
2023-12-23 18:00:00,3.1307,97.346,3.6428
2023-12-23 19:00:00,3.24,98.997,7.8057
2023-12-23 20:00:00,3.541,103.433,7.9136
2023-12-23 21:00:00,3.5136,102.702,0.3663
2023-12-23 22:00:00,3.5008,103.132,6.1833
2023-12-23 23:00:00,3.4713,101.335,0.7052
2023-12-24 00:00:00,3.5138,104.93,0.6666
2023-12-24 01:00:00,3.5182,102.572,0.2706
2023-12-24 02:00:00,3.7783,108.034,5.5602
2023-12-24 03:00:00,3.6632,103.498,1.6336
2023-12-24 04:00:00,3.7279,108.036,2.9164
2023-12-24 05:00:00,3.5688,103.92,0.2362
2023-12-24 06:00:00,3.4751,103.797,1.9196
2023-12-24 07:00:00,3.4883,103.737,2.918
2023-12-24 08:00:00,3.7286,107.71,4.6647
2023-12-24 09:00:00,3.4252,101.483,0.6866
2023-12-24 10:00:00,3.7611,107.473,10.0155
2023-12-24 11:00:00,3.7189,108.972,1.8482
2023-12-24 12:00:00,3.3576,101.545,0.6107
2023-12-24 13:00:00,3.4768,101.447,7.1652
2023-12-24 14:00:00,3.2539,99.046,1.8939
2023-12-24 15:00:00,3.7039,107.805,15.4559
2023-12-24 16:00:00,3.5665,104.014,1.8319
2023-12-24 17:00:00,3.6307,105.619,3.2012
2023-12-24 18:00:00,3.5724,104.354,4.2066
2023-12-24 19:00:00,3.3402,98.609,3.027
2023-12-24 20:00:00,3.2647,96.876,3.4835
2023-12-24 21:00:00,3.6349,107.299,5.8929
2023-12-24 22:00:00,3.5007,102.748,0.9449
2023-12-24 23:00:00,3.4967,100.557,0.4525
2023-12-25 00:00:00,3.2868,99.615,3.5655
2023-12-25 01:00:00,3.7549,106.888,5.0386
2023-12-25 02:00:00,4.0579,114.43,10.8716
2023-12-25 03:00:00,4.0081,113.421,0.0395
2023-12-25 04:00:00,4.6987,124.262,18.7518
2023-12-25 05:00:00,4.851,126.765,4.2121
2023-12-25 06:00:00,4.7541,124.547,2.1946
2023-12-25 07:00:00,4.7579,125.153,5.6609
2023-12-25 08:00:00,4.2543,115.217,3.0925
2023-12-25 09:00:00,4.8099,127.357,9.5268
2023-12-25 10:00:00,4.9627,128.097,12.2402
2023-12-25 11:00:00,4.7307,125.046,3.5952
2023-12-25 12:00:00,4.5931,121.491,10.2194
2023-12-25 13:00:00,4.9814,130.685,13.2897
2023-12-25 14:00:00,4.4534,119.974,1.2538
2023-12-25 15:00:00,4.2036,117.08,1.1605
2023-12-25 16:00:00,3.9613,109.037,3.7954
2023-12-25 17:00:00,3.709,107.095,1.2817
2023-12-25 18:00:00,3.5405,101.057,1.1494
2023-12-25 19:00:00,3.366,99.837,1.8792
2023-12-25 20:00:00,3.5386,104.014,5.8128
2023-12-25 21:00:00,3.3692,100.052,0.4055
2023-12-25 22:00:00,3.4386,101.653,3.9962
2023-12-25 23:00:00,3.5151,103.984,3.4189
2023-12-26 00:00:00,3.5411,105.51,2.2145
2023-12-26 01:00:00,3.7127,107.405,3.1199
2023-12-26 02:00:00,3.6197,105.14,1.5688
2023-12-26 03:00:00,4.4159,118.825,12.3631
2023-12-26 04:00:00,4.3511,116.138,3.6353
2023-12-26 05:00:00,4.5084,121.436,9.2809
2023-12-26 06:00:00,4.2631,116.683,0.0485
2023-12-26 07:00:00,4.2689,113.816,1.7804
2023-12-26 08:00:00,4.082,114.222,4.2918
2023-12-26 09:00:00,4.0382,111.926,3.5726
2023-12-26 10:00:00,3.7751,108.147,0.7557
2023-12-26 11:00:00,3.5867,107.263,2.3607
2023-12-26 12:00:00,3.1968,96.653,0.078
2023-12-26 13:00:00,3.2574,97.872,3.2697
2023-12-26 14:00:00,3.1184,96.646,1.5583
2023-12-26 15:00:00,3.0729,96.401,3.9255
2023-12-26 16:00:00,3.082,95.74,1.8104
2023-12-26 17:00:00,4.246,117.707,27.1303
2023-12-26 18:00:00,4.181,113.181,7.7872
2023-12-26 19:00:00,3.9719,111.868,1.3875
2023-12-26 20:00:00,3.9149,109.471,3.3948
2023-12-26 21:00:00,3.7512,108.567,0.1875
2023-12-26 22:00:00,3.6964,106.252,1.1211
2023-12-26 23:00:00,3.8689,109.861,9.2438
2023-12-27 00:00:00,3.9281,110.63,1.9874
2023-12-27 01:00:00,4.0084,111.214,1.5989
2023-12-27 02:00:00,4.1786,117.235,9.6901
2023-12-27 03:00:00,4.5902,123.371,8.4057
2023-12-27 04:00:00,4.4546,120.001,3.6751
2023-12-27 05:00:00,4.5167,120.589,2.2944
2023-12-27 06:00:00,4.3549,116.436,2.8316
2023-12-27 07:00:00,4.3621,119.849,4.8456
2023-12-27 08:00:00,4.7362,124.792,11.5201
2023-12-27 09:00:00,4.4978,119.986,1.9349
2023-12-27 10:00:00,4.2532,116.968,0.4245
2023-12-27 11:00:00,3.99,111.032,4.6985
2023-12-27 12:00:00,3.674,107.588,0.9609
2023-12-27 13:00:00,3.7126,107.619,3.6532
2023-12-27 14:00:00,3.6403,103.349,2.9116
2023-12-27 15:00:00,3.4751,101.605,3.5208
2023-12-27 16:00:00,3.115,96.125,0.1772
2023-12-27 17:00:00,2.9619,92.156,2.2427
2023-12-27 18:00:00,3.316,96.436,8.031
2023-12-27 19:00:00,3.7756,109.3,13.4765
2023-12-27 20:00:00,3.8694,108.99,3.1843
2023-12-27 21:00:00,3.7255,108.261,2.8048
2023-12-27 22:00:00,3.6739,104.969,4.0449
2023-12-27 23:00:00,3.6524,105.75,0.5956
2023-12-28 00:00:00,3.5793,104.446,4.0409
2023-12-28 01:00:00,3.9269,108.699,5.5165
2023-12-28 02:00:00,4.1371,114.188,7.4949
2023-12-28 03:00:00,4.094,113.644,2.18
2023-12-28 04:00:00,4.1969,117.011,3.7896
2023-12-28 05:00:00,5.3937,136.266,23.664
2023-12-28 06:00:00,5.0309,131.989,2.9634
2023-12-28 07:00:00,4.7919,127.051,1.9006
2023-12-28 08:00:00,4.9829,129.86,6.6319
2023-12-28 09:00:00,4.44,120.69,0.2315
2023-12-28 10:00:00,4.2715,116.401,4.8154
2023-12-28 11:00:00,4.3385,118.872,9.2976
2023-12-28 12:00:00,4.2369,114.499,2.8021
2023-12-28 13:00:00,4.4002,121.147,9.7731
2023-12-28 14:00:00,4.0767,114.419,1.8906
2023-12-28 15:00:00,4.1189,113.691,6.041
2023-12-28 16:00:00,4.0715,113.069,6.9394
2023-12-28 17:00:00,3.8552,109.197,1.7183
2023-12-28 18:00:00,3.4036,100.302,0.0037
2023-12-28 19:00:00,3.2825,99.256,1.0438
2023-12-28 20:00:00,3.1159,95.717,0.4416
2023-12-28 21:00:00,3.2685,98.008,1.8514
2023-12-28 22:00:00,3.2818,96.556,1.2607
2023-12-28 23:00:00,3.5233,103.718,9.5647
2023-12-29 00:00:00,3.7058,105.915,1.3561
2023-12-29 01:00:00,3.8306,111.181,7.0354
2023-12-29 02:00:00,4.5004,118.423,14.4694
2023-12-29 03:00:00,4.4866,121.189,1.3637
2023-12-29 04:00:00,4.3975,120.517,4.3758
2023-12-29 05:00:00,4.2687,116.907,1.3261
2023-12-29 06:00:00,4.6884,125.156,8.9979
2023-12-29 07:00:00,4.4368,119.413,2.2674
2023-12-29 08:00:00,4.2615,117.09,0.6872
2023-12-29 09:00:00,4.139,113.725,8.0746
2023-12-29 10:00:00,4.1471,114.571,5.4467
2023-12-29 11:00:00,3.8356,107.426,0.172
2023-12-29 12:00:00,3.8509,110.599,1.9301
2023-12-29 13:00:00,3.5558,105.841,0.9307
2023-12-29 14:00:00,3.465,103.019,5.1948
2023-12-29 15:00:00,3.2279,97.934,0.5255
2023-12-29 16:00:00,3.344,100.714,6.4403
2023-12-29 17:00:00,3.3628,100.031,5.0284
2023-12-29 18:00:00,3.3514,100.116,5.2557
2023-12-29 19:00:00,3.3737,102.471,5.1648
2023-12-29 20:00:00,3.6699,105.148,6.7028
2023-12-29 21:00:00,3.534,104.45,2.1639
2023-12-29 22:00:00,3.3993,104.103,0.9103
2023-12-29 23:00:00,3.8307,108.03,7.0302
2023-12-30 00:00:00,3.69,104.991,0.7906
2023-12-30 01:00:00,3.7226,107.034,1.9075
2023-12-30 02:00:00,3.9162,110.322,3.3004
2023-12-30 03:00:00,3.838,106.803,2.6434
2023-12-30 04:00:00,3.9292,108.595,3.084
2023-12-30 05:00:00,3.9653,109.997,1.6064
2023-12-30 06:00:00,4.2126,114.541,8.3846
2023-12-30 07:00:00,4.8667,125.68,16.8468
2023-12-30 08:00:00,4.6316,123.704,1.7753
2023-12-30 09:00:00,4.404,117.845,3.8428
2023-12-30 10:00:00,4.3114,117.046,1.7972
2023-12-30 11:00:00,4.221,115.935,8.3029
2023-12-30 12:00:00,4.0133,111.873,1.2245
2023-12-30 13:00:00,3.9449,111.492,5.608
2023-12-30 14:00:00,3.6431,106.67,0.1119
2023-12-30 15:00:00,3.4416,102.542,1.9841
2023-12-30 16:00:00,3.3007,99.467,3.0216
2023-12-30 17:00:00,3.3204,101.684,4.6875
2023-12-30 18:00:00,3.2522,99.041,3.1789
2023-12-30 19:00:00,3.3988,101.702,2.5367
2023-12-30 20:00:00,3.1933,98.568,0.4776
2023-12-30 21:00:00,3.0644,95.599,0.5921
2023-12-30 22:00:00,3.1808,98.045,4.9598
2023-12-30 23:00:00,3.2786,98.78,1.7807
2023-12-31 00:00:00,4.1669,115.112,17.799
2023-12-31 01:00:00,4.1119,114.109,0.3689
2023-12-31 02:00:00,3.9655,109.212,0.3222
2023-12-31 03:00:00,4.211,114.719,5.4344
2023-12-31 04:00:00,4.1343,116.018,4.7045
2023-12-31 05:00:00,4.4116,120.097,4.7244
2023-12-31 06:00:00,3.9702,110.2,0.4365
2023-12-31 07:00:00,3.8954,112.036,0.3775
2023-12-31 08:00:00,3.8821,109.474,4.4447
2023-12-31 09:00:00,3.9348,111.798,3.7464
2023-12-31 10:00:00,3.9605,114.655,6.8082
2023-12-31 11:00:00,3.8636,107.897,3.007
2023-12-31 12:00:00,3.7998,109.656,4.9248
2023-12-31 13:00:00,3.6451,105.311,0.5244
2023-12-31 14:00:00,3.3609,99.374,2.0879
2023-12-31 15:00:00,3.8409,110.883,12.2814
2023-12-31 16:00:00,4.1534,114.998,15.0491
2023-12-31 17:00:00,5.0017,129.749,25.2992
2023-12-31 18:00:00,4.9018,129.18,2.982
2023-12-31 19:00:00,4.4485,121.274,2.1145
2023-12-31 20:00:00,4.3492,118.31,2.4303
2023-12-31 21:00:00,4.2122,114.801,2.0206
2023-12-31 22:00:00,4.2919,114.591,4.1318
2023-12-31 23:00:00,4.1185,112.973,1.1196
