date,location,rainfall_mm,river_level_m,temperature_c,flow_rate_m3s
2000-01-01,Guntur,0.7,6.71,23.7,495.5
2000-01-05,Vijayawada,0.5,6.04,23.5,330.6
2000-01-06,Eluru,8.5,7.46,21.2,672.4
2000-01-06,Machilipatnam,3.5,5.97,25.2,360.7
2000-01-07,Amalapuram,33.7,7.28,23.8,759.3
2000-01-09,Tirupati,5.8,6.41,25.2,439.4
2000-01-10,Amalapuram,0.6,5.51,24.9,249.9
2000-01-10,Amalapuram,10.2,6.8,24.5,573.5
2000-01-10,Vizianagaram,27.0,7.34,23.4,808.6
2000-01-11,Srikakulam,14.8,6.42,26.9,526.5
2000-01-13,Kakinada,3.0,5.63,23.6,203.4
2000-01-13,Rajahmundry,11.3,6.85,24.1,622.5
2000-01-14,Guntur,5.1,6.06,24.8,364.8
2000-01-15,Tirupati,2.2,5.91,23.9,350.1
2000-01-16,Kurnool,1.1,6.42,26.5,503.6
2000-01-16,Tirupati,6.8,6.67,23.0,566.9
2000-01-17,Vijayawada,2.6,6.34,23.5,379.6
2000-01-17,Vizianagaram,13.5,7.21,24.0,764.7
2000-01-19,Srikakulam,18.7,6.55,25.0,617.9
2000-01-22,Tirupati,0.9,5.38,23.9,222.7
2000-01-23,Rajahmundry,7.0,6.59,22.4,497.7
2000-01-24,Kakinada,1.0,5.28,24.4,223.4
2000-01-25,Srikakulam,5.1,5.54,23.2,369.5
2000-01-27,Visakhapatnam,1.7,6.91,24.0,477.0
2000-01-30,Amalapuram,82.7,10.02,25.9,1539.9
2000-01-30,Ongole,8.2,6.21,24.7,339.8
2000-01-31,Guntur,0.1,5.49,25.7,296.1
2000-01-31,Kakinada,2.0,6.37,24.5,490.0
2000-01-31,Tirupati,0.7,5.79,22.4,303.7
2000-02-01,Eluru,3.3,6.27,27.6,357.7
2000-02-05,Guntur,2.1,5.81,22.7,321.4
2000-02-05,Vizianagaram,4.3,6.6,22.5,498.5
2000-02-08,Vizianagaram,1.0,6.16,25.5,384.7
2000-02-09,Anantapur,3.9,5.36,26.6,229.5
2000-02-09,Guntur,3.5,7.01,27.2,588.3
2000-02-11,Eluru,8.0,6.08,25.8,370.9
2000-02-12,Amalapuram,6.2,6.24,25.0,537.5
2000-02-12,Kadapa,0.3,6.15,26.8,371.2
2000-02-12,Tirupati,6.9,6.5,22.3,508.5
2000-02-12,Vijayawada,4.6,6.06,28.3,432.7
2000-02-13,Tirupati,2.0,5.32,24.9,213.4
2000-02-13,Visakhapatnam,5.3,5.5,25.6,244.4
2000-02-14,Kakinada,5.5,6.33,25.3,380.3
2000-02-15,Amalapuram,9.4,6.39,28.5,517.2
2000-02-15,Srikakulam,8.1,6.59,24.7,465.6
2000-02-16,Kakinada,8.3,6.86,28.6,527.0
2000-02-16,Ongole,6.6,6.43,24.3,491.5
2000-02-16,Ongole,10.1,6.35,26.4,553.3
2000-02-17,Guntur,13.4,6.74,24.4,477.2
2000-02-17,Rajahmundry,6.5,6.1,23.3,418.0
2000-02-18,Kakinada,8.0,6.67,26.2,405.8
2000-02-18,Nellore,6.1,6.29,25.8,434.4
2000-02-19,Visakhapatnam,5.5,6.81,26.1,490.5
2000-02-20,Vijayawada,15.9,7.57,23.6,702.1
2000-02-21,Ongole,1.4,6.29,26.5,441.8
2000-02-22,Rajahmundry,19.3,5.99,27.5,578.0
2000-02-23,Anantapur,1.3,5.01,26.6,138.4
2000-02-23,Machilipatnam,10.0,6.71,25.6,491.2
2000-02-23,Vijayawada,174.8,13.57,24.1,2806.6
2000-02-25,Eluru,0.0,5.47,26.4,317.8
2000-02-27,Machilipatnam,1.3,5.59,27.6,285.9
2000-02-28,Kurnool,4.7,6.49,24.7,455.0
2000-02-29,Anantapur,1.6,6.58,28.0,429.7
2000-03-01,Ongole,8.4,6.29,23.8,497.2
2000-03-02,Srikakulam,1.0,6.07,26.4,360.3
2000-03-03,Kadapa,12.1,6.32,25.5,431.9
2000-03-04,Guntur,1.7,6.52,27.7,448.3
2000-03-04,Tirupati,6.6,5.42,25.6,192.6
2000-03-05,Vijayawada,11.5,7.06,26.1,545.6
2000-03-06,Kurnool,6.8,6.04,30.6,428.8
2000-03-08,Machilipatnam,0.6,5.06,29.1,116.2
2000-03-10,Anantapur,0.6,5.95,31.6,260.7
2000-03-10,Tirupati,11.2,6.35,27.3,502.1
2000-03-10,Vizianagaram,22.3,6.63,26.6,683.9
2000-03-12,Eluru,1.5,6.73,26.9,493.2
2000-03-12,Nellore,1.6,6.57,29.1,506.0
2000-03-12,Vizianagaram,9.4,6.56,27.4,449.8
2000-03-13,Vijayawada,4.0,5.97,30.0,319.9
2000-03-14,Guntur,9.5,5.61,27.8,337.3
2000-03-14,Kadapa,2.4,5.92,27.1,356.9
2000-03-15,Machilipatnam,1.7,6.29,27.5,431.4
2000-03-17,Kurnool,24.1,7.49,27.3,709.8
2000-03-18,Kakinada,11.3,6.46,26.5,415.1
2000-03-18,Srikakulam,6.1,5.59,26.5,285.3
2000-03-18,Tirupati,0.7,4.97,28.5,183.5
2000-03-19,Guntur,66.3,8.98,27.7,1263.5
2000-03-20,Ongole,9.3,6.47,28.9,389.2
2000-03-22,Anantapur,6.5,5.97,26.3,406.6
2000-03-24,Anantapur,2.6,6.06,27.7,345.0
2000-03-24,Machilipatnam,2.2,6.12,29.9,475.9
2000-03-25,Tirupati,3.2,5.81,29.1,399.2
2000-03-27,Rajahmundry,1.6,5.63,29.1,300.3
2000-03-28,Nellore,12.3,7.22,28.3,708.7
2000-03-31,Vijayawada,6.7,6.59,30.5,476.9
2000-03-31,Vizianagaram,17.3,6.66,29.2,569.1
2000-04-01,Amalapuram,2.2,6.35,30.6,416.8
2000-04-02,Eluru,15.6,6.68,29.2,481.3
2000-04-03,Kurnool,9.0,6.5,30.5,473.4
2000-04-03,Tirupati,31.1,7.0,26.9,686.6
2000-04-06,Rajahmundry,0.5,5.89,27.3,399.8
2000-04-08,Anantapur,3.0,6.71,29.0,456.7
2000-04-08,Kadapa,17.3,6.28,26.4,468.8
2000-04-08,Vizianagaram,17.4,6.86,30.3,560.0
2000-04-09,Eluru,2.9,6.46,28.8,345.6
2000-04-14,Guntur,5.2,5.9,29.1,561.9
2000-04-15,Nellore,4.4,5.52,29.0,348.0
2000-04-16,Srikakulam,3.7,5.79,30.8,268.8
2000-04-17,Eluru,8.1,6.63,31.8,467.8
2000-04-19,Ongole,3.6,7.09,30.9,574.2
2000-04-21,Rajahmundry,11.5,6.17,32.4,527.4
2000-04-24,Rajahmundry,7.8,6.82,29.7,504.4
2000-04-25,Machilipatnam,15.9,6.57,29.3,491.1
2000-04-27,Guntur,5.8,6.85,31.8,526.9
2000-04-27,Srikakulam,1.6,6.85,30.0,543.5
2000-04-28,Kurnool,11.9,5.98,29.8,393.7
2000-04-28,Nellore,8.6,6.16,32.6,445.0
2000-04-29,Amalapuram,5.7,6.03,32.4,395.9
2000-04-29,Vijayawada,4.2,5.85,29.0,409.3
2000-04-30,Ongole,15.8,7.5,29.1,766.9
2000-05-01,Eluru,4.0,6.09,30.1,367.3
2000-05-01,Vijayawada,6.6,6.49,29.1,543.5
2000-05-01,Vizianagaram,5.4,5.4,34.6,344.4
2000-05-03,Amalapuram,13.1,5.62,29.0,303.4
2000-05-03,Tirupati,3.2,6.15,29.9,368.2
2000-05-06,Ongole,1.9,6.4,32.3,375.2
2000-05-10,Anantapur,5.8,6.29,30.5,396.1
2000-05-14,Srikakulam,5.3,5.9,32.4,335.3
2000-05-15,Srikakulam,7.6,6.67,31.8,549.2
2000-05-16,Kadapa,13.8,7.16,29.8,614.2
2000-05-16,Kurnool,131.9,11.65,28.3,2138.8
2000-05-17,Kakinada,8.8,6.2,31.2,360.1
2000-05-17,Ongole,2.5,5.62,33.3,330.2
2000-05-17,Srikakulam,3.7,5.99,32.2,434.1
2000-05-19,Srikakulam,0.4,6.15,31.3,327.5
2000-05-20,Eluru,4.1,6.63,30.9,525.5
2000-05-20,Guntur,14.8,6.91,33.2,594.3
2000-05-21,Visakhapatnam,0.3,4.94,31.0,197.1
2000-05-22,Kakinada,7.7,6.16,31.3,461.8
2000-05-23,Ongole,3.5,6.05,31.4,296.8
2000-05-26,Vijayawada,9.2,6.98,29.8,533.3
2000-05-30,Machilipatnam,17.4,7.38,31.9,869.6
2000-05-30,Nellore,3.4,5.67,30.2,255.8
2000-05-30,Vijayawada,6.7,6.37,32.6,407.7
2000-05-30,Visakhapatnam,10.9,6.39,32.3,516.6
2000-06-01,Amalapuram,13.9,6.52,30.8,505.5
2000-06-02,Vizianagaram,81.6,8.09,30.0,1304.3
2000-06-03,Amalapuram,15.5,6.85,29.9,640.7
2000-06-03,Ongole,3.9,6.47,30.7,462.3
2000-06-04,Amalapuram,22.6,7.57,32.8,723.5
2000-06-04,Tirupati,4.6,7.0,32.5,636.9
2000-06-05,Kakinada,2.9,6.03,32.1,359.8
2000-06-05,Srikakulam,5.2,5.76,29.8,392.0
2000-06-05,Srikakulam,9.2,5.83,31.6,350.8
2000-06-06,Amalapuram,8.6,7.29,31.0,684.4
2000-06-07,Amalapuram,1.8,5.75,32.7,370.2
2000-06-07,Guntur,32.4,7.82,31.3,955.5
2000-06-07,Tirupati,25.0,7.55,28.2,797.6
2000-06-09,Machilipatnam,11.5,6.64,33.7,506.4
2000-06-10,Kurnool,10.9,6.46,31.9,523.6
2000-06-10,Vijayawada,2.8,5.46,34.6,288.2
2000-06-13,Kakinada,16.2,6.95,33.1,641.2
2000-06-13,Rajahmundry,18.3,6.5,29.6,547.6
2000-06-13,Visakhapatnam,9.8,7.05,31.8,564.0
2000-06-13,Vizianagaram,45.6,7.75,32.0,989.9
2000-06-18,Anantapur,13.1,6.6,32.9,506.1
2000-06-18,Kurnool,54.7,8.26,33.9,1073.9
2000-06-21,Kadapa,28.1,7.09,32.0,764.6
2000-06-21,Nellore,42.0,8.15,30.8,953.0
2000-06-23,Kurnool,13.9,6.9,31.9,470.7
2000-06-23,Visakhapatnam,4.2,5.74,34.3,368.6
2000-06-23,Visakhapatnam,2.6,6.12,33.0,234.9
2000-06-23,Vizianagaram,5.5,5.82,35.7,418.9
2000-06-24,Srikakulam,45.3,8.43,33.4,967.1
2000-06-26,Nellore,31.5,7.08,32.1,729.9
2000-06-27,Guntur,36.0,7.57,31.2,961.7
2000-06-29,Vijayawada,11.2,6.78,31.9,407.2
2000-06-30,Ongole,5.8,6.98,32.0,572.8
2000-07-03,Kadapa,22.6,6.61,32.4,612.2
2000-07-03,Vijayawada,5.4,5.69,31.8,400.2
2000-07-04,Ongole,28.6,7.16,29.3,673.5
2000-07-06,Amalapuram,10.5,7.25,30.2,612.1
2000-07-08,Ongole,3.0,7.0,29.5,585.8
2000-07-08,Tirupati,19.8,6.72,31.8,591.8
2000-07-09,Ongole,25.7,7.15,32.2,728.8
2000-07-12,Nellore,8.7,5.96,32.0,353.2
2000-07-13,Kurnool,41.2,8.6,30.7,1024.8
2000-07-14,Amalapuram,58.4,9.28,32.9,1238.4
2000-07-15,Anantapur,2.8,7.25,32.5,581.7
2000-07-16,Kakinada,8.1,5.69,31.3,400.9
2000-07-16,Machilipatnam,11.9,6.35,29.0,492.5
2000-07-17,Kadapa,16.9,6.43,32.9,596.7
2000-07-17,Vizianagaram,11.2,6.05,30.8,447.8
2000-07-18,Kurnool,11.9,6.85,29.9,496.5
2000-07-18,Nellore,17.2,6.77,32.4,609.2
2000-07-19,Nellore,45.6,7.67,30.2,897.3
2000-07-19,Rajahmundry,35.4,7.82,31.0,956.3
2000-07-21,Amalapuram,184.6,13.55,29.5,2847.9
2000-07-22,Kakinada,25.2,7.5,31.0,634.2
2000-07-23,Anantapur,21.2,6.64,31.6,554.5
2000-07-23,Kurnool,35.2,8.21,29.2,925.7
2000-07-24,Srikakulam,29.5,7.48,32.4,812.8
2000-07-25,Eluru,7.2,6.16,29.3,432.7
2000-07-25,Nellore,27.6,7.2,29.5,718.0
2000-07-30,Vijayawada,1.6,5.76,32.6,409.3
2000-07-31,Kadapa,35.1,7.73,30.6,845.7
2000-07-31,Tirupati,25.9,6.88,30.3,745.0
2000-08-01,Anantapur,16.7,6.63,31.4,499.4
2000-08-01,Ongole,23.6,6.86,31.6,603.2
2000-08-02,Kadapa,15.1,7.58,29.6,672.1
2000-08-04,Vijayawada,7.5,6.15,29.9,476.2
2000-08-05,Kadapa,3.8,6.34,29.1,446.1
2000-08-05,Machilipatnam,12.7,7.1,31.1,634.7
2000-08-06,Ongole,33.2,7.62,31.9,779.2
2000-08-09,Rajahmundry,6.1,6.51,30.0,408.8
2000-08-10,Tirupati,24.2,7.24,28.9,745.3
2000-08-14,Ongole,63.7,9.07,29.3,1311.8
2000-08-14,Ongole,19.3,7.35,26.6,692.7
2000-08-15,Kakinada,68.2,9.24,28.7,1413.2
2000-08-15,Tirupati,3.9,6.05,29.9,413.3
2000-08-15,Vizianagaram,7.1,6.4,29.7,396.5
2000-08-16,Kadapa,54.8,8.69,30.3,1065.9
2000-08-18,Kakinada,16.3,7.17,30.0,598.1
2000-08-18,Tirupati,2.0,6.09,28.9,367.9
2000-08-19,Eluru,26.0,7.28,30.5,729.3
2000-08-19,Ongole,16.2,6.49,27.2,616.3
2000-08-20,Machilipatnam,7.4,6.71,28.8,513.6
2000-08-20,Rajahmundry,16.8,7.72,30.0,778.9
2000-08-21,Ongole,10.8,6.22,29.1,588.5
2000-08-22,Kakinada,23.8,7.09,28.9,697.3
2000-08-22,Machilipatnam,20.6,6.99,31.5,688.0
2000-08-24,Machilipatnam,6.2,6.03,32.4,413.1
2000-08-25,Nellore,13.3,6.95,31.3,676.9
2000-08-26,Vijayawada,7.9,7.29,28.7,556.6
2000-08-27,Tirupati,11.3,6.77,27.2,449.0
2000-08-30,Amalapuram,8.4,5.99,26.3,383.9
2000-08-30,Guntur,16.7,6.8,28.4,656.2
2000-08-30,Tirupati,15.3,5.64,29.6,433.7
2000-08-30,Vijayawada,25.1,7.9,28.5,871.2
2000-08-31,Tirupati,22.1,6.28,28.1,604.1
2000-09-01,Tirupati,1.5,5.89,29.2,287.8
2000-09-01,Vijayawada,15.8,6.71,30.7,558.7
2000-09-02,Guntur,17.5,6.64,26.3,629.4
2000-09-02,Kadapa,18.6,6.19,28.4,629.3
2000-09-03,Vizianagaram,10.0,5.94,29.2,234.8
2000-09-06,Anantapur,6.9,6.19,28.2,429.6
2000-09-06,Kurnool,28.6,6.97,30.4,681.6
2000-09-06,Visakhapatnam,1.0,5.95,27.9,368.4
2000-09-07,Anantapur,41.9,8.39,28.5,951.1
2000-09-11,Kurnool,4.7,5.73,24.9,333.4
2000-09-11,Srikakulam,23.1,6.7,28.6,630.5
2000-09-12,Rajahmundry,20.7,6.06,28.7,613.9
2000-09-13,Amalapuram,1.3,6.39,27.6,490.2
2000-09-13,Tirupati,133.7,11.27,28.4,2078.3
2000-09-14,Guntur,3.0,6.27,27.2,416.6
2000-09-14,Srikakulam,31.0,7.03,26.4,762.5
2000-09-15,Kakinada,32.6,7.75,28.6,863.2
2000-09-16,Guntur,4.0,6.31,25.2,457.6
2000-09-16,Srikakulam,11.7,6.27,32.7,559.0
2000-09-16,Visakhapatnam,4.5,6.01,29.4,456.7
2000-09-18,Nellore,24.9,7.56,27.1,811.5
2000-09-19,Visakhapatnam,9.2,6.41,29.7,517.1
2000-09-20,Kakinada,4.6,6.09,27.7,441.4
2000-09-21,Guntur,8.9,5.63,26.8,315.2
2000-09-21,Kurnool,5.4,6.69,30.7,572.6
2000-09-22,Anantapur,3.7,6.05,28.2,412.3
2000-09-24,Machilipatnam,15.5,5.9,27.6,436.2
2000-09-30,Amalapuram,2.6,5.75,28.2,242.6
2000-10-02,Guntur,5.5,6.63,26.0,493.1
2000-10-03,Kadapa,6.7,7.02,26.0,593.8
2000-10-03,Tirupati,6.0,6.48,28.1,412.7
2000-10-07,Vijayawada,8.7,6.65,24.4,509.4
2000-10-08,Kakinada,1.7,6.71,25.9,517.3
2000-10-10,Kadapa,1.7,5.27,26.3,286.6
2000-10-10,Machilipatnam,8.1,6.01,25.9,463.9
2000-10-12,Amalapuram,15.6,5.84,27.2,425.8
2000-10-14,Guntur,7.7,6.3,27.7,593.5
2000-10-16,Kakinada,1.5,6.44,25.0,401.1
2000-10-16,Vizianagaram,2.2,5.72,29.5,234.5
2000-10-16,Vizianagaram,2.1,6.52,25.4,451.6
2000-10-17,Machilipatnam,9.8,6.24,28.7,444.5
2000-10-18,Kurnool,1.8,5.72,27.2,414.0
2000-10-18,Rajahmundry,2.5,5.61,27.4,421.8
2000-10-18,Visakhapatnam,5.9,5.49,24.7,334.5
2000-10-19,Machilipatnam,63.9,9.08,27.3,1228.2
2000-10-20,Kadapa,6.4,6.39,24.7,562.1
2000-10-20,Machilipatnam,4.3,6.47,26.8,424.7
2000-10-21,Machilipatnam,5.0,6.25,25.1,386.8
2000-10-21,Vijayawada,1.4,6.28,26.2,332.1
2000-10-21,Visakhapatnam,20.5,7.61,27.0,754.1
2000-10-22,Vizianagaram,6.4,6.52,22.5,479.9
2000-10-24,Amalapuram,7.7,6.68,27.8,470.5
2000-10-24,Srikakulam,9.3,6.42,27.1,404.7
2000-10-24,Tirupati,0.1,6.34,25.8,436.4
2000-10-27,Tirupati,9.7,7.08,25.5,547.8
2000-10-28,Eluru,2.1,4.91,25.0,200.6
2000-10-28,Rajahmundry,1.8,5.99,30.3,326.9
2000-10-29,Srikakulam,0.9,6.35,24.5,484.7
2000-10-30,Anantapur,1.1,6.25,26.6,371.7
2000-10-30,Kadapa,4.7,6.19,24.9,341.4
2000-10-30,Vijayawada,2.0,5.74,28.0,209.4
2000-10-31,Amalapuram,9.2,6.32,25.9,509.1
2000-11-01,Eluru,7.1,6.8,25.5,432.1
2000-11-01,Kurnool,2.4,6.39,26.0,398.6
2000-11-03,Vijayawada,1.7,5.84,26.2,428.0
2000-11-04,Vijayawada,1.1,5.76,26.2,397.4
2000-11-06,Kurnool,7.9,6.45,25.3,504.0
2000-11-07,Rajahmundry,3.5,6.42,24.4,462.8
2000-11-09,Tirupati,6.0,6.7,22.8,474.4
2000-11-10,Eluru,11.7,6.43,24.2,490.8
2000-11-10,Tirupati,3.6,6.48,24.5,504.0
2000-11-11,Guntur,5.0,5.98,27.0,419.5
2000-11-12,Nellore,68.8,8.85,25.5,1276.2
2000-11-13,Eluru,0.1,5.61,27.5,310.8
2000-11-14,Kadapa,84.5,8.36,23.6,1269.7
2000-11-15,Anantapur,17.8,6.57,23.4,532.1
2000-11-16,Machilipatnam,10.3,6.32,25.1,432.5
2000-11-17,Anantapur,11.5,6.01,26.7,335.8
2000-11-17,Srikakulam,7.2,6.22,27.2,380.2
2000-11-20,Kurnool,15.8,6.34,26.6,519.9
2000-11-21,Eluru,9.1,6.26,23.7,440.4
2000-11-23,Eluru,2.0,6.32,24.1,532.8
2000-11-24,Ongole,7.7,6.98,22.5,561.9
2000-11-25,Kakinada,2.8,5.74,24.9,284.0
2000-11-26,Ongole,4.5,6.05,22.8,551.6
2000-11-26,Srikakulam,8.1,6.24,24.8,455.4
2000-11-27,Eluru,9.8,6.38,23.9,442.2
2000-11-29,Vijayawada,27.6,7.01,26.0,736.2
2000-12-01,Guntur,18.7,7.08,26.1,665.4
2000-12-02,Machilipatnam,0.5,5.66,24.9,278.6
2000-12-02,Srikakulam,2.3,5.89,24.2,354.9
2000-12-04,Tirupati,8.9,7.0,26.8,655.6
2000-12-05,Anantapur,7.8,6.04,29.9,424.3
2000-12-06,Vijayawada,16.5,6.73,23.1,513.8
2000-12-07,Srikakulam,4.1,6.05,26.2,386.2
2000-12-08,Anantapur,3.0,5.58,25.3,317.6
2000-12-08,Vizianagaram,5.3,6.93,25.3,408.0
2000-12-09,Guntur,3.7,6.36,26.3,424.4
2000-12-09,Kadapa,6.9,5.84,25.4,361.9
2000-12-09,Kakinada,3.5,6.1,25.9,376.4
2000-12-09,Ongole,1.2,6.02,22.8,457.0
2000-12-10,Kakinada,5.8,5.91,22.0,401.6
2000-12-10,Srikakulam,13.9,6.09,25.4,420.1
2000-12-16,Kakinada,8.9,6.55,21.5,489.0
2000-12-16,Kakinada,7.2,6.29,23.1,549.3
2000-12-16,Kurnool,11.4,6.96,23.1,368.4
2000-12-17,Vizianagaram,4.2,6.71,22.9,449.8
2000-12-18,Machilipatnam,9.6,6.19,25.1,366.1
2000-12-19,Anantapur,7.3,5.9,27.7,308.8
2000-12-19,Eluru,139.1,11.98,22.5,2355.7
2000-12-19,Kadapa,3.3,6.08,23.7,401.6
2000-12-19,Rajahmundry,12.4,6.97,24.3,555.8
2000-12-20,Ongole,85.5,9.59,24.6,1499.9
2000-12-20,Tirupati,20.3,6.99,23.0,583.4
2000-12-21,Anantapur,2.7,5.39,23.8,270.8
2000-12-21,Rajahmundry,9.8,6.35,23.5,482.5
2000-12-22,Guntur,2.3,6.54,25.8,447.7
2000-12-26,Amalapuram,0.8,6.82,24.9,383.7
2000-12-26,Nellore,3.2,6.52,23.2,508.6
2000-12-27,Amalapuram,0.8,5.39,23.4,344.0
2000-12-28,Anantapur,9.1,6.44,23.7,493.9
2000-12-28,Kurnool,3.1,7.33,23.1,475.4
2000-12-28,Machilipatnam,3.1,6.25,23.9,490.6
2000-12-28,Vizianagaram,4.9,6.12,23.5,448.5
2000-12-29,Machilipatnam,11.4,6.32,24.1,558.1
2000-12-29,Nellore,2.4,5.6,23.3,264.2
2000-12-29,Ongole,15.5,7.09,27.2,599.2
2000-12-30,Kadapa,1.7,6.15,20.9,391.6
2000-12-31,Ongole,8.4,6.68,22.7,479.6
2001-01-03,Kakinada,0.8,6.5,25.0,421.3
2001-01-06,Rajahmundry,4.2,5.9,22.0,238.9
2001-01-07,Tirupati,11.3,6.99,23.8,588.3
2001-01-09,Amalapuram,3.6,6.47,25.0,486.8
2001-01-11,Eluru,6.9,6.24,25.5,401.0
2001-01-11,Vijayawada,4.8,5.69,23.9,374.1
2001-01-12,Kakinada,4.1,6.15,25.4,365.0
2001-01-12,Ongole,6.0,5.94,22.0,329.8
2001-01-13,Anantapur,20.0,7.16,23.3,586.0
2001-01-13,Anantapur,8.9,6.93,21.7,631.6
2001-01-15,Machilipatnam,0.6,6.76,25.2,432.1
2001-01-15,Rajahmundry,4.9,5.92,23.8,324.6
2001-01-15,Tirupati,5.6,6.62,25.4,463.7
2001-01-17,Eluru,16.2,7.16,25.5,648.5
2001-01-19,Amalapuram,8.6,7.13,25.0,483.7
2001-01-21,Anantapur,4.1,6.29,23.6,428.7
2001-01-21,Kurnool,3.3,6.32,23.2,401.6
2001-01-21,Srikakulam,0.9,6.59,23.3,465.2
2001-01-21,Srikakulam,4.9,6.11,24.5,395.7
2001-01-25,Kadapa,9.1,6.91,27.8,659.0
2001-01-25,Machilipatnam,1.0,5.8,25.1,290.2
2001-01-26,Vizianagaram,15.1,6.57,23.8,589.6
2001-01-27,Machilipatnam,5.3,6.33,23.5,538.8
2001-01-27,Srikakulam,6.7,6.82,25.7,537.4
2001-01-28,Kadapa,4.7,5.9,25.1,411.4
2001-01-29,Kakinada,7.9,7.03,21.8,630.8
2001-01-29,Tirupati,2.0,5.43,23.7,220.8
2001-01-30,Rajahmundry,2.7,6.36,24.1,385.8
2001-01-31,Kadapa,10.9,6.62,23.9,528.4
2001-02-01,Amalapuram,3.9,6.75,27.1,501.8
2001-02-01,Nellore,0.9,5.29,24.9,213.0
2001-02-02,Eluru,0.8,6.06,27.3,336.9
2001-02-03,Kadapa,0.5,5.74,24.6,310.2
2001-02-03,Kurnool,0.1,5.67,25.3,292.7
2001-02-03,Ongole,7.0,6.59,24.7,529.6
2001-02-05,Anantapur,3.9,6.15,24.7,526.0
2001-02-06,Kurnool,28.2,7.38,23.3,752.7
2001-02-06,Nellore,1.0,5.3,23.3,318.6
2001-02-07,Guntur,6.9,6.15,25.6,419.0
2001-02-10,Ongole,14.6,6.68,27.2,556.7
2001-02-10,Ongole,3.6,6.06,26.1,298.5
2001-02-11,Machilipatnam,3.5,5.94,27.3,320.5
2001-02-13,Kurnool,1.1,6.68,23.8,396.6
2001-02-14,Vijayawada,3.5,5.6,26.2,351.5
2001-02-15,Kakinada,6.3,6.47,27.0,491.6
2001-02-17,Amalapuram,19.9,7.72,27.9,867.2
2001-02-17,Vijayawada,172.3,13.53,23.2,2760.2
2001-02-18,Vizianagaram,17.9,6.63,23.5,588.9
2001-02-19,Machilipatnam,13.1,7.31,25.1,590.0
2001-02-23,Ongole,4.5,6.29,27.3,407.5
2001-02-23,Visakhapatnam,3.7,6.0,25.6,396.0
2001-02-24,Machilipatnam,1.4,6.52,25.9,461.3
2001-02-25,Ongole,3.6,5.73,26.2,269.8
2001-02-25,Tirupati,6.8,6.81,26.7,476.1
2001-02-26,Eluru,3.2,6.55,23.9,432.2
2001-02-28,Kadapa,3.0,6.54,28.5,413.8
2001-02-28,Kakinada,10.9,6.7,26.8,562.0
2001-03-03,Kadapa,6.0,6.24,27.2,414.2
2001-03-05,Kadapa,4.0,6.3,26.6,415.6
2001-03-07,Kadapa,7.9,5.64,27.1,373.2
2001-03-07,Nellore,29.4,7.97,26.3,875.6
2001-03-08,Visakhapatnam,14.4,6.46,29.8,413.3
2001-03-09,Rajahmundry,5.4,6.27,24.5,338.7
2001-03-12,Machilipatnam,10.1,6.71,28.4,484.7
2001-03-13,Anantapur,8.1,6.8,29.5,430.7
2001-03-14,Anantapur,7.0,6.87,27.6,425.2
2001-03-14,Eluru,1.2,6.14,28.6,394.1
2001-03-14,Machilipatnam,1.8,6.68,27.4,452.6
2001-03-14,Nellore,6.0,5.69,27.8,406.0
2001-03-14,Ongole,1.4,5.43,27.1,258.7
2001-03-15,Amalapuram,6.1,5.73,29.4,328.2
2001-03-16,Guntur,1.5,5.98,26.8,383.8
2001-03-17,Anantapur,18.1,7.24,26.9,683.4
2001-03-19,Nellore,7.4,6.05,28.3,369.4
2001-03-21,Vizianagaram,7.2,6.46,30.1,506.7
2001-03-22,Kakinada,0.1,5.21,26.9,306.7
2001-03-23,Kadapa,4.8,6.63,28.3,404.2
2001-03-23,Vijayawada,15.7,6.5,29.2,574.2
2001-03-24,Kakinada,8.6,6.81,26.5,612.9
2001-03-25,Kadapa,0.6,5.21,28.7,173.1
2001-03-27,Machilipatnam,3.1,6.02,27.2,409.9
2001-03-28,Srikakulam,3.0,6.61,27.2,442.3
2001-03-30,Kadapa,3.1,6.19,26.9,375.4
2001-03-30,Vijayawada,9.9,6.72,27.1,558.7
2001-03-31,Tirupati,148.1,13.31,28.8,2563.3
2001-04-01,Vizianagaram,9.6,6.34,27.4,502.3
2001-04-04,Vijayawada,3.4,6.5,28.1,515.4
2001-04-06,Eluru,137.0,12.87,29.1,2495.6
2001-04-07,Kakinada,20.4,5.21,28.2,356.6
2001-04-07,Kakinada,5.7,5.75,30.5,256.0
2001-04-07,Rajahmundry,1.1,6.06,31.1,311.6
2001-04-07,Rajahmundry,4.7,5.48,28.9,319.9
2001-04-07,Srikakulam,26.5,7.34,27.6,751.5
2001-04-08,Visakhapatnam,21.4,6.68,30.2,514.2
2001-04-09,Srikakulam,21.0,7.18,29.4,686.0
2001-04-16,Srikakulam,12.3,6.69,29.9,479.9
2001-04-19,Vijayawada,3.6,5.88,28.0,417.5
2001-04-20,Guntur,3.7,5.95,31.4,325.6
2001-04-20,Kadapa,14.6,7.63,28.6,668.8
2001-04-20,Kurnool,2.0,6.0,32.6,316.6
2001-04-20,Vizianagaram,12.0,6.83,32.7,621.4
2001-04-22,Vizianagaram,0.2,5.91,31.0,407.8
2001-04-23,Amalapuram,3.5,6.93,33.3,504.9
2001-04-23,Vijayawada,2.8,5.85,30.9,333.3
2001-04-24,Kakinada,9.0,6.58,29.9,539.6
2001-04-24,Kurnool,5.1,5.66,29.7,301.5
2001-04-26,Ongole,6.7,6.11,30.2,453.4
2001-04-28,Amalapuram,12.1,6.31,30.0,501.3
2001-04-28,Anantapur,6.0,6.56,27.2,517.3
2001-04-28,Guntur,6.6,6.88,31.3,541.5
2001-04-30,Kurnool,0.5,6.49,32.2,430.2
2001-04-30,Rajahmundry,7.5,6.14,31.1,538.4
2001-05-02,Kurnool,14.4,7.14,31.6,631.9
2001-05-04,Eluru,3.2,6.08,31.6,372.1
2001-05-04,Tirupati,0.2,6.13,30.5,387.5
2001-05-04,Vijayawada,1.7,5.49,29.9,265.6
2001-05-05,Tirupati,3.2,6.09,30.3,294.0
2001-05-07,Eluru,4.1,6.19,31.5,413.2
2001-05-07,Vijayawada,4.8,5.83,30.8,303.9
2001-05-08,Machilipatnam,14.5,6.98,30.1,668.7
2001-05-08,Srikakulam,6.2,5.93,31.6,400.7
2001-05-11,Guntur,9.0,6.22,29.0,465.7
2001-05-11,Srikakulam,4.6,6.46,32.8,401.8
2001-05-12,Amalapuram,18.5,6.07,32.1,538.1
2001-05-12,Anantapur,1.1,5.7,32.2,273.0
2001-05-12,Rajahmundry,1.5,6.02,29.6,396.1
2001-05-15,Kurnool,3.6,6.48,31.0,410.5
2001-05-17,Amalapuram,4.6,6.44,27.2,441.2
2001-05-17,Guntur,15.8,6.86,30.0,582.5
2001-05-19,Srikakulam,5.7,6.89,32.3,485.8
2001-05-19,Srikakulam,6.5,6.26,32.9,445.5
2001-05-20,Kadapa,1.5,5.8,31.1,209.9
2001-05-20,Nellore,9.4,6.42,34.8,463.3
2001-05-21,Kakinada,17.1,6.77,32.7,702.4
2001-05-22,Kadapa,0.5,4.91,33.3,189.8
2001-05-22,Kurnool,1.8,6.03,31.8,446.5
2001-05-22,Tirupati,17.2,7.0,31.4,612.1
2001-05-22,Tirupati,9.4,6.67,32.7,436.7
2001-05-25,Kakinada,3.4,6.29,31.0,439.0
2001-05-27,Kakinada,9.2,6.59,32.8,526.5
2001-05-28,Vijayawada,10.2,6.33,29.5,568.4
2001-05-29,Vijayawada,2.5,5.74,32.6,300.7
2001-05-30,Tirupati,6.7,6.12,29.9,463.5
2001-06-01,Kadapa,25.9,7.57,29.2,867.9
2001-06-02,Vijayawada,13.2,6.39,33.8,504.5
2001-06-04,Kadapa,8.2,6.2,31.4,446.3
2001-06-04,Kakinada,17.5,5.87,31.5,459.9
2001-06-05,Eluru,16.1,7.07,31.3,608.8
2001-06-05,Vijayawada,9.6,6.2,30.6,403.5
2001-06-05,Visakhapatnam,145.5,12.14,34.5,2330.9
2001-06-12,Kadapa,21.6,7.86,32.4,851.8
2001-06-12,Kakinada,9.5,6.87,32.0,613.1
2001-06-13,Nellore,14.8,7.42,29.4,637.4
2001-06-15,Machilipatnam,9.4,5.79,30.2,427.3
2001-06-16,Kurnool,5.2,6.12,32.0,450.3
2001-06-18,Machilipatnam,21.2,6.79,30.9,709.2
2001-06-19,Vijayawada,29.8,7.26,34.3,686.8
2001-06-20,Guntur,21.1,6.96,30.8,690.8
2001-06-21,Rajahmundry,29.1,6.94,31.8,702.0
2001-06-23,Amalapuram,7.4,6.73,32.0,594.6
2001-06-23,Kakinada,39.5,8.07,31.7,965.4
2001-06-25,Kurnool,46.3,7.99,33.5,981.6
2001-06-25,Machilipatnam,127.7,11.86,32.0,2171.2
2001-06-26,Amalapuram,85.3,9.52,31.3,1491.1
2001-06-26,Kadapa,61.6,8.65,30.4,1212.8
2001-06-28,Visakhapatnam,15.5,6.59,33.4,533.2
2001-06-30,Rajahmundry,5.3,6.19,30.6,415.9
2001-07-02,Ongole,8.7,5.47,33.0,369.9
2001-07-03,Ongole,4.6,6.33,30.7,306.3
2001-07-04,Ongole,16.9,7.13,29.4,737.8
2001-07-07,Vijayawada,3.4,7.21,32.5,598.0
2001-07-08,Vijayawada,17.6,6.64,30.5,480.2
2001-07-09,Eluru,7.8,6.59,31.4,545.3
2001-07-09,Srikakulam,11.4,6.75,32.6,503.4
2001-07-11,Nellore,10.3,6.08,28.8,388.5
2001-07-11,Nellore,3.7,6.69,30.7,515.2
2001-07-11,Visakhapatnam,76.4,9.26,30.1,1396.7
2001-07-13,Amalapuram,7.7,6.87,30.0,647.5
2001-07-13,Guntur,103.3,10.84,33.3,1804.4
2001-07-13,Kakinada,69.5,9.06,28.7,1391.9
2001-07-14,Tirupati,6.5,6.04,30.3,464.3
2001-07-16,Visakhapatnam,39.7,7.5,29.2,866.9
2001-07-17,Guntur,41.0,7.49,31.2,948.4
2001-07-19,Ongole,42.9,7.96,31.2,943.5
2001-07-20,Guntur,9.4,5.88,31.4,394.2
2001-07-21,Kadapa,47.6,8.85,32.0,1189.2
2001-07-21,Kurnool,8.1,6.8,29.8,580.9
2001-07-21,Nellore,11.2,6.38,32.0,519.3
2001-07-23,Guntur,7.9,6.9,32.3,447.1
2001-07-23,Ongole,15.3,7.01,30.5,652.8
2001-07-24,Guntur,11.8,6.73,31.6,552.8
2001-07-24,Kadapa,27.3,7.66,30.6,854.4
2001-07-24,Kurnool,0.3,6.07,31.2,412.1
2001-07-27,Kakinada,27.5,7.06,30.9,646.0
2001-07-28,Guntur,9.1,5.58,30.5,327.8
2001-07-28,Tirupati,4.4,6.18,31.3,426.4
2001-07-29,Kurnool,12.5,7.0,29.7,574.1
2001-07-30,Visakhapatnam,32.6,7.37,31.0,860.0
2001-07-31,Visakhapatnam,5.2,6.36,32.6,346.4
2001-08-01,Rajahmundry,8.2,6.32,32.2,492.4
2001-08-03,Vizianagaram,21.6,7.06,30.0,703.6
2001-08-04,Kakinada,33.0,7.21,29.3,852.6
2001-08-04,Nellore,5.1,6.1,30.3,459.1
2001-08-06,Vijayawada,48.2,7.41,31.6,892.2
2001-08-07,Guntur,21.4,7.47,31.5,712.3
2001-08-07,Nellore,49.3,7.24,31.6,794.0
2001-08-07,Nellore,8.8,6.2,31.3,407.3
2001-08-07,Tirupati,7.1,5.94,32.7,445.0
2001-08-08,Visakhapatnam,12.1,6.45,30.1,471.6
2001-08-11,Srikakulam,50.4,8.09,27.1,1062.5
2001-08-11,Visakhapatnam,5.3,5.86,31.9,388.5
2001-08-12,Kurnool,7.7,7.09,29.5,546.2
2001-08-13,Srikakulam,15.0,6.29,28.1,526.2
2001-08-14,Guntur,24.3,7.05,31.4,767.8
2001-08-14,Nellore,127.3,12.12,30.0,2182.3
2001-08-14,Ongole,11.9,6.62,31.1,496.3
2001-08-15,Guntur,64.2,9.01,29.5,1307.8
2001-08-15,Nellore,5.6,6.33,31.7,448.6
2001-08-15,Vizianagaram,10.7,6.07,30.9,339.7
2001-08-17,Nellore,27.7,7.69,29.8,771.4
2001-08-20,Kadapa,15.0,6.9,29.8,574.3
2001-08-20,Machilipatnam,42.0,8.87,30.8,1026.6
2001-08-20,Vijayawada,34.2,7.32,31.5,821.7
2001-08-21,Kakinada,66.6,9.74,28.7,1456.5
2001-08-21,Srikakulam,30.8,6.11,28.8,571.8
2001-08-21,Visakhapatnam,5.9,5.89,30.7,330.7
2001-08-23,Vijayawada,5.8,6.72,29.3,506.3
2001-08-24,Guntur,31.0,8.26,30.0,905.1
2001-08-24,Vizianagaram,18.3,5.61,29.8,389.3
2001-08-25,Eluru,5.2,6.23,27.8,450.1
2001-08-26,Nellore,16.3,7.12,29.7,552.2
2001-08-27,Kadapa,30.6,6.6,28.4,651.2
2001-08-28,Rajahmundry,0.5,5.73,29.3,279.4
2001-08-29,Rajahmundry,54.1,8.88,28.6,1186.8
2001-08-31,Vijayawada,17.9,7.18,29.3,664.9
2001-09-02,Vizianagaram,4.8,6.44,28.8,465.7
2001-09-03,Kakinada,12.8,6.03,28.2,464.5
2001-09-08,Rajahmundry,10.5,6.21,26.7,466.9
2001-09-09,Rajahmundry,16.3,6.93,30.4,586.5
2001-09-10,Visakhapatnam,8.3,5.28,29.9,288.7
2001-09-13,Kakinada,26.4,7.09,29.1,722.5
2001-09-15,Nellore,138.8,12.41,31.4,2419.4
2001-09-15,Ongole,30.1,8.26,30.0,892.2
2001-09-16,Kurnool,8.2,6.46,28.2,405.1
2001-09-16,Tirupati,14.9,6.27,28.9,575.1
2001-09-17,Srikakulam,17.1,6.49,28.1,603.7
2001-09-18,Kakinada,8.7,5.62,26.0,306.0
2001-09-19,Machilipatnam,193.0,14.34,26.5,3101.4
2001-09-19,Tirupati,21.2,7.31,30.6,661.1
2001-09-21,Kakinada,5.1,5.76,28.8,249.5
2001-09-24,Guntur,21.6,7.06,28.8,681.8
2001-09-24,Vijayawada,28.8,7.88,25.4,946.0
2001-09-25,Nellore,27.7,6.63,29.1,647.9
2001-09-26,Tirupati,75.6,9.47,23.5,1491.7
2001-09-26,Visakhapatnam,10.4,6.74,29.8,551.1
2001-09-28,Kurnool,8.5,5.79,24.4,387.6
2001-09-29,Kurnool,5.2,5.89,28.4,340.6
2001-09-29,Rajahmundry,32.5,7.31,30.3,843.1
2001-09-29,Visakhapatnam,14.5,5.87,26.5,388.7
2001-10-02,Guntur,0.3,6.0,28.8,444.6
2001-10-04,Machilipatnam,9.4,6.91,27.2,563.9
2001-10-05,Visakhapatnam,0.8,6.31,29.0,435.6
2001-10-06,Kadapa,3.7,6.49,27.4,376.4
2001-10-06,Vizianagaram,5.2,6.57,27.0,405.4
2001-10-07,Guntur,5.8,6.27,26.5,451.1
2001-10-07,Kurnool,2.2,5.62,27.3,317.2
2001-10-07,Nellore,20.2,6.94,26.6,598.2
2001-10-10,Anantapur,4.5,6.87,28.0,442.6
2001-10-10,Vijayawada,0.6,6.2,27.0,354.4
2001-10-11,Eluru,7.4,6.61,24.2,538.0
2001-10-12,Tirupati,2.6,5.87,25.3,348.0
2001-10-12,Tirupati,5.2,6.13,24.8,507.9
2001-10-13,Kakinada,8.9,6.15,24.4,436.8
2001-10-14,Vizianagaram,0.7,5.6,26.7,310.5
2001-10-16,Nellore,5.9,6.34,24.5,419.8
2001-10-16,Visakhapatnam,0.4,5.73,24.7,411.7
2001-10-17,Visakhapatnam,0.9,5.29,26.3,192.7
2001-10-18,Eluru,5.3,5.95,24.3,399.6
2001-10-18,Rajahmundry,7.4,5.68,23.5,323.5
2001-10-18,Tirupati,5.3,5.27,26.0,251.6
2001-10-20,Eluru,13.4,6.13,26.3,573.9
2001-10-20,Vizianagaram,9.1,6.35,25.5,533.6
2001-10-21,Guntur,7.4,6.09,25.1,441.1
2001-10-21,Machilipatnam,9.0,6.7,25.8,660.0
2001-10-21,Tirupati,20.9,6.52,26.2,602.7
2001-10-22,Guntur,1.9,6.45,25.1,452.2
2001-10-22,Kurnool,5.8,5.69,25.1,396.3
2001-10-23,Nellore,1.2,6.06,27.6,249.6
2001-10-25,Srikakulam,5.9,6.34,23.9,484.6
2001-10-26,Kadapa,162.0,13.31,25.6,2695.6
2001-10-26,Kadapa,9.7,6.82,25.4,496.2
2001-10-28,Guntur,20.7,6.55,28.3,555.3
2001-10-29,Tirupati,2.8,6.35,23.2,498.2
2001-11-01,Anantapur,0.4,5.27,25.2,200.8
2001-11-01,Tirupati,4.4,6.14,23.2,395.4
2001-11-03,Tirupati,74.4,8.98,23.9,1320.2
2001-11-04,Anantapur,3.1,5.93,25.9,306.7
2001-11-04,Nellore,7.0,5.83,26.1,385.8
2001-11-06,Amalapuram,2.3,6.37,24.1,404.7
2001-11-06,Kurnool,2.2,5.9,24.1,288.4
2001-11-06,Vizianagaram,6.8,6.99,23.6,410.1
2001-11-07,Amalapuram,107.6,10.64,26.1,1844.3
2001-11-09,Nellore,2.3,6.76,26.4,456.1
2001-11-10,Anantapur,4.9,6.98,25.7,733.0
2001-11-11,Anantapur,18.6,6.93,26.0,519.4
2001-11-11,Nellore,0.4,6.1,26.9,355.7
2001-11-12,Anantapur,4.6,6.41,21.2,408.9
2001-11-12,Kadapa,11.5,6.08,25.2,475.7
2001-11-14,Tirupati,3.1,5.76,24.8,279.3
2001-11-15,Guntur,8.4,5.38,24.4,231.5
2001-11-16,Nellore,1.3,6.17,25.7,351.3
2001-11-16,Ongole,6.8,6.88,23.8,543.9
2001-11-17,Visakhapatnam,0.0,5.59,23.7,270.3
2001-11-17,Visakhapatnam,0.9,6.47,26.4,377.8
2001-11-17,Vizianagaram,3.3,6.11,22.4,439.4
2001-11-19,Anantapur,5.9,6.31,26.3,400.3
2001-11-19,Kurnool,0.9,6.22,24.2,409.7
2001-11-19,Srikakulam,7.0,5.22,22.3,167.1
2001-11-19,Vijayawada,1.4,5.47,24.5,274.0
2001-11-20,Srikakulam,8.9,6.34,25.4,468.5
2001-11-20,Tirupati,2.8,5.59,23.5,361.9
2001-11-21,Eluru,3.1,6.37,24.9,480.3
2001-11-22,Rajahmundry,17.5,7.24,25.6,729.6
2001-11-24,Kakinada,14.8,7.55,22.9,644.4
2001-11-24,Nellore,2.2,6.14,24.7,373.6
2001-11-25,Rajahmundry,2.3,6.51,21.4,579.6
2001-11-26,Anantapur,1.4,6.44,19.4,390.0
2001-11-26,Vizianagaram,2.7,6.3,23.9,447.3
2001-11-27,Guntur,4.5,6.59,23.1,523.8
2001-11-27,Vijayawada,13.5,6.44,22.6,432.6
2001-11-28,Vijayawada,3.6,6.82,27.3,392.0
2001-11-29,Anantapur,7.1,6.72,21.8,485.6
2001-11-30,Anantapur,3.4,5.56,26.2,292.3
2001-11-30,Vizianagaram,0.5,5.83,22.9,331.3
2001-12-01,Anantapur,5.3,6.45,24.2,507.9
2001-12-02,Anantapur,1.2,5.88,23.1,307.2
2001-12-02,Kadapa,6.7,6.59,21.9,463.3
2001-12-02,Kadapa,0.4,6.04,26.4,288.5
2001-12-02,Srikakulam,6.6,6.19,22.0,390.4
2001-12-02,Srikakulam,2.0,5.8,25.9,242.8
2001-12-02,Visakhapatnam,4.6,6.28,22.0,388.9
2001-12-04,Kurnool,10.8,6.32,26.2,402.7
2001-12-08,Kakinada,0.8,5.59,22.4,282.6
2001-12-08,Kurnool,7.4,5.33,24.5,291.3
2001-12-08,Nellore,7.9,6.41,22.6,540.0
2001-12-09,Srikakulam,2.2,5.85,22.3,365.9
2001-12-12,Kurnool,5.3,5.01,24.0,274.3
2001-12-12,Vijayawada,14.9,7.48,24.4,738.6
2001-12-14,Amalapuram,9.7,5.3,25.5,406.3
2001-12-16,Amalapuram,3.4,5.93,24.0,435.2
2001-12-16,Kadapa,10.0,6.4,24.8,506.1
2001-12-16,Tirupati,17.8,6.87,26.1,611.1
2001-12-18,Srikakulam,7.1,6.36,21.5,539.4
2001-12-18,Srikakulam,2.3,6.69,26.5,492.0
2001-12-19,Anantapur,6.2,6.22,23.2,480.8
2001-12-20,Amalapuram,0.7,7.32,22.3,474.1
2001-12-21,Amalapuram,8.8,7.03,22.8,570.5
2001-12-22,Guntur,13.6,6.82,24.4,531.6
2001-12-24,Kadapa,4.9,5.96,24.1,422.5
2001-12-24,Nellore,13.8,7.03,24.9,568.6
2001-12-24,Ongole,11.3,6.58,24.8,512.6
2001-12-24,Rajahmundry,5.0,6.73,24.7,409.9
2001-12-25,Ongole,5.6,6.54,23.2,427.9
2001-12-26,Kurnool,3.3,6.15,26.5,426.3
2001-12-31,Tirupati,3.8,5.16,24.6,258.4
2002-01-01,Kadapa,0.6,5.88,23.9,429.7
2002-01-02,Anantapur,2.7,6.43,25.0,520.5
2002-01-02,Eluru,77.5,9.29,24.4,1390.8
2002-01-02,Rajahmundry,4.0,6.55,25.9,420.2
2002-01-03,Tirupati,13.7,6.58,24.0,637.1
2002-01-05,Rajahmundry,1.1,5.45,26.2,168.3
2002-01-06,Machilipatnam,19.0,6.59,22.7,632.9
2002-01-06,Nellore,5.0,6.18,23.2,417.1
2002-01-10,Vizianagaram,4.6,6.52,24.3,407.4
2002-01-11,Anantapur,7.3,5.65,24.6,421.8
2002-01-13,Anantapur,148.8,12.57,22.1,2533.3
2002-01-15,Machilipatnam,0.8,5.6,22.7,377.5
2002-01-15,Ongole,4.6,6.3,21.7,522.1
2002-01-17,Visakhapatnam,133.9,12.21,24.2,2246.5
2002-01-18,Eluru,6.1,6.44,23.1,483.7
2002-01-18,Eluru,2.5,6.24,24.1,446.9
2002-01-19,Kadapa,0.9,6.06,22.6,303.3
2002-01-19,Kadapa,4.1,5.86,23.5,320.3
2002-01-19,Srikakulam,0.4,5.93,27.7,267.8
2002-01-26,Amalapuram,3.1,6.18,23.5,388.3
2002-01-26,Eluru,6.3,6.46,21.5,429.4
2002-01-27,Guntur,49.6,8.11,24.5,1140.0
2002-01-28,Kakinada,2.3,6.16,24.9,411.2
2002-01-28,Srikakulam,3.5,6.57,23.4,564.0
2002-01-29,Kakinada,7.0,7.1,23.6,521.0
2002-01-29,Ongole,0.7,6.87,23.9,477.6
2002-01-30,Kakinada,3.6,6.01,24.9,384.2
2002-02-01,Srikakulam,5.6,6.94,23.1,644.5
2002-02-02,Amalapuram,9.0,5.84,27.2,382.8
2002-02-03,Anantapur,8.3,6.59,23.9,548.0
2002-02-08,Anantapur,12.7,5.98,23.6,504.4
2002-02-08,Kakinada,7.5,6.38,24.9,444.0
2002-02-08,Rajahmundry,5.1,6.42,25.3,463.6
2002-02-08,Tirupati,7.9,6.06,26.6,442.4
2002-02-09,Kadapa,12.3,6.87,26.7,534.4
2002-02-11,Kurnool,9.7,6.98,28.0,633.7
2002-02-12,Amalapuram,3.6,5.86,24.1,398.1
2002-02-13,Kakinada,3.8,5.81,25.7,314.9
2002-02-13,Tirupati,17.4,7.21,24.3,678.4
2002-02-15,Kadapa,12.4,6.27,25.1,449.6
2002-02-15,Tirupati,13.0,5.9,25.4,365.7
2002-02-15,Visakhapatnam,1.7,5.39,27.4,301.5
2002-02-19,Kadapa,24.4,6.87,22.7,534.0
2002-02-20,Anantapur,4.3,6.44,26.3,491.5
2002-02-21,Rajahmundry,9.9,6.57,25.7,536.2
2002-02-23,Visakhapatnam,5.2,6.5,26.1,421.7
2002-02-24,Vizianagaram,11.4,6.83,24.7,648.4
2002-02-25,Srikakulam,3.5,5.84,26.2,287.2
2002-02-26,Rajahmundry,1.2,6.48,27.3,446.3
2002-02-27,Amalapuram,3.4,6.47,28.0,383.9
2002-02-27,Kakinada,2.3,5.75,28.5,309.3
2002-02-27,Nellore,3.1,5.51,25.3,235.6
2002-02-28,Amalapuram,4.0,5.4,25.9,256.4
2002-02-28,Rajahmundry,2.6,6.75,25.4,469.3
2002-02-28,Visakhapatnam,4.1,6.28,26.9,473.8
2002-03-01,Srikakulam,2.2,6.45,26.5,392.2
2002-03-03,Anantapur,1.1,6.13,28.0,378.8
2002-03-04,Ongole,3.4,5.81,27.9,246.5
2002-03-06,Eluru,7.5,6.11,27.0,433.2
2002-03-09,Amalapuram,10.4,6.32,22.8,486.9
2002-03-10,Amalapuram,4.7,6.42,26.0,506.1
2002-03-11,Kurnool,1.4,5.83,23.9,305.0
2002-03-16,Ongole,4.5,5.93,27.8,396.3
2002-03-16,Visakhapatnam,6.6,6.84,29.8,539.8
2002-03-17,Srikakulam,2.0,6.17,28.5,282.1
2002-03-18,Vizianagaram,4.6,6.05,28.8,407.2
2002-03-19,Kadapa,5.5,5.71,28.8,405.5
2002-03-21,Eluru,5.2,6.69,25.4,440.1
2002-03-21,Kurnool,3.8,6.42,30.5,479.9
2002-03-22,Visakhapatnam,5.8,6.67,28.5,573.8
2002-03-23,Ongole,4.3,6.08,26.0,340.3
2002-03-24,Kadapa,7.2,6.32,29.1,426.0
2002-03-24,Ongole,2.4,6.7,27.7,500.5
2002-03-27,Rajahmundry,7.3,6.95,30.0,592.4
2002-03-28,Amalapuram,3.8,5.68,28.6,320.7
2002-03-30,Kakinada,11.5,6.23,27.7,393.4
2002-04-01,Machilipatnam,5.6,6.5,29.8,336.7
2002-04-03,Guntur,2.3,6.31,29.6,398.6
2002-04-04,Machilipatnam,7.2,5.65,26.0,359.6
2002-04-04,Nellore,5.2,6.22,28.7,375.1
2002-04-05,Anantapur,6.0,6.2,28.3,431.3
2002-04-05,Eluru,5.2,6.58,29.1,471.8
2002-04-08,Kadapa,5.1,6.41,28.8,470.3
2002-04-08,Rajahmundry,15.1,6.86,29.1,554.9
2002-04-08,Srikakulam,1.3,6.45,31.5,511.4
2002-04-08,Vijayawada,4.4,5.52,29.1,321.8
2002-04-09,Anantapur,2.8,5.89,29.6,365.0
2002-04-10,Kakinada,7.0,6.67,29.0,574.1
2002-04-10,Ongole,2.0,5.66,30.9,296.2
2002-04-10,Ongole,1.2,5.71,28.1,300.8
2002-04-10,Vizianagaram,19.5,6.49,25.3,564.6
2002-04-15,Machilipatnam,7.7,6.38,27.5,430.0
2002-04-16,Kadapa,7.7,5.97,30.3,361.1
2002-04-18,Eluru,5.5,6.37,27.4,440.7
2002-04-19,Amalapuram,6.2,6.03,29.2,397.3
2002-04-19,Anantapur,8.9,5.83,30.8,399.2
2002-04-19,Ongole,4.1,4.93,27.9,251.8
2002-04-20,Amalapuram,3.2,6.7,29.9,443.8
2002-04-22,Guntur,3.5,6.33,30.7,400.6
2002-04-22,Machilipatnam,7.4,6.24,27.5,412.9
2002-04-22,Vijayawada,4.3,5.76,28.6,371.1
2002-04-23,Anantapur,2.7,6.99,31.2,561.5
2002-04-23,Nellore,1.7,5.8,30.4,270.0
2002-04-23,Visakhapatnam,0.1,6.03,30.0,393.3
2002-04-24,Anantapur,2.4,5.72,30.3,307.5
2002-04-24,Machilipatnam,3.1,5.47,31.6,292.0
2002-04-26,Anantapur,10.7,6.48,29.9,455.6
2002-04-27,Nellore,1.0,6.11,31.2,404.7
2002-04-27,Rajahmundry,5.0,6.32,26.7,429.5
2002-04-27,Rajahmundry,14.3,6.68,29.7,600.8
2002-04-28,Vijayawada,12.4,6.82,28.4,536.1
2002-04-29,Vijayawada,5.7,6.59,30.9,492.8
2002-05-01,Nellore,5.5,6.57,33.4,506.7
2002-05-03,Tirupati,5.1,5.85,33.7,353.8
2002-05-04,Tirupati,4.4,6.6,29.8,453.8
2002-05-06,Eluru,1.2,5.95,31.4,363.5
2002-05-06,Nellore,7.0,6.51,30.6,594.2
2002-05-06,Nellore,7.9,6.22,29.2,419.4
2002-05-06,Ongole,1.6,5.57,30.7,308.8
2002-05-07,Kadapa,5.8,6.0,30.9,421.4
2002-05-07,Srikakulam,11.3,6.51,32.3,532.7
2002-05-07,Tirupati,3.2,5.89,32.3,337.7
2002-05-13,Kurnool,61.9,9.28,30.4,1218.7
2002-05-13,Machilipatnam,0.4,6.17,31.4,427.5
2002-05-13,Rajahmundry,6.6,6.98,33.6,548.0
2002-05-16,Rajahmundry,6.5,5.82,33.5,318.0
2002-05-16,Tirupati,7.5,6.28,30.7,530.0
2002-05-17,Ongole,9.3,6.04,32.2,379.8
2002-05-17,Srikakulam,3.5,5.98,33.0,348.0
2002-05-18,Kakinada,3.9,5.95,31.6,361.6
2002-05-19,Ongole,163.6,13.45,29.4,2721.2
2002-05-21,Eluru,12.3,6.6,30.6,478.3
2002-05-23,Eluru,6.1,6.33,33.0,520.7
2002-05-26,Eluru,1.3,5.54,31.1,215.2
2002-05-26,Guntur,6.5,6.66,34.8,508.4
2002-05-27,Guntur,1.8,6.49,30.9,429.6
2002-05-27,Nellore,6.2,6.26,30.2,443.0
2002-05-29,Kakinada,12.3,6.54,30.5,474.2
2002-05-29,Kurnool,125.6,11.85,32.0,2144.5
2002-05-29,Tirupati,2.9,5.58,31.8,305.3
2002-05-30,Kadapa,2.1,6.01,32.3,347.6
2002-05-30,Kakinada,1.4,5.7,34.0,232.2
2002-05-30,Ongole,1.9,6.08,32.8,412.5
2002-06-01,Amalapuram,35.6,8.4,31.1,1066.7
2002-06-02,Ongole,62.7,8.42,34.2,1144.9
2002-06-02,Ongole,6.1,5.99,36.2,391.1
2002-06-03,Guntur,7.9,6.79,32.3,597.8
2002-06-03,Kadapa,5.5,6.4,30.4,468.3
2002-06-03,Nellore,7.8,6.88,34.1,535.5
2002-06-03,Ongole,4.3,6.61,28.8,547.4
2002-06-04,Amalapuram,12.7,6.84,33.3,549.0
2002-06-04,Guntur,2.3,5.99,33.3,384.3
2002-06-07,Tirupati,16.0,6.51,31.5,692.5
2002-06-08,Machilipatnam,70.0,9.41,31.3,1351.7
2002-06-09,Kadapa,23.7,7.29,29.9,760.3
2002-06-13,Kadapa,13.0,5.95,32.8,359.5
2002-06-14,Anantapur,4.1,6.36,33.2,502.6
2002-06-14,Ongole,17.7,6.41,32.4,485.5
2002-06-16,Vizianagaram,27.9,7.78,32.1,845.9
2002-06-17,Ongole,2.6,6.21,32.4,419.5
2002-06-18,Tirupati,2.2,6.22,30.4,403.3
2002-06-20,Vijayawada,27.1,7.35,32.3,649.2
2002-06-21,Nellore,27.0,7.3,28.0,765.4
2002-06-22,Guntur,10.4,5.74,31.1,497.3
2002-06-22,Vijayawada,29.7,7.13,31.9,707.3
2002-06-24,Kadapa,10.9,6.41,34.2,538.4
2002-06-25,Anantapur,6.7,5.64,33.3,198.3
2002-06-25,Kurnool,20.3,6.43,33.8,618.2
2002-06-28,Anantapur,16.1,6.69,34.4,509.2
2002-06-28,Machilipatnam,20.2,6.66,31.4,632.3
2002-06-29,Srikakulam,13.2,6.8,32.0,528.2
2002-06-30,Eluru,8.5,6.05,29.8,375.8
2002-06-30,Kakinada,14.1,6.62,32.9,590.2
2002-06-30,Nellore,9.6,6.63,32.4,561.7
2002-07-01,Amalapuram,10.5,6.92,35.6,529.4
2002-07-02,Ongole,5.2,5.41,32.9,378.4
2002-07-02,Vijayawada,11.2,6.41,31.2,505.3
2002-07-03,Kakinada,35.4,7.52,31.7,840.0
2002-07-04,Kadapa,6.0,6.7,32.7,512.7
2002-07-05,Guntur,17.3,6.82,30.2,561.2
2002-07-07,Kurnool,4.5,6.24,30.7,374.0
2002-07-07,Rajahmundry,13.3,5.98,28.1,376.8
2002-07-08,Eluru,27.9,7.92,31.8,853.7
2002-07-08,Kurnool,31.2,6.63,31.8,591.4
2002-07-09,Nellore,3.5,6.24,32.1,402.2
2002-07-09,Tirupati,17.8,6.54,30.2,531.3
2002-07-10,Kakinada,7.1,5.73,34.1,497.5
2002-07-11,Nellore,8.8,6.08,31.5,346.0
2002-07-12,Amalapuram,4.0,5.91,33.1,309.9
2002-07-13,Machilipatnam,22.2,7.69,30.8,774.8
2002-07-13,Srikakulam,3.2,6.66,30.8,574.8
2002-07-17,Kadapa,14.8,6.46,34.8,596.0
2002-07-17,Nellore,8.7,5.41,31.4,209.8
2002-07-17,Nellore,6.8,7.02,32.7,612.9
2002-07-17,Vijayawada,2.5,6.22,32.7,401.6
2002-07-18,Kadapa,26.9,7.2,30.2,789.0
2002-07-18,Machilipatnam,5.3,6.84,31.3,537.8
2002-07-18,Machilipatnam,10.3,6.16,29.2,501.4
2002-07-19,Guntur,12.3,5.55,31.2,457.2
2002-07-19,Visakhapatnam,10.2,6.29,34.1,537.3
2002-07-20,Vizianagaram,62.0,8.42,31.7,1196.1
2002-07-21,Kadapa,53.8,9.03,29.9,1306.0
2002-07-23,Guntur,64.4,9.35,31.2,1338.6
2002-07-25,Srikakulam,23.7,7.42,34.4,807.0
2002-07-27,Srikakulam,3.9,6.08,30.1,377.7
2002-07-28,Kadapa,18.3,6.11,31.3,416.9
2002-07-30,Kurnool,11.4,6.54,29.8,479.9
2002-08-01,Anantapur,17.6,6.48,32.6,601.7
2002-08-03,Machilipatnam,2.1,5.63,33.1,306.2
2002-08-03,Nellore,25.4,7.48,31.5,814.9
2002-08-03,Srikakulam,20.8,6.79,28.6,600.3
2002-08-04,Amalapuram,32.6,7.04,30.6,812.8
2002-08-04,Eluru,10.2,7.25,30.4,629.2
2002-08-04,Kadapa,13.4,7.5,30.7,776.5
2002-08-05,Kadapa,11.7,6.21,29.9,441.0
2002-08-06,Kurnool,1.4,6.64,29.7,414.0
2002-08-07,Guntur,0.4,5.31,30.2,175.5
2002-08-08,Amalapuram,36.8,8.05,31.7,986.4
2002-08-09,Machilipatnam,8.9,7.06,30.4,480.9
2002-08-10,Anantapur,36.0,7.56,29.5,820.8
2002-08-13,Guntur,26.5,6.97,29.9,772.1
2002-08-13,Ongole,24.0,7.55,33.0,838.3
2002-08-14,Kadapa,15.4,7.09,32.7,518.9
2002-08-14,Visakhapatnam,3.1,5.19,30.4,329.9
2002-08-16,Vizianagaram,13.0,7.36,31.0,622.9
2002-08-17,Visakhapatnam,0.4,5.84,29.4,371.1
2002-08-18,Anantapur,31.1,7.56,31.0,789.2
2002-08-18,Eluru,9.5,6.81,31.7,616.8
2002-08-22,Visakhapatnam,24.1,7.51,29.9,790.1
2002-08-23,Kadapa,21.9,7.4,30.8,677.7
2002-08-23,Machilipatnam,42.8,7.95,28.1,935.4
2002-08-24,Eluru,5.1,6.13,27.7,414.2
2002-08-24,Kakinada,6.5,5.74,30.8,404.2
2002-08-24,Tirupati,11.6,6.93,28.9,574.3
2002-08-25,Eluru,30.9,7.24,30.9,685.3
2002-08-25,Guntur,2.8,6.5,28.5,442.8
2002-08-25,Visakhapatnam,5.4,6.22,29.4,469.9
2002-08-26,Ongole,5.7,6.39,29.5,360.5
2002-08-26,Vizianagaram,0.2,5.74,31.0,277.0
2002-08-30,Srikakulam,16.7,6.38,29.4,590.4
2002-09-01,Kurnool,200.3,15.06,28.8,3172.7
2002-09-02,Amalapuram,10.3,6.84,30.0,597.4
2002-09-02,Eluru,18.8,6.67,29.1,558.4
2002-09-03,Amalapuram,5.1,6.95,29.6,498.6
2002-09-03,Machilipatnam,8.8,6.59,28.2,509.4
2002-09-03,Ongole,4.9,5.97,26.2,480.9
2002-09-04,Eluru,9.4,6.19,29.6,502.6
2002-09-04,Kurnool,5.4,7.11,29.3,554.0
2002-09-06,Tirupati,14.5,7.24,29.4,643.6
2002-09-07,Eluru,23.1,6.78,32.1,636.4
2002-09-07,Ongole,9.1,6.4,28.7,374.4
2002-09-08,Machilipatnam,106.5,11.09,27.8,1841.9
2002-09-10,Vizianagaram,13.2,6.12,29.0,352.4
2002-09-11,Kadapa,5.9,6.3,27.7,437.0
2002-09-11,Kurnool,5.3,7.09,29.0,607.6
2002-09-13,Kurnool,15.7,7.16,27.9,635.1
2002-09-13,Ongole,2.6,5.83,27.8,373.9
2002-09-14,Vizianagaram,10.6,6.73,30.3,512.5
2002-09-15,Visakhapatnam,27.5,7.22,29.1,714.1
2002-09-15,Vizianagaram,38.0,7.58,28.2,886.0
2002-09-17,Anantapur,8.7,5.74,27.2,331.4
2002-09-18,Kurnool,8.9,6.68,26.5,518.1
2002-09-20,Kadapa,46.7,7.98,28.1,1040.9
2002-09-21,Ongole,4.3,6.38,27.0,505.4
2002-09-21,Srikakulam,39.7,7.87,26.2,1022.0
2002-09-21,Visakhapatnam,30.6,7.34,28.2,784.3
2002-09-21,Vizianagaram,22.3,7.28,28.0,795.2
2002-09-22,Amalapuram,39.8,8.26,29.3,1013.9
2002-09-22,Anantapur,25.4,6.65,31.6,489.3
2002-09-22,Ongole,6.2,6.69,28.2,598.6
2002-09-26,Nellore,11.9,7.01,25.0,659.2
2002-09-28,Machilipatnam,46.0,6.78,24.4,799.5
2002-09-28,Rajahmundry,23.9,6.41,27.2,573.9
2002-09-29,Kakinada,20.2,6.45,26.9,499.4
2002-10-01,Nellore,1.4,5.65,28.2,298.8
2002-10-01,Vijayawada,3.7,6.85,23.8,543.6
2002-10-02,Guntur,10.4,6.34,25.2,488.7
2002-10-03,Anantapur,30.0,8.02,26.4,906.8
2002-10-03,Kakinada,6.2,6.09,25.1,396.1
2002-10-04,Kakinada,12.7,6.89,26.3,592.8
2002-10-05,Eluru,4.5,6.78,27.2,559.9
2002-10-06,Machilipatnam,1.4,6.34,29.8,422.7
2002-10-07,Rajahmundry,2.1,6.14,25.7,344.5
2002-10-07,Tirupati,8.0,6.58,28.8,506.3
2002-10-08,Kakinada,7.9,5.95,26.2,410.1
2002-10-11,Kadapa,15.0,6.71,26.2,505.6
2002-10-12,Visakhapatnam,2.2,5.98,26.6,311.2
2002-10-14,Kadapa,1.7,5.44,28.2,341.4
2002-10-14,Ongole,1.4,6.45,25.7,405.8
2002-10-15,Nellore,37.2,7.7,27.7,899.4
2002-10-15,Visakhapatnam,3.7,6.11,27.0,353.3
2002-10-18,Ongole,3.7,5.89,28.1,478.8
2002-10-18,Rajahmundry,1.0,5.56,25.5,364.1
2002-10-18,Vijayawada,10.0,5.84,23.0,400.9
2002-10-18,Visakhapatnam,1.7,6.2,26.2,364.2
2002-10-19,Kurnool,4.6,6.19,28.9,417.0
2002-10-20,Kakinada,18.5,7.44,26.6,720.4
2002-10-20,Kakinada,1.8,5.41,27.2,291.3
2002-10-20,Machilipatnam,10.8,6.22,26.3,437.8
2002-10-22,Vizianagaram,0.2,5.88,26.7,280.4
2002-10-24,Machilipatnam,13.6,5.92,27.1,471.5
2002-10-25,Kakinada,97.7,10.23,25.0,1803.9
2002-10-25,Kakinada,4.0,6.08,26.4,364.6
2002-10-25,Visakhapatnam,9.0,6.52,22.5,525.8
2002-10-27,Eluru,11.4,6.51,24.5,481.2
2002-10-28,Kakinada,4.1,5.9,26.5,358.0
2002-10-29,Amalapuram,14.2,6.21,27.3,488.6
2002-10-30,Nellore,3.8,6.21,28.8,386.4
2002-10-30,Vijayawada,9.6,6.37,28.2,388.6
2002-10-31,Guntur,8.5,7.07,23.3,635.0
2002-10-31,Guntur,1.7,5.44,23.0,170.7
2002-10-31,Vizianagaram,7.9,5.98,25.3,483.5
2002-11-01,Kadapa,23.1,6.76,27.2,658.4
2002-11-01,Vijayawada,1.1,5.89,24.5,392.1
2002-11-01,Vizianagaram,6.0,6.6,25.1,414.6
2002-11-02,Guntur,2.2,5.82,24.6,319.4
2002-11-05,Tirupati,4.6,5.84,26.4,341.6
2002-11-05,Tirupati,1.6,6.15,25.3,366.6
2002-11-05,Vizianagaram,1.4,6.59,22.8,460.6
2002-11-07,Eluru,9.5,6.46,25.4,403.6
2002-11-07,Visakhapatnam,6.6,6.8,24.6,568.2
2002-11-08,Nellore,4.0,5.98,23.9,334.2
2002-11-08,Srikakulam,3.3,5.48,24.4,203.3
2002-11-10,Anantapur,5.5,5.89,28.3,352.4
2002-11-12,Guntur,3.2,6.47,25.2,425.8
2002-11-13,Kurnool,5.0,5.81,24.4,265.7
2002-11-13,Nellore,7.9,6.39,24.2,505.9
2002-11-13,Ongole,1.0,6.08,24.4,439.1
2002-11-14,Eluru,1.3,6.01,25.3,286.9
2002-11-14,Kurnool,1.0,6.75,24.8,476.0
2002-11-14,Vijayawada,3.4,5.57,22.0,380.3
2002-11-15,Nellore,9.7,7.7,26.1,679.1
2002-11-18,Nellore,2.1,6.48,23.6,385.8
2002-11-20,Rajahmundry,7.3,6.15,22.7,444.1
2002-11-22,Ongole,1.5,6.11,24.2,367.8
2002-11-23,Kadapa,20.4,7.21,22.2,677.5
2002-11-23,Machilipatnam,6.7,6.33,24.1,371.2
2002-11-24,Ongole,6.9,6.65,22.9,574.0
2002-11-25,Kurnool,3.4,6.23,20.1,367.3
2002-11-26,Kakinada,0.6,5.85,23.2,391.0
2002-11-26,Visakhapatnam,7.3,5.88,23.9,410.4
2002-11-27,Anantapur,2.3,6.32,24.9,459.0
2002-11-27,Eluru,7.7,6.21,24.7,373.5
2002-11-30,Tirupati,5.2,6.66,24.6,439.7
2002-12-01,Kadapa,7.0,5.12,23.0,182.5
2002-12-01,Machilipatnam,19.3,6.34,22.2,568.5
2002-12-02,Machilipatnam,8.6,6.38,22.4,455.1
2002-12-03,Anantapur,8.3,5.73,23.3,369.3
2002-12-03,Tirupati,5.8,6.24,26.7,426.1
2002-12-04,Kakinada,3.6,5.95,23.9,319.2
2002-12-05,Kurnool,2.9,6.1,24.6,434.4
2002-12-06,Kadapa,14.0,6.42,25.5,504.8
2002-12-07,Kurnool,3.4,6.07,22.9,552.7
2002-12-07,Vizianagaram,1.2,6.3,25.3,410.2
2002-12-12,Anantapur,0.2,5.45,23.9,201.6
2002-12-16,Rajahmundry,1.2,5.66,20.8,254.2
2002-12-16,Visakhapatnam,5.4,5.91,25.9,343.4
2002-12-17,Ongole,12.6,6.81,23.8,544.7
2002-12-17,Srikakulam,4.1,6.6,24.7,398.8
2002-12-17,Visakhapatnam,1.0,6.71,22.2,428.6
2002-12-18,Amalapuram,1.5,6.26,22.5,342.1
2002-12-18,Amalapuram,5.7,6.38,25.4,472.1
2002-12-19,Nellore,2.7,5.98,21.6,383.8
2002-12-20,Eluru,10.5,6.94,25.6,665.9
2002-12-21,Kurnool,7.4,6.82,24.3,473.4
2002-12-23,Ongole,2.7,5.49,23.6,223.2
2002-12-25,Tirupati,12.8,6.23,21.5,455.8
2002-12-25,Vijayawada,3.1,6.99,24.8,496.1
2002-12-26,Anantapur,14.9,6.95,24.1,715.5
2002-12-27,Kadapa,6.0,6.61,27.1,527.4
2002-12-27,Vizianagaram,12.1,7.43,22.9,606.9
2002-12-28,Amalapuram,4.3,6.02,23.3,349.6
2002-12-28,Kurnool,0.4,6.46,22.9,537.0
2002-12-30,Machilipatnam,2.4,5.14,24.6,215.1
2002-12-30,Rajahmundry,5.6,6.01,24.5,402.6
2002-12-30,Tirupati,5.6,6.82,24.1,555.7
2002-12-30,Visakhapatnam,10.4,6.23,23.9,453.8
2002-12-31,Amalapuram,4.4,7.13,26.0,497.4
2002-12-31,Eluru,1.0,5.65,24.1,254.0
2002-12-31,Kadapa,1.1,5.6,25.8,315.1
2003-01-06,Rajahmundry,6.9,5.88,22.8,363.9
2003-01-08,Nellore,4.7,6.46,25.8,418.4
2003-01-09,Nellore,9.3,5.93,25.6,456.5
2003-01-12,Anantapur,150.6,12.91,22.1,2500.8
2003-01-13,Rajahmundry,1.8,6.46,24.0,468.3
2003-01-13,Rajahmundry,9.3,6.31,21.8,405.2
2003-01-14,Kurnool,4.1,6.65,23.6,505.5
2003-01-15,Eluru,7.8,6.07,24.8,408.0
2003-01-15,Nellore,5.2,5.22,22.8,326.4
2003-01-15,Visakhapatnam,14.1,6.59,24.6,512.1
2003-01-17,Ongole,5.3,5.35,25.4,262.7
2003-01-18,Srikakulam,2.2,6.6,24.2,441.0
2003-01-19,Eluru,9.6,6.08,24.6,446.3
2003-01-19,Rajahmundry,1.4,6.37,25.2,446.1
2003-01-19,Tirupati,7.8,6.55,27.4,453.2
2003-01-20,Eluru,5.0,6.06,25.2,454.2
2003-01-21,Amalapuram,3.0,7.1,24.3,555.9
2003-01-22,Kadapa,25.3,7.8,24.5,834.9
2003-01-22,Visakhapatnam,22.7,7.52,27.9,718.1
2003-01-23,Guntur,2.0,6.06,24.8,419.3
2003-01-23,Tirupati,7.0,6.05,25.1,456.2
2003-01-26,Vizianagaram,10.1,6.77,28.8,484.9
2003-01-30,Guntur,5.7,5.97,22.5,393.8
2003-01-30,Nellore,5.0,6.77,25.3,470.4
2003-01-31,Amalapuram,2.7,6.0,22.4,334.7
2003-01-31,Kakinada,6.0,6.82,26.5,530.1
2003-02-01,Rajahmundry,2.8,6.01,25.5,371.8
2003-02-02,Amalapuram,0.3,6.27,27.3,422.0
2003-02-04,Vijayawada,6.2,6.81,27.1,542.7
2003-02-05,Nellore,9.6,6.39,24.9,568.4
2003-02-06,Kadapa,1.4,6.31,23.8,293.6
2003-02-06,Vijayawada,1.1,6.29,25.0,401.6
2003-02-08,Srikakulam,1.9,6.91,25.1,556.7
2003-02-08,Visakhapatnam,7.7,5.36,26.0,371.7
2003-02-11,Vizianagaram,10.0,5.81,26.0,429.9
2003-02-16,Anantapur,3.4,5.16,26.4,283.6
2003-02-17,Anantapur,12.5,6.97,26.0,494.8
2003-02-19,Visakhapatnam,2.6,6.18,26.4,357.8
2003-02-21,Eluru,6.5,5.8,25.4,348.2
2003-02-21,Ongole,3.5,6.31,26.7,439.7
2003-02-25,Kakinada,3.5,6.01,25.7,357.8
2003-02-26,Vizianagaram,3.4,6.69,26.6,459.4
2003-02-27,Machilipatnam,6.3,6.57,23.6,490.1
2003-02-28,Kakinada,6.3,6.93,27.4,569.5
2003-02-28,Srikakulam,10.4,5.88,26.3,375.2
2003-03-02,Srikakulam,6.0,6.09,28.4,354.7
2003-03-03,Machilipatnam,8.6,6.03,28.9,398.5
2003-03-03,Nellore,5.5,6.6,27.3,440.5
2003-03-03,Tirupati,1.3,7.05,25.9,466.1
2003-03-03,Visakhapatnam,8.2,5.85,27.9,378.6
2003-03-04,Eluru,16.7,6.65,25.4,585.4
2003-03-04,Kurnool,1.6,6.54,26.7,361.5
2003-03-05,Kakinada,8.4,5.87,27.8,480.0
2003-03-06,Eluru,4.2,6.46,26.5,534.9
2003-03-06,Rajahmundry,0.3,6.25,27.1,424.8
2003-03-07,Guntur,11.7,6.5,26.1,483.5
2003-03-07,Guntur,153.7,13.22,28.7,2640.9
2003-03-07,Kakinada,14.0,5.89,27.2,500.7
2003-03-07,Nellore,7.1,6.46,28.0,472.8
2003-03-07,Rajahmundry,0.0,6.26,26.7,286.4
2003-03-08,Eluru,7.3,6.34,26.3,400.1
2003-03-10,Anantapur,8.1,5.61,32.0,324.1
2003-03-10,Machilipatnam,2.6,5.84,28.0,374.7
2003-03-11,Visakhapatnam,5.7,6.58,27.8,493.5
2003-03-12,Kurnool,4.6,5.45,25.3,340.1
2003-03-12,Vijayawada,4.2,6.71,24.8,477.3
2003-03-14,Visakhapatnam,4.4,6.13,27.9,388.3
2003-03-15,Visakhapatnam,1.1,5.47,25.9,122.4
2003-03-16,Anantapur,5.4,6.98,26.6,605.8
2003-03-18,Tirupati,3.5,6.14,27.0,407.8
2003-03-19,Anantapur,8.4,6.35,22.8,461.4
2003-03-19,Visakhapatnam,5.9,6.08,28.9,507.4
2003-03-20,Nellore,124.8,11.78,28.1,2095.6
2003-03-22,Ongole,0.8,5.55,24.8,244.4
2003-03-23,Rajahmundry,1.9,5.62,28.3,250.4
2003-03-24,Guntur,8.0,6.53,29.3,543.6
2003-03-24,Kurnool,0.3,5.97,26.8,298.6
2003-03-25,Vizianagaram,2.9,5.94,27.1,374.0
2003-03-31,Anantapur,1.3,5.67,28.2,263.4
2003-04-02,Machilipatnam,0.9,5.54,27.6,250.2
2003-04-03,Anantapur,2.3,6.27,30.4,417.3
2003-04-04,Kurnool,1.6,6.56,27.4,444.2
2003-04-04,Tirupati,26.8,6.83,28.3,619.0
2003-04-05,Anantapur,10.6,5.89,27.2,329.9
2003-04-05,Kadapa,0.7,5.95,30.0,327.9
2003-04-05,Visakhapatnam,4.5,7.12,30.3,532.7
2003-04-06,Anantapur,6.1,5.67,29.9,372.7
2003-04-06,Ongole,5.0,5.72,26.2,275.9
2003-04-07,Guntur,6.1,6.0,29.8,288.9
2003-04-09,Guntur,0.7,6.46,29.6,396.3
2003-04-09,Visakhapatnam,10.9,6.26,28.4,509.8
2003-04-13,Guntur,3.8,6.45,26.7,349.7
2003-04-14,Amalapuram,10.6,6.31,28.3,434.9
2003-04-15,Nellore,0.6,6.2,29.2,488.8
2003-04-16,Visakhapatnam,5.3,5.77,28.8,342.7
2003-04-17,Kadapa,7.3,6.9,28.9,503.5
2003-04-22,Kadapa,5.0,6.45,30.4,467.8
2003-04-23,Kakinada,7.6,6.03,29.6,448.5
2003-04-23,Ongole,2.6,6.39,32.4,336.2
2003-04-24,Nellore,7.0,6.62,28.9,534.8
2003-04-24,Srikakulam,4.9,5.83,32.8,331.6
2003-04-24,Tirupati,4.0,5.59,28.5,355.4
2003-04-24,Vizianagaram,18.4,6.41,29.6,590.4
2003-04-25,Anantapur,4.4,6.62,29.2,462.4
2003-04-25,Eluru,13.0,6.52,29.3,385.0
2003-04-26,Amalapuram,11.4,6.61,29.1,503.3
2003-04-26,Anantapur,12.8,6.35,31.2,577.4
2003-04-26,Nellore,11.0,6.12,32.6,381.1
2003-04-27,Anantapur,23.9,7.12,29.2,653.2
2003-04-27,Anantapur,0.7,5.94,30.3,271.9
2003-04-27,Ongole,0.3,5.59,31.6,204.6
2003-04-27,Rajahmundry,3.4,5.3,28.8,286.7
2003-04-29,Kakinada,1.4,6.26,28.9,373.5
2003-04-30,Eluru,6.6,5.77,31.7,458.0
2003-04-30,Kurnool,1.5,6.15,30.1,333.3
2003-05-01,Srikakulam,7.8,6.01,32.0,372.5
2003-05-02,Vijayawada,0.5,5.41,28.8,275.5
2003-05-04,Amalapuram,7.5,6.54,29.3,540.5
2003-05-04,Rajahmundry,0.8,6.01,32.1,361.4
2003-05-05,Nellore,8.0,6.39,27.6,574.3
2003-05-09,Amalapuram,4.1,5.93,31.4,466.8
2003-05-09,Kadapa,2.8,6.18,29.9,367.9
2003-05-10,Guntur,21.6,7.24,31.6,706.2
2003-05-12,Nellore,6.0,6.15,32.2,421.0
2003-05-12,Vizianagaram,13.0,6.19,30.4,467.8
2003-05-13,Guntur,3.0,5.83,31.7,218.4
2003-05-16,Kakinada,6.3,5.66,29.3,337.5
2003-05-17,Kadapa,11.7,6.7,33.6,503.1
2003-05-18,Amalapuram,2.9,5.81,28.6,334.9
2003-05-18,Guntur,10.4,6.01,30.2,494.2
2003-05-18,Kakinada,4.5,5.55,31.9,347.1
2003-05-21,Vizianagaram,14.1,6.54,29.6,584.5
2003-05-24,Kurnool,3.1,5.71,30.6,271.4
2003-05-24,Ongole,2.6,6.35,30.7,437.5
2003-05-24,Srikakulam,4.9,6.12,32.4,546.6
2003-05-25,Anantapur,4.4,5.57,31.5,230.5
2003-05-27,Kadapa,3.3,6.14,32.5,413.2
2003-05-28,Machilipatnam,0.9,6.37,33.3,318.7
2003-05-29,Rajahmundry,13.2,6.72,26.9,574.9
2003-05-29,Vijayawada,5.4,6.82,29.6,453.1
2003-05-30,Eluru,8.9,5.03,32.8,277.5
2003-05-30,Srikakulam,9.3,6.89,32.2,529.0
2003-05-31,Amalapuram,2.9,6.11,31.8,509.9
2003-05-31,Kurnool,2.8,6.48,31.6,494.3
2003-05-31,Ongole,4.1,5.89,32.5,459.6
2003-06-02,Nellore,22.2,7.21,28.7,652.2
2003-06-03,Amalapuram,8.6,6.5,33.0,543.3
2003-06-03,Kurnool,6.6,6.08,32.4,360.7
2003-06-03,Kurnool,5.4,6.26,30.7,384.1
2003-06-03,Visakhapatnam,1.6,5.88,28.2,335.2
2003-06-04,Guntur,7.1,6.27,31.5,357.7
2003-06-05,Visakhapatnam,119.2,11.08,32.1,1945.5
2003-06-06,Kadapa,27.8,7.07,31.2,670.5
2003-06-06,Nellore,8.5,7.19,33.8,619.7
2003-06-06,Rajahmundry,9.0,6.98,31.1,621.3
2003-06-06,Tirupati,5.5,6.49,32.1,469.7
2003-06-07,Kurnool,31.3,7.75,30.5,873.8
2003-06-09,Anantapur,17.3,7.11,33.3,657.6
2003-06-10,Kadapa,5.3,5.8,31.5,280.4
2003-06-10,Vizianagaram,3.5,5.4,34.4,298.8
2003-06-11,Kadapa,7.5,6.71,31.6,541.4
2003-06-12,Kadapa,19.0,7.15,31.5,589.2
2003-06-12,Kadapa,13.2,6.45,34.6,546.6
2003-06-13,Machilipatnam,60.1,9.04,28.8,1263.7
2003-06-14,Tirupati,45.0,6.84,31.8,746.6
2003-06-15,Nellore,16.9,6.49,32.8,557.2
2003-06-15,Ongole,4.2,5.76,33.3,282.7
2003-06-17,Amalapuram,9.4,6.02,32.3,385.1
2003-06-17,Kurnool,26.0,7.18,31.0,800.0
2003-06-17,Vijayawada,21.7,7.35,32.5,662.8
2003-06-17,Vizianagaram,17.5,6.67,32.8,609.3
2003-06-18,Machilipatnam,15.9,6.55,32.4,598.8
2003-06-18,Tirupati,2.2,6.7,32.2,495.8
2003-06-19,Tirupati,12.9,7.35,30.8,646.9
2003-06-21,Amalapuram,9.5,6.91,29.4,621.4
2003-06-21,Guntur,8.2,7.27,32.4,610.4
2003-06-23,Anantapur,7.9,7.02,30.2,619.8
2003-06-24,Vijayawada,6.3,7.02,31.1,547.2
2003-06-28,Eluru,27.1,7.51,33.6,752.3
2003-06-30,Ongole,43.9,8.13,31.0,996.4
2003-07-01,Visakhapatnam,27.6,7.57,28.6,854.1
2003-07-02,Eluru,11.5,6.93,32.7,601.6
2003-07-02,Kakinada,13.9,6.49,33.8,511.0
2003-07-02,Machilipatnam,26.4,7.6,30.4,748.3
2003-07-02,Rajahmundry,29.4,6.91,31.6,739.4
2003-07-03,Kakinada,10.8,4.93,32.4,246.1
2003-07-04,Kadapa,26.1,7.22,28.8,719.1
2003-07-04,Ongole,27.4,7.69,31.6,785.8
2003-07-05,Ongole,43.8,7.63,32.9,939.6
2003-07-05,Vijayawada,11.9,6.1,31.8,487.9
2003-07-06,Anantapur,14.8,7.08,29.9,648.0
2003-07-07,Amalapuram,11.8,6.78,29.1,659.8
2003-07-10,Amalapuram,77.5,9.0,32.8,1426.3
2003-07-11,Kakinada,21.2,7.06,32.1,636.6
2003-07-12,Ongole,17.5,7.36,31.5,656.4
2003-07-13,Anantapur,12.2,6.6,33.8,581.6
2003-07-13,Kadapa,15.8,6.83,33.2,612.4
2003-07-13,Vijayawada,6.8,5.93,31.4,445.1
2003-07-14,Machilipatnam,19.5,7.2,31.1,698.7
2003-07-15,Tirupati,2.7,6.11,34.1,365.4
2003-07-16,Amalapuram,1.6,5.83,32.0,355.3
2003-07-16,Rajahmundry,0.4,5.49,32.5,256.0
2003-07-17,Eluru,90.0,11.19,27.9,1768.0
2003-07-17,Kadapa,30.3,8.08,31.0,824.3
2003-07-18,Machilipatnam,9.9,7.04,32.0,612.1
2003-07-18,Rajahmundry,25.6,7.38,33.1,825.3
2003-07-19,Anantapur,16.1,7.13,28.1,662.2
2003-07-19,Kadapa,24.1,6.4,32.3,575.0
2003-07-20,Nellore,9.8,6.46,32.8,505.4
2003-07-20,Rajahmundry,102.2,9.88,29.4,1701.7
2003-07-24,Kurnool,20.5,7.0,32.8,643.5
2003-07-24,Machilipatnam,35.5,7.86,28.7,852.7
2003-07-27,Kadapa,13.4,6.06,28.0,394.6
2003-07-27,Kakinada,2.5,6.53,32.2,486.8
2003-07-30,Guntur,25.5,7.36,29.8,812.7
2003-07-30,Kadapa,12.7,6.48,30.8,553.3
2003-07-31,Machilipatnam,4.2,6.09,30.3,425.9
2003-08-01,Ongole,68.8,8.99,28.8,1285.6
2003-08-01,Tirupati,25.5,6.94,31.8,651.6
2003-08-02,Kurnool,1.5,5.26,30.7,204.1
2003-08-02,Srikakulam,55.0,8.24,29.8,1089.0
2003-08-03,Srikakulam,2.7,6.42,32.2,406.5
2003-08-04,Anantapur,10.0,6.9,30.9,548.8
2003-08-04,Visakhapatnam,1.0,6.06,30.2,366.2
2003-08-05,Guntur,7.6,6.29,31.3,482.4
2003-08-07,Anantapur,24.2,7.31,29.4,668.1
2003-08-08,Tirupati,10.2,6.27,29.2,440.5
2003-08-08,Vizianagaram,20.8,6.45,31.6,668.5
2003-08-12,Kakinada,31.2,7.74,32.1,833.9
2003-08-12,Machilipatnam,14.9,6.72,30.5,530.1
2003-08-12,Visakhapatnam,2.6,6.47,31.3,494.5
2003-08-13,Anantapur,35.4,6.47,33.6,714.3
2003-08-13,Kadapa,22.7,7.45,29.6,692.2
2003-08-14,Kakinada,5.8,6.78,30.6,488.0
2003-08-15,Amalapuram,14.7,6.9,29.9,683.2
2003-08-17,Vizianagaram,12.2,6.41,28.6,459.2
2003-08-19,Kakinada,17.1,7.21,29.8,684.1
2003-08-21,Vijayawada,12.6,6.71,28.3,550.8
2003-08-25,Amalapuram,12.2,5.54,29.3,379.7
2003-08-26,Anantapur,2.8,5.93,27.3,440.9
2003-08-26,Tirupati,2.0,5.07,29.9,233.0
2003-08-27,Guntur,4.4,6.65,29.0,441.4
2003-08-27,Srikakulam,7.4,5.98,29.5,450.3
2003-08-28,Guntur,86.0,9.76,24.3,1660.4
2003-08-29,Eluru,3.0,6.01,28.6,404.3
2003-08-29,Ongole,17.1,6.97,27.1,665.5
2003-08-30,Kurnool,18.6,6.7,29.0,562.7
2003-08-30,Visakhapatnam,14.6,7.42,29.9,719.2
2003-08-31,Nellore,0.9,6.25,30.5,407.5
2003-09-01,Kadapa,6.7,6.29,29.0,475.9
2003-09-02,Anantapur,31.6,7.37,27.6,851.8
2003-09-04,Kadapa,4.7,6.3,27.0,431.4
2003-09-05,Vizianagaram,56.7,8.54,31.3,1124.1
2003-09-07,Anantapur,21.9,7.41,28.1,745.5
2003-09-08,Tirupati,23.2,7.57,29.9,771.1
2003-09-09,Kakinada,15.4,6.24,27.3,487.3
2003-09-09,Kurnool,13.6,6.89,30.7,678.1
2003-09-09,Visakhapatnam,165.9,13.63,29.3,2727.9
2003-09-11,Nellore,4.8,6.75,29.9,566.1
2003-09-11,Visakhapatnam,168.4,13.9,29.7,2795.7
2003-09-12,Kurnool,65.2,9.14,26.8,1323.6
2003-09-13,Srikakulam,2.1,6.07,27.6,400.7
2003-09-15,Ongole,63.7,9.21,25.2,1349.1
2003-09-16,Amalapuram,32.0,7.18,29.3,738.4
2003-09-16,Machilipatnam,18.5,7.0,31.7,662.3
2003-09-17,Amalapuram,17.2,6.7,29.3,565.5
2003-09-18,Guntur,49.9,8.57,25.0,1139.8
2003-09-19,Machilipatnam,1.6,5.74,29.1,286.0
2003-09-21,Kurnool,14.3,6.15,28.6,425.9
2003-09-23,Srikakulam,12.1,6.83,26.6,503.6
2003-09-24,Eluru,27.1,7.03,29.2,662.9
2003-09-25,Guntur,34.7,7.05,28.2,724.2
2003-09-26,Guntur,12.3,6.93,27.7,635.0
2003-09-26,Rajahmundry,0.8,6.15,29.7,329.7
2003-09-27,Anantapur,11.6,6.41,27.5,490.4
2003-09-27,Guntur,2.9,5.59,27.1,263.5
2003-09-27,Guntur,2.3,5.92,28.8,368.1
2003-09-27,Tirupati,1.3,5.36,27.9,368.2
2003-09-28,Eluru,35.9,7.85,24.2,898.8
2003-09-29,Anantapur,5.5,6.6,26.9,498.4
2003-09-30,Vizianagaram,28.0,6.29,28.4,515.6
2003-10-01,Kadapa,7.7,6.27,26.2,454.0
2003-10-01,Kakinada,5.3,6.48,27.0,527.8
2003-10-01,Kurnool,8.0,6.77,29.4,407.8
2003-10-01,Machilipatnam,8.1,6.36,29.2,394.8
2003-10-01,Ongole,21.6,6.07,29.4,529.5
2003-10-02,Vijayawada,11.3,6.76,24.5,629.3
2003-10-02,Vijayawada,94.2,10.79,26.3,1861.2
2003-10-03,Kurnool,10.4,5.49,25.9,388.0
2003-10-03,Vizianagaram,0.6,5.68,27.1,264.8
2003-10-08,Kurnool,0.9,5.52,26.7,256.7
2003-10-09,Machilipatnam,4.2,6.67,27.4,485.3
2003-10-11,Kurnool,2.0,7.11,27.8,594.1
2003-10-12,Nellore,18.5,6.65,24.6,594.3
2003-10-13,Kadapa,7.2,5.99,26.5,298.9
2003-10-14,Rajahmundry,0.5,5.59,28.9,358.6
2003-10-15,Machilipatnam,17.6,6.21,25.9,526.1
2003-10-15,Ongole,3.2,6.28,27.8,429.1
2003-10-16,Anantapur,3.5,5.32,26.4,268.5
2003-10-19,Anantapur,8.9,6.88,25.2,492.1
2003-10-20,Eluru,3.3,6.17,24.9,324.9
2003-10-21,Ongole,1.6,5.78,27.8,351.0
2003-10-21,Rajahmundry,3.4,7.06,28.1,480.2
2003-10-23,Anantapur,13.3,6.19,25.5,377.4
2003-10-23,Vijayawada,0.7,6.85,26.0,496.4
2003-10-24,Eluru,3.0,6.06,26.2,353.9
2003-10-24,Eluru,7.8,6.48,25.2,505.9
2003-10-24,Tirupati,6.3,6.83,23.5,609.8
2003-10-25,Ongole,8.7,7.12,27.5,575.0
2003-10-28,Nellore,7.1,6.53,26.2,423.2
2003-10-28,Visakhapatnam,2.3,6.38,23.8,426.2
2003-10-29,Amalapuram,6.5,6.64,25.7,528.0
2003-10-29,Visakhapatnam,1.4,5.54,24.5,336.4
2003-10-30,Eluru,12.8,6.4,26.2,539.1
2003-10-30,Vijayawada,13.8,6.79,27.3,645.7
2003-10-31,Eluru,0.3,6.28,25.4,419.0
2003-10-31,Ongole,2.1,5.7,25.2,265.6
2003-10-31,Visakhapatnam,7.5,6.39,23.0,458.0
2003-11-01,Eluru,3.4,6.79,24.7,479.2
2003-11-01,Tirupati,2.7,6.46,25.2,447.5
2003-11-03,Ongole,0.8,5.73,24.7,322.1
2003-11-04,Srikakulam,3.7,6.79,24.8,466.4
2003-11-06,Kakinada,6.0,5.95,26.6,383.8
2003-11-06,Machilipatnam,150.8,13.05,26.3,2572.0
2003-11-06,Visakhapatnam,5.9,6.84,27.2,505.4
2003-11-08,Amalapuram,62.3,8.57,24.0,1182.2
2003-11-08,Vijayawada,16.8,6.52,26.0,474.4
2003-11-08,Visakhapatnam,177.9,13.46,24.4,2739.7
2003-11-09,Kadapa,21.1,6.91,23.1,730.0
2003-11-09,Nellore,1.5,5.83,24.0,417.4
2003-11-11,Vijayawada,8.3,6.23,22.8,527.0
2003-11-12,Anantapur,13.7,6.51,23.4,522.3
2003-11-13,Vijayawada,13.7,7.04,26.2,666.0
2003-11-16,Vijayawada,3.6,6.53,26.8,498.1
2003-11-17,Guntur,3.4,7.07,24.0,473.7
2003-11-18,Vijayawada,1.1,6.52,22.4,425.0
2003-11-20,Eluru,6.1,6.38,24.8,491.8
2003-11-25,Nellore,9.6,6.0,24.6,463.3
2003-11-27,Kurnool,8.8,6.3,26.5,518.2
2003-11-28,Kakinada,8.6,5.95,25.1,345.9
2003-12-01,Eluru,7.5,6.19,23.3,432.2
2003-12-01,Kadapa,9.2,6.41,25.1,548.5
2003-12-02,Tirupati,12.1,5.89,24.4,383.5
2003-12-03,Anantapur,2.1,6.36,22.5,402.5
2003-12-04,Machilipatnam,19.7,6.73,24.7,575.3
2003-12-04,Nellore,5.5,6.11,23.5,453.4
2003-12-05,Visakhapatnam,3.3,6.25,23.9,437.6
2003-12-08,Vizianagaram,8.3,5.39,24.5,278.9
2003-12-11,Eluru,7.4,5.39,22.8,331.8
2003-12-13,Ongole,4.6,6.28,22.1,464.2
2003-12-14,Kurnool,0.9,6.15,26.8,360.1
2003-12-14,Machilipatnam,14.4,6.57,22.8,578.3
2003-12-15,Amalapuram,5.5,6.46,22.4,528.7
2003-12-15,Amalapuram,1.2,6.01,23.6,371.4
2003-12-15,Amalapuram,4.5,6.0,22.7,381.1
2003-12-16,Ongole,3.2,6.68,24.0,478.7
2003-12-16,Srikakulam,3.2,6.49,24.1,484.9
2003-12-18,Eluru,9.3,6.85,24.1,512.0
2003-12-20,Eluru,4.9,6.66,24.5,420.8
2003-12-20,Kurnool,3.8,5.82,27.6,353.9
2003-12-20,Rajahmundry,0.5,5.51,27.4,235.4
2003-12-21,Visakhapatnam,6.0,6.32,26.1,488.5
2003-12-22,Amalapuram,0.9,6.22,22.4,384.2
2003-12-22,Anantapur,5.0,6.53,22.7,504.8
2003-12-22,Vijayawada,8.0,7.54,23.6,690.6
2003-12-23,Machilipatnam,6.8,6.36,22.1,423.7
2003-12-26,Eluru,29.1,6.98,21.5,633.4
2003-12-26,Nellore,2.6,6.4,23.4,462.6
2003-12-28,Amalapuram,7.5,6.04,26.3,485.4
2003-12-28,Vijayawada,3.4,6.73,22.8,479.7
2003-12-28,Vizianagaram,0.9,6.53,24.2,431.7
2003-12-30,Vizianagaram,0.5,5.76,24.9,356.6
2003-12-31,Nellore,2.3,6.41,21.1,425.6
2004-01-02,Eluru,3.6,5.99,23.2,316.0
2004-01-02,Vizianagaram,2.6,5.61,23.9,192.0
2004-01-03,Kakinada,4.7,5.91,23.8,387.5
2004-01-03,Nellore,3.7,6.06,27.8,313.5
2004-01-03,Nellore,1.3,6.14,23.4,339.8
2004-01-04,Rajahmundry,6.8,6.16,25.0,393.6
2004-01-05,Anantapur,101.9,10.78,24.8,1866.1
2004-01-06,Ongole,4.2,6.45,19.9,407.3
2004-01-09,Kakinada,0.1,6.23,24.2,410.9
2004-01-11,Eluru,11.6,6.79,23.9,511.2
2004-01-11,Kakinada,3.9,6.3,25.7,349.6
2004-01-11,Srikakulam,3.2,5.72,24.6,327.0
2004-01-11,Vizianagaram,3.4,6.27,22.4,421.3
2004-01-14,Ongole,3.1,6.51,23.1,494.5
2004-01-15,Kurnool,9.1,5.96,23.5,366.5
2004-01-15,Ongole,1.8,6.14,23.5,283.4
2004-01-15,Vijayawada,12.0,6.32,27.2,465.7
2004-01-16,Srikakulam,10.5,6.22,26.2,411.0
2004-01-17,Eluru,12.1,6.76,23.2,567.9
2004-01-17,Visakhapatnam,1.4,6.47,24.2,445.9
2004-01-18,Rajahmundry,121.6,11.61,24.3,2204.4
2004-01-19,Eluru,5.7,6.49,25.1,463.4
2004-01-19,Kadapa,2.8,5.49,26.8,234.0
2004-01-19,Vijayawada,4.7,6.09,26.7,329.9
2004-01-20,Tirupati,2.4,6.77,24.8,503.0
2004-01-21,Kadapa,2.0,6.74,24.9,474.0
2004-01-21,Machilipatnam,5.0,6.74,28.6,528.4
2004-01-22,Visakhapatnam,4.7,6.59,23.4,476.1
2004-01-27,Tirupati,9.7,6.34,26.5,536.9
2004-01-27,Vijayawada,4.6,6.74,24.7,511.3
2004-01-28,Guntur,2.3,5.79,23.5,385.2
2004-01-29,Tirupati,13.7,6.65,24.4,668.0
2004-01-30,Vizianagaram,2.5,6.06,24.7,369.0
2004-01-31,Ongole,0.4,6.53,25.5,348.3
2004-02-01,Kurnool,1.9,5.94,27.0,334.3
2004-02-02,Kurnool,3.7,5.84,23.8,314.7
2004-02-02,Kurnool,8.7,6.23,24.4,410.0
2004-02-02,Ongole,1.3,6.47,26.0,394.3
2004-02-02,Vijayawada,2.4,5.79,24.9,356.3
2004-02-03,Vizianagaram,11.1,6.14,23.8,350.6
2004-02-04,Guntur,7.3,6.34,25.3,315.8
2004-02-05,Kadapa,11.8,6.57,25.4,520.7
2004-02-05,Kurnool,7.6,6.84,25.5,649.7
2004-02-06,Rajahmundry,4.1,6.84,23.4,510.1
2004-02-06,Tirupati,1.2,6.08,24.8,351.2
2004-02-07,Vijayawada,6.3,6.47,23.0,438.6
2004-02-08,Kadapa,7.2,5.98,24.8,345.7
2004-02-08,Kadapa,1.1,5.53,23.4,288.5
2004-02-08,Kakinada,15.0,5.62,26.8,387.8
2004-02-08,Ongole,1.6,6.04,24.2,311.9
2004-02-08,Tirupati,5.5,5.71,26.7,401.3
2004-02-08,Visakhapatnam,6.1,6.0,25.7,514.9
2004-02-09,Amalapuram,12.9,6.66,25.2,546.6
2004-02-09,Anantapur,1.1,6.22,26.0,399.9
2004-02-09,Kurnool,4.0,6.51,23.2,435.4
2004-02-09,Kurnool,4.8,6.76,26.1,376.3
2004-02-09,Nellore,2.9,6.02,28.1,294.4
2004-02-10,Machilipatnam,9.6,6.64,24.6,510.9
2004-02-12,Tirupati,8.7,6.37,26.1,515.3
2004-02-13,Kurnool,6.6,6.07,24.8,291.4
2004-02-15,Kakinada,1.8,6.43,24.8,403.1
2004-02-15,Kurnool,15.8,5.86,26.8,447.2
2004-02-15,Visakhapatnam,7.4,6.94,24.1,583.1
2004-02-16,Amalapuram,2.0,5.7,22.8,386.8
2004-02-16,Nellore,4.3,6.52,27.2,482.0
2004-02-16,Rajahmundry,3.3,6.18,24.8,408.9
2004-02-16,Tirupati,0.6,5.79,25.9,283.1
2004-02-17,Kakinada,12.9,7.12,28.0,603.9
2004-02-17,Rajahmundry,0.1,5.53,25.4,235.9
2004-02-22,Vizianagaram,1.2,7.09,26.9,507.7
2004-02-23,Vijayawada,11.9,6.27,27.8,547.4
2004-02-24,Kurnool,5.5,7.25,25.9,536.8
2004-02-24,Srikakulam,6.7,6.61,26.3,534.0
2004-02-25,Amalapuram,1.2,6.47,26.1,406.7
2004-02-26,Rajahmundry,2.9,5.94,28.3,357.2
2004-02-27,Vizianagaram,0.5,5.67,27.7,349.2
2004-02-28,Vijayawada,10.9,6.51,26.2,463.9
2004-02-29,Guntur,3.6,6.46,26.2,468.7
2004-03-01,Nellore,2.3,6.31,28.4,359.1
2004-03-01,Ongole,9.3,6.97,23.4,662.6
2004-03-01,Rajahmundry,12.2,6.22,26.7,499.3
2004-03-01,Vizianagaram,0.8,5.78,27.0,226.6
2004-03-02,Kakinada,6.1,6.09,23.7,410.8
2004-03-03,Vizianagaram,6.3,6.77,28.5,535.1
2004-03-06,Eluru,165.6,14.53,24.8,2875.8
2004-03-06,Kakinada,11.2,6.39,26.5,420.8
2004-03-06,Kurnool,0.6,6.34,24.8,431.0
2004-03-06,Rajahmundry,1.7,6.15,26.6,347.8
2004-03-06,Vijayawada,10.1,7.11,27.1,616.0
2004-03-06,Vijayawada,15.7,5.82,28.0,459.8
2004-03-07,Guntur,3.2,5.93,24.1,339.3
2004-03-11,Ongole,1.5,6.34,27.6,453.3
2004-03-13,Anantapur,5.0,5.67,27.3,256.8
2004-03-13,Kakinada,5.7,6.72,28.1,532.4
2004-03-14,Vizianagaram,8.8,7.53,29.8,540.7
2004-03-17,Tirupati,8.2,6.39,30.1,429.3
2004-03-18,Machilipatnam,7.4,6.33,28.3,527.1
2004-03-18,Tirupati,7.7,6.28,28.8,413.0
2004-03-19,Kurnool,6.1,6.37,30.1,381.3
2004-03-19,Tirupati,2.0,5.91,27.2,316.4
2004-03-19,Visakhapatnam,0.7,6.01,26.1,285.8
2004-03-20,Ongole,161.2,13.23,29.2,2681.6
2004-03-20,Tirupati,12.6,6.74,27.5,503.2
2004-03-22,Tirupati,9.8,6.33,26.4,441.6
2004-03-24,Eluru,4.2,6.3,29.9,562.2
2004-03-24,Kakinada,175.3,13.48,27.5,2868.6
2004-03-28,Amalapuram,5.8,5.72,29.2,350.3
2004-03-28,Vijayawada,17.0,5.67,29.3,465.3
2004-03-28,Vizianagaram,11.2,7.1,27.7,597.0
2004-03-30,Eluru,1.9,6.55,30.1,468.9
2004-03-30,Nellore,21.5,6.99,25.4,615.2
2004-04-01,Tirupati,3.2,7.29,25.5,636.7
2004-04-01,Visakhapatnam,5.4,6.23,29.2,388.4
2004-04-02,Amalapuram,5.2,6.59,27.5,454.4
2004-04-02,Nellore,2.5,5.78,29.2,389.1
2004-04-06,Ongole,7.2,6.35,27.2,440.8
2004-04-08,Ongole,0.4,5.13,29.3,236.0
2004-04-09,Kurnool,5.1,6.55,28.6,377.3
2004-04-12,Eluru,3.3,6.67,30.6,491.0
2004-04-13,Ongole,1.1,6.51,29.4,357.3
2004-04-14,Kadapa,7.8,6.77,30.1,521.6
2004-04-15,Kurnool,24.2,6.92,29.6,521.2
2004-04-15,Kurnool,8.8,6.76,32.2,482.8
2004-04-15,Ongole,4.6,6.52,29.4,574.1
2004-04-15,Visakhapatnam,0.3,5.78,27.9,256.3
2004-04-17,Guntur,20.9,6.96,26.6,575.7
2004-04-17,Nellore,0.5,6.53,29.5,329.5
2004-04-17,Ongole,70.0,9.38,30.9,1334.5
2004-04-18,Amalapuram,4.0,5.89,28.9,334.5
2004-04-19,Visakhapatnam,1.6,6.39,28.6,348.0
2004-04-21,Kadapa,6.9,6.45,30.1,462.7
2004-04-21,Srikakulam,2.0,5.13,31.5,247.3
2004-04-21,Tirupati,1.4,5.79,30.8,346.1
2004-04-22,Visakhapatnam,6.5,5.54,34.1,333.5
2004-04-24,Ongole,3.8,5.78,27.3,325.4
2004-04-24,Srikakulam,12.1,7.45,28.2,677.1
2004-04-24,Tirupati,1.4,6.63,29.5,373.9
2004-04-24,Visakhapatnam,14.7,6.68,30.3,660.5
2004-04-26,Srikakulam,1.9,5.35,26.1,310.6
2004-04-27,Kadapa,6.7,6.68,29.3,365.5
2004-04-27,Nellore,4.6,5.32,28.9,198.0
2004-04-29,Vijayawada,4.1,6.39,31.5,432.8
2004-04-30,Kadapa,14.1,6.41,28.9,420.6
2004-04-30,Machilipatnam,5.8,6.11,30.3,346.2
2004-05-02,Eluru,3.7,6.37,31.7,481.1
2004-05-03,Guntur,2.1,5.68,28.5,285.0
2004-05-04,Eluru,6.8,5.6,31.7,322.3
2004-05-04,Tirupati,25.2,7.18,30.2,724.1
2004-05-05,Rajahmundry,4.9,5.67,30.8,371.6
2004-05-06,Srikakulam,5.6,6.34,33.5,407.1
2004-05-06,Tirupati,3.5,6.4,32.0,398.9
2004-05-08,Guntur,0.4,6.31,30.8,398.8
2004-05-08,Kakinada,0.1,5.49,26.3,350.8
2004-05-08,Nellore,3.7,6.15,30.2,370.2
2004-05-09,Srikakulam,4.3,5.85,32.6,353.5
2004-05-09,Vizianagaram,1.9,6.78,32.6,549.7
2004-05-12,Guntur,0.1,5.71,30.6,322.7
2004-05-13,Tirupati,20.6,6.99,31.4,541.4
2004-05-14,Eluru,14.3,7.39,29.8,639.1
2004-05-14,Guntur,14.4,7.02,32.1,679.3
2004-05-14,Machilipatnam,1.3,6.56,31.7,476.2
2004-05-15,Kurnool,1.9,5.59,30.2,319.8
2004-05-15,Ongole,4.3,6.52,30.1,450.4
2004-05-16,Kakinada,4.7,6.18,33.1,309.9
2004-05-18,Guntur,6.3,6.45,31.6,571.2
2004-05-18,Nellore,5.7,6.46,30.5,399.9
2004-05-23,Srikakulam,6.1,5.88,31.7,305.7
2004-05-24,Guntur,2.2,6.17,31.7,305.2
2004-05-24,Srikakulam,7.8,6.73,31.2,490.5
2004-05-26,Kurnool,10.7,7.14,31.8,550.3
2004-05-26,Srikakulam,14.7,6.73,33.5,525.0
2004-05-28,Machilipatnam,1.9,6.28,29.6,370.9
2004-05-30,Machilipatnam,0.2,5.6,33.9,218.8
2004-05-31,Eluru,5.6,6.19,30.8,548.0
2004-05-31,Eluru,16.2,6.53,32.9,545.8
2004-05-31,Machilipatnam,6.1,5.27,32.5,297.5
2004-06-01,Srikakulam,9.7,7.13,31.7,662.3
2004-06-02,Nellore,11.4,6.46,30.1,542.8
2004-06-03,Kakinada,40.3,7.77,29.2,957.5
2004-06-03,Nellore,22.3,6.75,29.7,540.8
2004-06-04,Eluru,14.4,6.67,31.0,576.6
2004-06-04,Kadapa,15.0,7.24,33.9,684.9
2004-06-04,Tirupati,25.0,6.77,32.2,650.5
2004-06-05,Nellore,20.2,7.02,32.7,701.4
2004-06-05,Vizianagaram,44.5,7.8,30.2,855.2
2004-06-07,Vijayawada,52.2,8.28,29.9,1013.4
2004-06-08,Kadapa,7.1,6.55,32.1,409.8
2004-06-08,Machilipatnam,29.4,6.42,31.1,602.7
2004-06-09,Guntur,19.6,6.69,32.5,644.3
2004-06-09,Kadapa,7.9,6.41,31.8,550.0
2004-06-09,Kakinada,5.0,5.82,30.8,345.8
2004-06-09,Kurnool,6.1,6.3,35.2,356.5
2004-06-09,Vijayawada,11.9,6.64,32.7,567.9
2004-06-10,Anantapur,15.3,6.72,32.4,637.5
2004-06-11,Kakinada,84.4,10.23,33.5,1655.6
2004-06-17,Guntur,20.4,6.91,31.9,625.6
2004-06-18,Visakhapatnam,22.9,6.98,30.9,609.9
2004-06-22,Anantapur,49.6,8.67,30.1,1206.8
2004-06-22,Anantapur,52.7,8.24,32.5,1129.4
2004-06-22,Anantapur,12.7,5.32,33.9,366.6
2004-06-23,Anantapur,1.3,6.01,29.4,359.5
2004-06-23,Srikakulam,1.4,6.48,27.7,434.8
2004-06-26,Anantapur,14.2,6.93,29.4,600.7
2004-06-26,Tirupati,21.7,6.32,33.4,550.8
2004-06-27,Kadapa,37.8,6.85,34.3,661.7
2004-06-28,Vizianagaram,12.8,6.46,33.3,526.7
2004-06-29,Amalapuram,0.8,6.36,33.4,416.2
2004-06-29,Machilipatnam,1.4,6.4,28.2,439.6
2004-07-01,Eluru,11.3,6.08,31.2,426.1
2004-07-02,Machilipatnam,11.6,7.01,29.5,482.2
2004-07-05,Tirupati,99.9,10.84,30.5,1819.7
2004-07-07,Anantapur,23.9,6.65,33.0,649.0
2004-07-07,Srikakulam,5.5,6.51,31.7,436.7
2004-07-10,Ongole,10.3,6.43,30.9,529.5
2004-07-11,Rajahmundry,21.4,7.24,31.6,751.1
2004-07-12,Visakhapatnam,14.2,6.25,31.0,582.7
2004-07-13,Kakinada,10.4,6.76,31.3,560.0
2004-07-14,Guntur,18.5,5.41,30.3,331.4
2004-07-15,Eluru,29.7,7.36,32.1,788.5
2004-07-15,Kadapa,20.6,5.36,31.3,387.1
2004-07-15,Rajahmundry,30.3,7.12,32.2,760.4
2004-07-16,Kadapa,6.9,5.93,32.5,360.3
2004-07-16,Kurnool,111.2,11.1,31.7,1930.3
2004-07-17,Kadapa,180.1,13.37,32.9,2833.0
2004-07-17,Srikakulam,8.6,7.29,29.1,566.6
2004-07-18,Vizianagaram,3.5,6.07,32.4,355.2
2004-07-21,Amalapuram,8.3,6.37,28.1,485.0
2004-07-21,Nellore,12.7,6.96,31.4,585.8
2004-07-21,Srikakulam,26.9,7.19,29.5,729.9
2004-07-22,Kakinada,21.8,6.94,33.6,640.6
2004-07-24,Srikakulam,5.4,5.48,32.3,138.5
2004-07-26,Kakinada,15.5,6.76,31.4,558.7
2004-07-28,Ongole,26.6,8.83,28.6,935.6
2004-07-30,Visakhapatnam,11.0,5.98,32.0,378.4
2004-07-31,Tirupati,2.1,6.21,31.3,387.9
2004-08-04,Kurnool,9.4,5.8,31.7,363.1
2004-08-05,Machilipatnam,8.7,6.83,29.6,613.6
2004-08-06,Kurnool,3.3,6.55,29.6,427.0
2004-08-08,Amalapuram,8.6,6.04,30.1,371.9
2004-08-08,Tirupati,119.6,11.2,29.4,2012.0
2004-08-08,Vijayawada,19.4,6.77,32.0,546.7
2004-08-08,Vizianagaram,2.5,6.04,29.6,378.0
2004-08-09,Visakhapatnam,30.9,7.78,30.3,939.7
2004-08-10,Kurnool,14.5,6.3,26.7,586.8
2004-08-14,Eluru,9.6,5.83,28.7,371.6
2004-08-16,Kakinada,43.7,8.7,30.8,1142.2
2004-08-16,Machilipatnam,6.9,5.32,29.7,234.1
2004-08-16,Ongole,23.0,7.24,30.2,731.5
2004-08-17,Machilipatnam,13.5,7.37,30.4,618.2
2004-08-17,Vijayawada,10.2,7.34,27.7,665.0
2004-08-18,Vizianagaram,4.3,5.52,32.9,336.0
2004-08-19,Kakinada,24.4,6.83,28.2,691.7
2004-08-24,Kurnool,15.3,6.99,31.1,613.2
2004-08-24,Vijayawada,30.5,7.89,29.0,842.9
2004-08-26,Eluru,8.8,6.6,28.7,407.1
2004-08-28,Amalapuram,39.5,7.98,28.6,979.3
2004-08-28,Vijayawada,5.1,6.58,30.7,523.9
2004-08-28,Visakhapatnam,4.7,6.48,29.9,400.9
2004-08-29,Vijayawada,19.8,6.49,28.7,506.6
2004-08-30,Kurnool,1.7,6.09,30.2,388.4
2004-08-30,Rajahmundry,53.6,7.95,27.8,968.3
2004-08-31,Kadapa,7.3,6.41,26.2,428.3
2004-08-31,Vijayawada,1.8,6.58,30.9,535.7
2004-09-01,Ongole,45.6,7.9,29.2,1008.0
2004-09-01,Tirupati,24.6,7.13,28.7,734.1
2004-09-02,Kadapa,163.7,13.56,30.6,2702.7
2004-09-03,Kurnool,13.7,6.92,29.4,675.2
2004-09-03,Visakhapatnam,15.2,6.34,26.6,440.9
2004-09-04,Machilipatnam,1.6,5.84,27.0,369.5
2004-09-04,Vizianagaram,6.0,6.2,30.8,489.0
2004-09-05,Kurnool,36.8,6.05,27.4,565.0
2004-09-05,Machilipatnam,16.5,6.95,30.5,605.0
2004-09-05,Nellore,9.2,6.45,31.8,520.7
2004-09-07,Eluru,17.4,6.57,28.8,611.5
2004-09-07,Vizianagaram,31.0,7.82,28.4,866.8
2004-09-08,Rajahmundry,7.9,6.21,29.9,359.1
2004-09-09,Guntur,3.5,5.53,29.1,345.8
2004-09-13,Ongole,12.4,6.12,27.7,444.3
2004-09-14,Kurnool,21.9,6.36,26.3,522.8
2004-09-15,Eluru,2.9,5.64,28.1,280.6
2004-09-16,Nellore,3.7,6.09,31.2,460.9
2004-09-17,Vijayawada,23.8,7.7,26.1,853.5
2004-09-18,Kurnool,17.4,7.3,27.7,624.8
2004-09-18,Kurnool,5.1,6.9,29.3,522.1
2004-09-18,Vizianagaram,6.9,6.32,26.6,433.4
2004-09-19,Amalapuram,9.2,6.28,27.3,518.3
2004-09-19,Anantapur,28.2,7.13,28.0,751.9
2004-09-19,Kakinada,21.1,6.29,30.4,538.4
2004-09-21,Vizianagaram,19.2,6.69,28.6,569.3
2004-09-22,Anantapur,19.9,7.59,27.5,729.3
2004-09-22,Vijayawada,31.4,7.45,24.2,853.8
2004-09-23,Eluru,0.7,5.48,28.5,239.9
2004-09-24,Vijayawada,0.6,5.62,27.1,330.2
2004-09-24,Visakhapatnam,6.4,5.97,31.0,305.6
2004-09-27,Tirupati,8.5,6.49,28.3,357.6
2004-09-27,Vizianagaram,37.7,8.11,29.1,1017.7
2004-09-28,Eluru,19.3,6.68,26.8,611.3
2004-09-28,Rajahmundry,5.6,7.02,27.5,575.5
2004-09-29,Rajahmundry,37.7,7.35,24.9,885.6
2004-10-02,Anantapur,2.2,6.43,24.9,467.1
2004-10-03,Eluru,1.4,6.25,27.6,435.9
2004-10-03,Ongole,2.6,6.15,27.9,420.5
2004-10-03,Rajahmundry,7.5,6.85,27.4,501.4
2004-10-04,Rajahmundry,9.4,6.1,28.7,400.3
2004-10-05,Vizianagaram,0.9,5.82,27.6,394.3
2004-10-06,Eluru,3.1,5.9,26.2,381.9
2004-10-06,Guntur,2.8,6.5,27.5,451.3
2004-10-06,Rajahmundry,1.7,6.17,28.9,400.3
2004-10-07,Machilipatnam,1.2,5.5,27.5,251.1
2004-10-08,Kadapa,8.4,5.9,27.5,445.3
2004-10-08,Nellore,10.9,6.27,25.9,362.6
2004-10-09,Visakhapatnam,11.7,6.32,28.1,406.4
2004-10-10,Ongole,16.4,6.8,25.1,544.6
2004-10-12,Anantapur,3.1,6.34,26.9,513.9
2004-10-13,Srikakulam,9.1,5.91,25.2,340.8
2004-10-15,Ongole,2.1,6.52,26.9,469.6
2004-10-16,Vijayawada,5.7,6.72,22.3,402.1
2004-10-17,Kurnool,11.7,6.81,25.7,548.2
2004-10-18,Vijayawada,2.1,5.93,26.1,408.3
2004-10-19,Eluru,4.7,6.51,22.9,385.8
2004-10-19,Guntur,3.7,5.78,24.3,280.7
2004-10-20,Tirupati,9.2,6.25,22.7,473.5
2004-10-20,Visakhapatnam,6.6,6.18,26.9,505.5
2004-10-20,Visakhapatnam,13.7,6.2,27.5,480.1
2004-10-23,Kadapa,2.8,5.95,25.7,395.5
2004-10-23,Kakinada,0.7,5.95,25.6,377.8
2004-10-24,Tirupati,5.5,7.3,22.6,666.2
2004-10-27,Amalapuram,6.2,6.05,24.6,521.8
2004-10-27,Kurnool,2.4,5.37,23.4,334.3
2004-10-27,Ongole,18.7,6.68,24.8,527.9
2004-10-27,Vijayawada,32.3,8.12,25.4,851.4
2004-10-30,Vizianagaram,12.5,6.32,28.5,540.8
2004-10-31,Amalapuram,5.4,6.8,25.6,628.7
2004-10-31,Kakinada,21.5,7.22,24.8,702.9
2004-11-01,Guntur,6.2,6.63,28.3,519.9
2004-11-01,Machilipatnam,3.9,5.62,23.9,250.4
2004-11-02,Ongole,4.3,6.13,23.2,374.5
2004-11-03,Kakinada,0.7,5.76,24.9,322.1
2004-11-06,Vizianagaram,11.5,7.08,24.7,597.1
2004-11-07,Kadapa,5.8,6.21,22.2,411.6
2004-11-07,Kadapa,5.6,6.01,25.9,385.2
2004-11-07,Ongole,1.3,6.86,24.4,513.5
2004-11-07,Vizianagaram,1.5,5.68,25.2,287.5
2004-11-08,Vijayawada,0.4,6.33,26.8,441.0
2004-11-09,Tirupati,2.7,5.76,24.6,417.2
2004-11-10,Kakinada,2.3,6.67,25.0,572.1
2004-11-10,Vizianagaram,4.4,6.65,26.3,489.1
2004-11-12,Guntur,3.4,5.87,24.4,333.5
2004-11-14,Vizianagaram,12.9,5.8,25.6,316.3
2004-11-16,Guntur,0.5,5.73,27.7,270.8
2004-11-17,Kadapa,0.5,6.57,27.4,470.3
2004-11-18,Tirupati,5.4,6.09,25.6,308.0
2004-11-20,Kadapa,19.5,6.41,24.6,584.7
2004-11-21,Anantapur,7.8,7.61,24.4,595.6
2004-11-21,Srikakulam,1.6,5.84,25.1,321.7
2004-11-24,Amalapuram,10.5,6.35,24.7,491.6
2004-11-25,Vijayawada,0.4,5.68,24.2,319.7
2004-11-26,Amalapuram,2.0,6.08,22.4,360.3
2004-11-27,Amalapuram,5.2,6.21,25.4,447.1
2004-11-27,Machilipatnam,2.0,6.31,24.9,324.5
2004-11-27,Nellore,11.3,6.52,26.3,417.9
2004-11-28,Eluru,0.7,6.27,27.0,447.2
2004-11-30,Nellore,3.5,5.81,23.5,375.3
2004-11-30,Rajahmundry,5.9,6.64,22.9,551.5
2004-11-30,Vizianagaram,2.2,6.0,24.2,418.0
2004-12-03,Kadapa,4.0,6.02,26.2,401.4
2004-12-05,Rajahmundry,2.6,6.95,23.0,555.5
2004-12-05,Vizianagaram,7.4,6.24,24.4,429.4
2004-12-06,Eluru,154.4,12.44,24.1,2394.4
2004-12-06,Eluru,2.3,5.51,22.2,353.3
2004-12-10,Machilipatnam,14.0,6.06,24.0,492.7
2004-12-10,Tirupati,10.7,6.01,25.1,414.4
2004-12-10,Vijayawada,4.5,5.99,25.5,333.6
2004-12-13,Guntur,2.9,5.76,23.4,280.8
2004-12-13,Tirupati,150.4,12.72,21.3,2537.1
2004-12-14,Machilipatnam,1.0,5.93,25.3,303.5
2004-12-14,Machilipatnam,4.4,6.8,26.0,542.8
2004-12-15,Rajahmundry,2.2,5.66,25.2,305.5
2004-12-17,Kadapa,20.9,7.35,22.9,683.7
2004-12-17,Tirupati,168.8,13.63,23.7,2744.9
2004-12-18,Rajahmundry,6.6,6.63,22.6,392.2
2004-12-19,Srikakulam,29.5,7.62,21.8,804.3
2004-12-19,Vizianagaram,10.9,6.24,24.6,470.3
2004-12-21,Srikakulam,7.3,6.73,22.7,407.0
2004-12-23,Ongole,5.9,6.05,21.7,403.4
2004-12-25,Visakhapatnam,2.8,5.94,23.7,315.2
2004-12-26,Eluru,162.0,13.29,26.1,2763.7
2004-12-26,Guntur,5.8,6.4,23.0,496.5
2004-12-26,Guntur,17.9,7.08,24.0,554.2
2004-12-28,Kakinada,4.7,6.48,22.9,556.8
2004-12-28,Kurnool,14.9,6.41,22.4,517.0
2004-12-28,Ongole,8.0,6.24,23.2,417.7
2004-12-29,Amalapuram,2.4,5.71,22.7,357.1
2004-12-29,Kadapa,54.7,8.15,21.9,1116.9
2005-01-01,Tirupati,20.0,7.09,24.2,732.9
2005-01-02,Srikakulam,13.3,6.91,23.2,534.7
2005-01-02,Vizianagaram,19.6,7.4,22.5,722.1
2005-01-03,Nellore,3.8,6.17,26.3,465.3
2005-01-03,Rajahmundry,0.6,5.55,25.3,291.5
2005-01-04,Kakinada,9.3,5.66,22.9,321.5
2005-01-04,Machilipatnam,4.9,5.93,27.0,359.3
2005-01-04,Visakhapatnam,2.8,6.29,24.1,427.0
2005-01-05,Vijayawada,1.5,5.96,22.8,294.2
2005-01-06,Amalapuram,178.3,14.05,22.1,2890.1
2005-01-06,Tirupati,1.4,6.55,26.5,362.4
2005-01-07,Amalapuram,1.0,6.23,23.9,387.9
2005-01-07,Nellore,3.9,6.69,23.2,485.4
2005-01-09,Anantapur,183.8,13.93,25.3,2870.6
2005-01-09,Kadapa,10.0,6.74,23.8,477.4
2005-01-09,Machilipatnam,5.8,5.87,24.4,265.0
2005-01-09,Machilipatnam,1.0,6.05,25.6,350.3
2005-01-11,Eluru,0.7,5.83,24.1,283.1
2005-01-11,Kadapa,2.4,6.64,26.2,479.1
2005-01-11,Vizianagaram,2.6,6.21,26.1,325.9
2005-01-12,Nellore,93.1,10.88,24.3,1830.3
2005-01-13,Visakhapatnam,1.6,6.07,28.6,339.1
2005-01-15,Nellore,6.6,6.66,22.8,584.0
2005-01-15,Rajahmundry,13.2,6.35,23.9,523.2
2005-01-15,Vizianagaram,6.8,6.11,26.1,350.3
2005-01-17,Anantapur,2.2,5.89,23.6,361.4
2005-01-17,Kadapa,10.1,6.71,25.4,495.4
2005-01-17,Srikakulam,5.3,6.2,26.5,469.0
2005-01-18,Kakinada,8.1,6.25,25.8,477.6
2005-01-19,Kurnool,6.5,6.56,23.8,651.9
2005-01-20,Vijayawada,8.3,6.89,24.6,522.1
2005-01-22,Guntur,24.8,7.33,24.7,738.6
2005-01-22,Rajahmundry,12.6,6.15,25.8,405.2
2005-01-23,Rajahmundry,15.5,7.25,26.8,691.1
2005-01-24,Kakinada,6.1,5.6,25.3,314.1
2005-01-24,Ongole,4.3,6.3,24.7,469.4
2005-01-24,Srikakulam,16.9,6.67,23.5,515.6
2005-01-26,Srikakulam,7.2,6.14,26.1,413.2
2005-01-26,Visakhapatnam,4.8,5.42,25.8,341.1
2005-01-27,Amalapuram,7.9,6.01,24.9,493.6
2005-01-27,Visakhapatnam,3.4,5.84,21.4,318.2
2005-01-30,Amalapuram,9.3,6.27,23.8,425.1
2005-01-30,Eluru,18.6,6.12,26.2,597.9
2005-01-30,Kurnool,62.7,9.39,26.3,1300.9
2005-01-30,Tirupati,0.7,6.79,24.7,515.7
2005-01-31,Srikakulam,7.5,5.45,25.1,359.4
2005-02-03,Guntur,12.2,6.44,24.2,504.1
2005-02-03,Vizianagaram,1.6,5.96,25.1,292.4
2005-02-04,Kakinada,7.2,6.36,21.2,482.5
2005-02-05,Tirupati,6.1,6.08,23.7,340.6
2005-02-06,Rajahmundry,6.7,6.31,27.2,511.3
2005-02-07,Rajahmundry,9.8,6.27,24.9,526.2
2005-02-12,Machilipatnam,6.6,6.93,24.1,484.5
2005-02-12,Srikakulam,2.1,6.21,24.2,331.1
2005-02-13,Vijayawada,17.9,6.34,25.0,492.0
2005-02-14,Vizianagaram,2.8,5.61,24.6,379.6
2005-02-17,Srikakulam,0.4,5.68,24.4,286.3
2005-02-17,Srikakulam,3.3,6.4,26.2,459.7
2005-02-20,Vijayawada,10.0,6.12,26.2,520.6
2005-02-20,Vijayawada,4.2,6.33,27.0,388.2
2005-02-21,Amalapuram,0.9,6.75,24.1,550.1
2005-02-21,Nellore,0.6,5.28,26.0,132.7
2005-02-21,Ongole,7.1,5.54,23.8,364.4
2005-02-22,Kakinada,5.8,6.43,24.7,427.3
2005-02-23,Anantapur,8.0,6.43,27.4,406.1
2005-02-23,Machilipatnam,9.3,6.9,24.5,540.1
2005-02-23,Ongole,7.9,6.43,28.4,439.7
2005-02-24,Ongole,6.3,6.56,26.5,535.5
2005-02-27,Eluru,7.8,6.48,27.2,479.2
2005-02-28,Kakinada,1.7,6.15,28.4,388.5
2005-02-28,Kakinada,4.7,6.27,25.8,435.2
2005-02-28,Machilipatnam,7.3,5.47,26.0,340.8
2005-03-01,Nellore,68.6,9.28,24.2,1340.2
2005-03-02,Kurnool,1.2,6.47,27.8,470.7
2005-03-03,Vizianagaram,5.4,7.14,27.4,598.1
2005-03-06,Guntur,2.2,6.53,26.4,486.4
2005-03-06,Rajahmundry,6.2,6.91,27.4,597.4
2005-03-07,Nellore,0.3,5.03,28.0,251.7
2005-03-10,Kakinada,2.3,5.84,25.5,330.0
2005-03-12,Visakhapatnam,7.3,6.23,25.9,426.1
2005-03-13,Kakinada,16.8,6.62,28.2,576.3
2005-03-15,Anantapur,10.8,6.65,24.1,493.0
2005-03-16,Anantapur,2.9,6.65,26.4,503.6
2005-03-16,Guntur,3.7,6.18,27.5,377.1
2005-03-17,Nellore,10.3,6.85,28.1,517.4
2005-03-18,Amalapuram,11.0,6.42,28.9,427.9
2005-03-18,Eluru,0.2,5.69,29.4,325.6
2005-03-18,Srikakulam,1.2,6.14,28.6,411.2
2005-03-18,Vijayawada,6.0,5.42,29.2,259.1
2005-03-18,Vijayawada,2.9,5.8,29.1,314.3
2005-03-20,Kurnool,4.4,5.98,29.8,346.7
2005-03-20,Vijayawada,2.8,6.23,27.1,434.6
2005-03-21,Eluru,1.0,6.07,26.3,393.4
2005-03-21,Kadapa,12.2,7.06,29.3,510.9
2005-03-21,Vizianagaram,17.2,6.77,26.6,557.6
2005-03-22,Amalapuram,10.4,5.93,29.6,437.6
2005-03-22,Anantapur,2.7,5.86,27.4,365.3
2005-03-23,Amalapuram,0.8,5.93,30.4,257.7
2005-03-24,Guntur,0.4,6.08,28.4,342.2
2005-03-24,Visakhapatnam,12.1,5.97,27.3,422.2
2005-03-27,Ongole,16.2,7.19,29.4,658.7
2005-03-31,Kadapa,7.4,6.27,28.0,361.0
2005-04-02,Eluru,2.7,5.08,28.7,187.5
2005-04-02,Visakhapatnam,11.7,6.53,28.8,527.3
2005-04-03,Machilipatnam,58.3,8.14,29.0,1126.2
2005-04-05,Guntur,0.7,5.94,31.0,398.4
2005-04-05,Vizianagaram,6.1,5.63,28.1,320.2
2005-04-06,Nellore,3.7,6.38,29.8,431.3
2005-04-07,Amalapuram,3.8,6.31,29.3,243.9
2005-04-07,Ongole,7.5,5.87,31.3,332.1
2005-04-08,Vijayawada,10.2,6.52,26.3,411.9
2005-04-08,Vizianagaram,15.5,7.4,29.5,639.8
2005-04-09,Srikakulam,22.2,6.92,26.6,645.9
2005-04-09,Srikakulam,4.1,6.94,29.1,394.6
2005-04-13,Tirupati,3.5,6.33,29.7,393.9
2005-04-14,Rajahmundry,12.0,6.39,30.3,458.0
2005-04-15,Guntur,101.0,10.43,26.0,1723.1
2005-04-16,Kakinada,12.5,6.62,30.9,518.0
2005-04-16,Ongole,4.4,5.87,28.1,450.3
2005-04-16,Tirupati,4.7,7.3,29.0,562.6
2005-04-17,Amalapuram,1.1,5.92,27.2,272.9
2005-04-17,Vizianagaram,0.2,6.08,30.2,326.4
2005-04-19,Amalapuram,19.9,6.74,30.9,613.3
2005-04-19,Visakhapatnam,10.7,6.46,29.2,550.9
2005-04-20,Vijayawada,3.7,6.04,27.4,362.9
2005-04-21,Rajahmundry,6.1,5.02,31.3,176.5
2005-04-23,Anantapur,8.9,6.61,31.0,420.1
2005-04-25,Vizianagaram,7.6,6.04,29.3,322.9
2005-04-26,Machilipatnam,14.6,5.74,31.0,364.7
2005-04-27,Machilipatnam,5.2,6.75,31.2,527.4
2005-04-28,Kadapa,12.2,6.3,33.7,463.7
2005-04-29,Srikakulam,2.7,5.54,29.5,282.1
2005-05-03,Rajahmundry,9.3,6.63,32.6,553.2
2005-05-04,Anantapur,13.7,6.45,32.0,562.2
2005-05-05,Anantapur,10.0,7.35,29.2,649.1
2005-05-05,Eluru,0.5,6.11,29.0,335.8
2005-05-05,Kadapa,0.6,6.62,32.4,395.5
2005-05-05,Machilipatnam,14.4,7.09,29.3,617.1
2005-05-05,Visakhapatnam,13.1,6.7,31.0,487.6
2005-05-05,Vizianagaram,1.7,6.6,31.2,426.0
2005-05-06,Eluru,139.4,12.48,28.1,2449.1
2005-05-06,Srikakulam,4.8,5.62,32.8,322.1
2005-05-09,Guntur,3.0,6.36,30.2,430.1
2005-05-09,Ongole,1.2,5.77,29.7,408.9
2005-05-09,Tirupati,4.0,6.92,31.0,525.0
2005-05-10,Anantapur,0.1,5.8,31.8,309.7
2005-05-10,Tirupati,0.3,6.22,31.2,482.5
2005-05-10,Visakhapatnam,160.7,13.1,30.0,2588.5
2005-05-11,Guntur,22.5,7.51,35.1,704.9
2005-05-12,Ongole,5.1,6.54,30.1,410.6
2005-05-13,Kadapa,1.4,5.63,31.1,323.0
2005-05-13,Srikakulam,4.3,6.38,32.6,348.0
2005-05-14,Kadapa,4.1,6.66,29.4,569.2
2005-05-15,Vijayawada,5.6,6.49,32.0,445.9
2005-05-17,Kurnool,2.5,5.39,30.4,278.5
2005-05-17,Visakhapatnam,2.3,6.48,30.2,493.9
2005-05-20,Srikakulam,1.0,5.99,32.2,328.9
2005-05-21,Guntur,7.5,6.36,32.7,443.7
2005-05-21,Vijayawada,6.0,5.87,32.3,409.8
2005-05-22,Nellore,4.8,6.1,31.2,467.4
2005-05-22,Vijayawada,3.8,6.59,29.7,421.2
2005-05-24,Eluru,9.3,6.44,30.4,370.2
2005-05-24,Machilipatnam,3.5,6.25,31.2,514.5
2005-05-25,Rajahmundry,10.4,6.98,30.5,504.4
2005-05-25,Tirupati,19.5,6.82,33.2,598.6
2005-05-26,Visakhapatnam,5.8,5.98,31.5,394.6
2005-05-27,Nellore,2.4,5.97,31.1,320.9
2005-05-28,Guntur,2.2,6.43,32.5,466.5
2005-05-28,Guntur,9.6,6.3,28.4,460.5
2005-05-30,Anantapur,4.9,5.72,34.5,280.9
2005-05-30,Ongole,9.8,6.72,32.3,523.7
2005-05-30,Rajahmundry,17.8,6.41,32.4,472.4
2005-05-31,Kadapa,1.7,6.25,32.4,432.8
2005-05-31,Kadapa,9.1,6.12,32.1,376.6
2005-05-31,Kurnool,124.1,11.4,29.9,2014.0
2005-05-31,Machilipatnam,3.8,6.3,31.1,467.8
2005-06-01,Eluru,14.0,6.11,33.2,446.2
2005-06-02,Amalapuram,52.0,7.93,29.1,985.7
2005-06-03,Eluru,4.9,5.88,31.4,378.4
2005-06-03,Kakinada,83.8,10.37,32.4,1519.4
2005-06-03,Kurnool,37.6,7.84,31.1,882.4
2005-06-03,Srikakulam,37.0,8.62,28.8,1092.1
2005-06-04,Anantapur,4.9,6.22,29.2,268.8
2005-06-06,Guntur,45.5,8.29,31.7,1044.2
2005-06-07,Rajahmundry,22.4,6.59,31.6,448.8
2005-06-10,Kadapa,8.6,6.16,33.8,546.6
2005-06-10,Machilipatnam,16.1,6.69,32.4,602.1
2005-06-11,Vijayawada,44.9,7.85,31.0,993.6
2005-06-12,Visakhapatnam,61.8,8.71,31.4,1270.8
2005-06-14,Nellore,27.8,7.86,31.3,833.1
2005-06-15,Rajahmundry,58.4,8.78,30.4,1157.4
2005-06-19,Amalapuram,6.8,6.22,32.2,417.3
2005-06-19,Ongole,55.8,8.99,31.3,1240.5
2005-06-20,Kurnool,31.5,7.13,30.4,669.9
2005-06-21,Vizianagaram,7.5,6.08,31.6,366.2
2005-06-25,Amalapuram,10.6,6.6,30.6,570.3
2005-06-25,Kakinada,23.1,6.01,31.2,536.9
2005-06-27,Vizianagaram,3.4,6.63,32.9,500.8
2005-06-28,Srikakulam,9.5,5.23,33.4,382.3
2005-06-29,Kakinada,40.9,7.36,33.5,881.7
2005-07-03,Guntur,26.6,6.86,31.7,653.3
2005-07-03,Kurnool,7.4,6.52,29.2,432.4
2005-07-03,Nellore,152.8,12.86,31.7,2540.8
2005-07-04,Guntur,27.3,6.84,32.4,699.0
2005-07-04,Srikakulam,14.3,5.64,29.7,413.5
2005-07-06,Kadapa,7.6,6.25,28.0,401.0
2005-07-07,Tirupati,10.1,6.45,30.8,491.8
2005-07-10,Kakinada,141.9,12.62,28.0,2428.3
2005-07-11,Machilipatnam,8.0,6.29,31.6,427.5
2005-07-11,Srikakulam,9.3,7.15,28.5,526.5
2005-07-13,Vijayawada,11.9,6.56,33.1,556.5
2005-07-13,Vizianagaram,8.9,6.28,31.8,389.4
2005-07-14,Anantapur,4.7,5.34,30.1,278.1
2005-07-14,Visakhapatnam,20.6,6.96,32.7,647.2
2005-07-15,Vizianagaram,25.2,7.22,32.2,678.4
2005-07-18,Guntur,56.1,8.24,30.7,1017.0
2005-07-18,Nellore,41.7,7.26,32.9,861.9
2005-07-18,Ongole,22.2,7.67,32.4,708.6
2005-07-19,Guntur,1.5,5.98,33.1,365.0
2005-07-19,Kadapa,23.4,6.69,32.9,671.9
2005-07-21,Machilipatnam,7.9,5.68,31.3,306.4
2005-07-21,Tirupati,53.4,8.45,29.2,1184.4
2005-07-23,Kadapa,2.2,5.81,32.3,339.6
2005-07-24,Kakinada,7.2,6.3,30.2,373.5
2005-07-27,Anantapur,0.2,5.46,30.1,241.5
2005-07-27,Visakhapatnam,4.3,6.68,33.5,557.2
2005-07-28,Vijayawada,23.4,7.38,30.3,751.6
2005-07-29,Kakinada,4.9,6.11,32.5,377.0
2005-07-31,Anantapur,7.8,6.92,32.9,634.4
2005-07-31,Anantapur,5.1,5.93,30.6,381.5
2005-07-31,Ongole,1.8,5.15,31.5,200.7
2005-08-01,Anantapur,28.1,7.23,28.5,729.4
2005-08-03,Guntur,45.5,7.83,31.2,958.7
2005-08-04,Nellore,6.6,6.16,32.7,278.5
2005-08-06,Tirupati,18.5,7.09,28.0,613.1
2005-08-07,Rajahmundry,16.3,6.51,29.8,562.8
2005-08-07,Tirupati,23.1,7.51,29.3,772.3
2005-08-10,Vijayawada,24.5,6.84,31.1,637.9
2005-08-12,Amalapuram,8.3,6.87,28.8,560.9
2005-08-13,Amalapuram,15.9,7.17,32.7,728.0
2005-08-13,Kadapa,6.3,6.14,32.4,405.6
2005-08-13,Vizianagaram,8.4,6.46,30.0,569.0
2005-08-14,Nellore,12.1,6.77,27.8,490.4
2005-08-15,Vizianagaram,4.1,6.26,32.2,511.8
2005-08-16,Rajahmundry,4.0,6.55,30.1,478.7
2005-08-16,Visakhapatnam,30.2,7.42,29.0,827.1
2005-08-18,Kurnool,6.4,6.59,31.0,445.1
2005-08-19,Anantapur,17.1,6.58,29.2,588.7
2005-08-19,Ongole,201.8,15.33,29.7,3232.1
2005-08-21,Amalapuram,19.5,7.15,27.5,697.4
2005-08-22,Srikakulam,36.7,7.65,29.7,794.6
2005-08-22,Srikakulam,21.2,6.91,28.3,703.0
2005-08-24,Rajahmundry,2.8,5.15,27.2,321.2
2005-08-24,Vijayawada,4.8,5.79,28.2,288.0
2005-08-25,Nellore,212.2,15.53,26.4,3320.8
2005-08-25,Ongole,22.0,7.04,29.5,701.4
2005-08-26,Nellore,6.6,6.57,27.2,531.6
2005-08-27,Visakhapatnam,18.1,7.23,27.6,794.9
2005-08-28,Ongole,14.5,6.51,30.3,487.7
2005-08-30,Srikakulam,20.5,7.49,30.1,653.1
2005-08-30,Tirupati,80.1,9.59,30.1,1408.5
2005-08-30,Vizianagaram,10.2,6.54,29.7,552.3
2005-08-31,Kurnool,93.6,10.32,29.3,1704.0
2005-08-31,Vijayawada,10.9,6.65,31.1,555.4
2005-09-01,Amalapuram,140.3,12.71,28.3,2400.7
2005-09-01,Vizianagaram,21.1,6.06,32.2,451.5
2005-09-01,Vizianagaram,10.3,6.6,30.5,538.2
2005-09-03,Kurnool,104.5,10.14,29.8,1750.0
2005-09-03,Ongole,21.9,7.35,28.7,651.0
2005-09-04,Machilipatnam,19.0,6.96,26.8,519.0
2005-09-08,Machilipatnam,17.6,6.66,30.0,638.8
2005-09-12,Machilipatnam,6.1,6.06,28.9,350.8
2005-09-12,Nellore,7.8,6.07,27.2,354.7
2005-09-12,Srikakulam,18.3,6.94,26.6,594.2
2005-09-19,Srikakulam,39.5,7.77,25.5,832.1
2005-09-22,Rajahmundry,5.9,6.03,28.7,441.3
2005-09-24,Eluru,9.3,6.36,25.9,478.4
2005-09-24,Kadapa,20.5,7.84,28.3,753.8
2005-09-24,Visakhapatnam,19.7,6.92,26.4,675.7
2005-09-26,Srikakulam,5.1,6.66,25.3,444.2
2005-09-27,Amalapuram,6.7,5.7,25.9,321.2
2005-09-27,Guntur,5.3,6.65,27.1,481.9
2005-09-27,Kadapa,30.6,7.34,28.1,874.6
2005-09-29,Tirupati,29.9,8.26,26.0,914.4
2005-10-01,Anantapur,2.8,6.43,26.7,435.9
2005-10-01,Tirupati,12.2,6.11,28.2,421.2
2005-10-02,Srikakulam,15.6,6.34,26.8,504.0
2005-10-02,Vizianagaram,7.5,5.45,26.9,330.3
2005-10-03,Kurnool,2.0,5.71,24.9,318.9
2005-10-04,Amalapuram,6.3,6.17,25.7,390.0
2005-10-05,Srikakulam,8.0,6.37,24.2,561.1
2005-10-05,Tirupati,10.6,6.65,26.9,472.8
2005-10-05,Vizianagaram,4.0,5.54,26.8,312.4
2005-10-06,Kadapa,9.7,6.8,26.9,540.5
2005-10-06,Kadapa,7.0,6.21,25.2,468.3
2005-10-07,Srikakulam,0.7,6.28,26.4,403.6
2005-10-10,Eluru,16.8,6.41,26.8,682.6
2005-10-11,Kurnool,4.0,5.81,25.2,344.4
2005-10-13,Tirupati,1.1,6.2,23.4,351.3
2005-10-13,Visakhapatnam,4.3,5.78,26.0,243.0
2005-10-14,Rajahmundry,5.9,6.72,27.4,519.7
2005-10-14,Tirupati,1.4,5.82,26.7,379.3
2005-10-16,Kurnool,12.2,6.14,24.4,418.9
2005-10-17,Guntur,0.5,6.73,27.8,485.0
2005-10-17,Guntur,167.6,13.16,26.2,2668.6
2005-10-17,Visakhapatnam,7.6,6.11,25.9,416.9
2005-10-18,Rajahmundry,2.4,5.73,25.1,218.2
2005-10-19,Eluru,4.2,6.16,26.2,434.3
2005-10-19,Srikakulam,1.4,5.21,25.8,174.1
2005-10-20,Nellore,1.3,5.72,24.1,371.1
2005-10-26,Guntur,4.4,6.09,22.0,440.0
2005-10-28,Guntur,1.2,6.0,22.0,362.8
2005-10-28,Tirupati,1.3,5.7,28.7,234.8
2005-10-29,Guntur,1.9,6.66,26.2,424.7
2005-11-02,Vizianagaram,8.2,6.46,24.4,505.0
2005-11-03,Vijayawada,23.6,6.53,24.2,550.3
2005-11-05,Tirupati,4.0,5.38,28.3,147.4
2005-11-06,Visakhapatnam,13.9,6.01,25.1,496.7
2005-11-07,Anantapur,16.2,7.07,23.0,688.9
2005-11-07,Vijayawada,14.8,6.38,22.8,532.2
2005-11-09,Ongole,2.8,6.21,25.0,415.8
2005-11-10,Anantapur,7.1,6.81,22.8,693.3
2005-11-10,Ongole,2.3,5.6,23.7,361.0
2005-11-10,Vizianagaram,1.7,5.83,25.0,299.7
2005-11-11,Eluru,10.1,6.46,24.7,497.7
2005-11-11,Vizianagaram,0.4,6.27,24.4,349.3
2005-11-12,Machilipatnam,6.4,6.31,24.8,428.8
2005-11-13,Ongole,4.1,6.15,25.9,309.6
2005-11-14,Kadapa,12.3,6.98,22.8,675.6
2005-11-16,Kadapa,9.6,5.76,22.7,281.1
2005-11-17,Amalapuram,6.1,5.72,26.3,327.2
2005-11-18,Amalapuram,9.9,6.08,25.9,436.7
2005-11-19,Vizianagaram,11.0,7.31,25.5,607.4
2005-11-20,Anantapur,6.9,6.43,25.6,511.2
2005-11-20,Guntur,5.9,6.41,24.7,417.1
2005-11-20,Machilipatnam,5.7,5.7,22.9,538.8
2005-11-23,Vijayawada,8.3,6.36,24.5,471.9
2005-11-24,Srikakulam,118.7,11.3,20.8,1979.5
2005-11-26,Kakinada,23.1,6.45,25.9,618.9
2005-11-26,Ongole,7.2,5.38,25.3,368.8
2005-11-27,Kurnool,2.7,5.22,25.2,263.8
2005-11-28,Machilipatnam,8.2,5.61,20.1,300.4
2005-11-30,Srikakulam,9.2,7.01,24.9,599.8
2005-12-02,Kadapa,19.5,6.59,24.0,568.1
2005-12-02,Machilipatnam,2.1,6.25,22.6,440.1
2005-12-03,Eluru,5.1,6.42,22.9,485.6
2005-12-03,Vijayawada,3.3,5.65,24.1,407.9
2005-12-04,Kurnool,4.6,6.34,24.6,409.0
2005-12-04,Srikakulam,9.4,6.52,22.5,472.4
2005-12-05,Kakinada,8.8,5.95,23.9,351.6
2005-12-05,Machilipatnam,3.8,5.97,24.0,365.8
2005-12-06,Kakinada,15.4,6.72,23.1,570.9
2005-12-07,Vijayawada,8.6,6.64,23.3,563.4
2005-12-07,Visakhapatnam,1.0,5.89,23.7,329.0
2005-12-08,Eluru,105.6,11.63,23.6,2014.8
2005-12-08,Kadapa,14.3,6.42,23.7,554.7
2005-12-08,Vizianagaram,7.1,6.65,22.4,486.2
2005-12-09,Amalapuram,7.3,6.63,24.6,511.0
2005-12-11,Rajahmundry,4.1,5.93,25.4,342.8
2005-12-12,Kurnool,10.5,6.77,23.9,555.2
2005-12-12,Machilipatnam,9.5,6.34,24.5,392.8
2005-12-13,Kakinada,5.4,6.66,23.8,503.3
2005-12-13,Srikakulam,5.6,6.79,22.7,392.3
2005-12-17,Eluru,3.5,6.2,24.6,413.3
2005-12-18,Nellore,2.0,5.96,24.2,286.4
2005-12-21,Vizianagaram,11.1,6.4,22.4,552.5
2005-12-22,Guntur,0.6,6.87,24.9,592.3
2005-12-23,Machilipatnam,5.9,6.08,23.9,402.6
2005-12-23,Nellore,8.6,6.45,24.1,525.6
2005-12-24,Vijayawada,2.9,6.04,26.9,319.5
2005-12-24,Vizianagaram,5.2,5.93,23.7,250.4
2005-12-27,Amalapuram,8.9,6.48,24.5,396.2
2005-12-27,Anantapur,12.2,6.93,28.6,545.3
2005-12-27,Vijayawada,2.1,5.87,25.1,314.7
2006-01-01,Eluru,5.9,5.57,24.3,404.3
2006-01-01,Eluru,16.7,7.02,23.3,710.0
2006-01-01,Kurnool,2.0,5.75,22.4,247.8
2006-01-02,Kadapa,2.1,4.92,25.4,206.4
2006-01-03,Amalapuram,16.9,6.98,25.0,681.3
2006-01-03,Anantapur,3.6,5.94,29.4,248.4
2006-01-05,Kadapa,5.5,6.84,23.8,508.7
2006-01-05,Kurnool,6.8,6.51,25.2,514.8
2006-01-07,Nellore,4.0,5.74,23.2,306.2
2006-01-07,Ongole,0.9,6.12,21.7,307.9
2006-01-08,Eluru,0.4,6.22,25.1,413.8
2006-01-09,Visakhapatnam,7.4,5.88,24.3,457.7
2006-01-09,Vizianagaram,8.2,6.36,25.8,455.1
2006-01-11,Vijayawada,9.7,7.21,24.3,593.2
2006-01-12,Kurnool,1.7,6.56,24.5,426.3
2006-01-13,Guntur,6.7,5.27,23.1,270.3
2006-01-13,Rajahmundry,11.4,6.08,24.1,517.4
2006-01-14,Amalapuram,11.7,6.27,24.4,390.7
2006-01-14,Anantapur,8.5,6.97,24.9,637.0
2006-01-15,Anantapur,3.4,6.03,24.6,341.5
2006-01-15,Rajahmundry,0.1,6.14,23.1,351.1
2006-01-16,Nellore,7.0,5.94,24.5,419.0
2006-01-18,Machilipatnam,7.8,6.64,25.7,472.8
2006-01-19,Amalapuram,11.4,5.9,23.5,500.0
2006-01-19,Machilipatnam,10.2,6.19,28.4,448.0
2006-01-20,Vijayawada,0.6,6.51,21.8,444.9
2006-01-21,Tirupati,2.1,6.03,24.0,385.2
2006-01-22,Ongole,60.9,8.69,23.9,1181.8
2006-01-23,Machilipatnam,6.0,5.8,25.6,419.1
2006-01-23,Srikakulam,48.1,8.75,24.7,1103.7
2006-01-23,Vijayawada,10.5,6.72,23.8,529.6
2006-01-24,Anantapur,7.9,6.21,25.2,371.6
2006-01-24,Vizianagaram,2.3,6.57,23.1,459.0
2006-01-25,Vizianagaram,3.4,6.0,23.9,350.6
2006-01-28,Visakhapatnam,4.0,5.44,26.6,285.9
2006-02-01,Rajahmundry,10.0,6.45,25.3,458.0
2006-02-03,Kurnool,1.5,6.52,23.7,397.4
2006-02-03,Nellore,9.6,6.95,25.7,629.0
2006-02-03,Vijayawada,4.1,5.93,25.3,412.7
2006-02-04,Vijayawada,7.8,6.93,24.5,453.7
2006-02-05,Guntur,5.7,5.66,26.4,366.8
2006-02-05,Vizianagaram,131.0,11.34,22.7,2256.1
2006-02-07,Eluru,2.6,6.35,23.6,335.2
2006-02-08,Kurnool,4.5,5.87,25.6,258.0
2006-02-08,Rajahmundry,0.8,5.44,28.1,221.7
2006-02-09,Eluru,1.0,6.2,26.3,433.8
2006-02-11,Ongole,10.3,6.4,22.6,483.8
2006-02-13,Tirupati,7.3,6.96,26.2,506.2
2006-02-13,Visakhapatnam,8.0,6.19,25.4,485.4
2006-02-15,Guntur,0.6,5.56,25.4,356.7
2006-02-21,Vizianagaram,3.8,5.9,25.7,309.1
2006-02-23,Guntur,4.3,6.65,25.9,465.0
2006-02-24,Ongole,15.5,7.41,25.5,662.4
2006-02-25,Kakinada,6.0,6.11,27.2,405.3
2006-02-26,Visakhapatnam,2.0,7.04,25.5,524.0
2006-03-01,Rajahmundry,0.2,6.19,27.9,391.5
2006-03-01,Srikakulam,12.5,6.88,26.4,575.2
2006-03-02,Eluru,2.0,6.7,27.5,500.6
2006-03-02,Guntur,6.3,6.44,29.0,464.5
2006-03-03,Eluru,16.6,6.95,27.2,617.6
2006-03-03,Machilipatnam,11.0,7.15,27.4,565.2
2006-03-03,Visakhapatnam,5.3,6.67,24.7,448.0
2006-03-03,Vizianagaram,1.8,5.91,25.2,302.8
2006-03-04,Amalapuram,7.0,6.13,27.2,439.3
2006-03-07,Vijayawada,4.4,5.73,26.0,459.8
2006-03-09,Kakinada,5.6,5.55,26.4,345.8
2006-03-09,Machilipatnam,1.4,5.96,26.1,307.1
2006-03-13,Anantapur,3.0,5.8,29.5,344.1
2006-03-16,Visakhapatnam,2.7,6.08,28.1,377.9
2006-03-21,Guntur,6.4,6.55,29.0,564.7
2006-03-21,Machilipatnam,6.2,6.08,28.5,454.0
2006-03-21,Tirupati,1.2,6.23,26.8,423.9
2006-03-22,Nellore,0.5,5.66,30.7,281.9
2006-03-22,Srikakulam,0.9,6.21,27.7,272.3
2006-03-23,Anantapur,9.3,6.94,26.8,635.7
2006-03-23,Rajahmundry,2.7,6.91,28.3,515.6
2006-03-24,Visakhapatnam,2.8,5.98,27.1,377.4
2006-03-25,Kurnool,3.0,5.99,28.2,425.9
2006-03-27,Eluru,1.4,5.82,26.9,490.1
2006-03-27,Eluru,1.8,5.46,28.5,254.8
2006-03-27,Vizianagaram,3.2,6.03,29.4,306.5
2006-03-30,Kurnool,7.7,6.24,24.7,525.7
2006-04-01,Eluru,3.7,6.35,28.0,264.5
2006-04-04,Ongole,1.5,6.68,30.3,422.8
2006-04-04,Srikakulam,7.8,5.86,30.9,392.0
2006-04-05,Machilipatnam,0.7,6.69,28.6,451.2
2006-04-05,Tirupati,3.5,5.45,29.0,244.0
2006-04-06,Visakhapatnam,2.2,6.15,26.3,386.7
2006-04-07,Eluru,6.2,6.33,29.8,413.8
2006-04-08,Visakhapatnam,4.4,6.51,30.1,436.1
2006-04-09,Guntur,1.3,4.48,31.1,232.1
2006-04-09,Machilipatnam,7.0,6.17,30.1,335.5
2006-04-11,Kadapa,8.3,6.04,30.9,342.1
2006-04-11,Kurnool,1.6,6.24,28.1,313.8
2006-04-12,Vijayawada,1.5,6.45,28.6,480.5
2006-04-14,Amalapuram,12.3,6.54,28.7,604.7
2006-04-15,Eluru,0.1,5.64,27.2,300.5
2006-04-15,Kadapa,5.0,6.39,28.9,422.8
2006-04-15,Tirupati,14.7,7.05,30.5,641.2
2006-04-16,Anantapur,4.3,6.0,31.5,510.1
2006-04-16,Rajahmundry,4.7,6.47,30.8,518.6
2006-04-18,Guntur,3.2,6.05,28.1,365.4
2006-04-18,Kadapa,17.3,6.59,28.3,660.3
2006-04-18,Vijayawada,5.4,5.44,28.8,334.8
2006-04-18,Visakhapatnam,0.2,6.29,29.8,400.6
2006-04-19,Eluru,2.6,6.39,29.5,425.7
2006-04-20,Rajahmundry,17.3,5.99,29.8,485.4
2006-04-20,Vijayawada,14.4,7.05,29.5,604.7
2006-04-21,Visakhapatnam,2.7,6.46,28.6,531.1
2006-04-23,Ongole,6.1,6.3,30.0,467.1
2006-04-23,Vijayawada,2.6,6.34,29.2,377.9
2006-04-24,Amalapuram,0.2,6.4,30.5,411.3
2006-04-26,Anantapur,10.2,6.02,29.3,352.1
2006-04-26,Tirupati,8.6,6.06,27.5,458.2
2006-04-27,Anantapur,5.3,6.43,30.0,496.2
2006-04-27,Kadapa,1.6,6.22,31.9,452.6
2006-04-27,Vijayawada,2.1,6.89,29.7,615.5
2006-04-28,Guntur,1.6,6.26,33.7,413.0
2006-04-29,Eluru,0.7,5.67,32.5,335.9
2006-04-29,Ongole,5.8,6.4,32.1,455.2
2006-04-30,Amalapuram,2.3,6.1,28.2,463.6
2006-04-30,Nellore,3.8,5.97,30.8,344.6
2006-04-30,Ongole,2.7,6.15,31.1,241.4
2006-05-01,Amalapuram,3.2,5.45,31.5,358.7
2006-05-01,Rajahmundry,88.0,9.95,29.3,1667.7
2006-05-02,Amalapuram,19.6,6.72,31.0,557.6
2006-05-02,Kadapa,5.2,7.23,29.4,593.1
2006-05-04,Kadapa,174.2,14.68,32.3,2889.3
2006-05-06,Ongole,5.3,6.47,30.7,413.5
2006-05-06,Rajahmundry,3.2,6.06,30.0,306.9
2006-05-09,Kurnool,2.6,5.5,29.6,321.8
2006-05-10,Guntur,6.1,5.94,28.6,409.9
2006-05-10,Kakinada,58.3,9.02,31.1,1200.2
2006-05-10,Rajahmundry,4.9,6.56,32.6,485.4
2006-05-12,Anantapur,1.3,6.63,28.6,519.4
2006-05-12,Anantapur,0.4,6.04,30.0,378.4
2006-05-12,Visakhapatnam,13.2,6.39,30.0,534.9
2006-05-13,Nellore,7.2,7.17,31.2,647.4
2006-05-13,Rajahmundry,4.0,6.13,31.7,414.8
2006-05-13,Tirupati,8.4,5.81,31.1,309.0
2006-05-16,Kakinada,1.1,6.44,30.5,404.2
2006-05-17,Guntur,13.8,6.9,29.9,661.9
2006-05-17,Vijayawada,2.8,5.99,30.2,366.0
2006-05-18,Visakhapatnam,9.4,6.45,34.8,434.5
2006-05-19,Machilipatnam,6.9,6.33,31.9,438.2
2006-05-20,Anantapur,2.3,6.05,29.0,314.2
2006-05-20,Ongole,6.1,5.55,30.0,297.5
2006-05-20,Vijayawada,4.8,6.22,31.0,400.1
2006-05-21,Kakinada,17.5,7.2,30.0,716.2
2006-05-21,Nellore,6.1,6.48,29.8,503.5
2006-05-21,Vizianagaram,11.4,6.16,33.5,412.0
2006-05-27,Kurnool,12.1,5.72,34.2,356.1
2006-05-28,Amalapuram,28.2,7.88,32.4,868.9
2006-05-28,Eluru,8.6,6.32,35.3,444.5
2006-05-29,Amalapuram,3.4,6.92,32.6,490.3
2006-06-01,Vizianagaram,11.8,7.43,31.6,597.6
2006-06-02,Guntur,10.5,6.18,33.7,464.6
2006-06-03,Nellore,42.3,7.92,31.9,974.8
2006-06-04,Anantapur,43.6,7.33,32.5,845.8
2006-06-04,Rajahmundry,14.2,6.5,33.5,557.8
2006-06-04,Vijayawada,27.2,6.83,32.2,666.3
2006-06-06,Rajahmundry,15.4,6.03,30.4,447.9
2006-06-07,Kadapa,4.7,5.78,34.1,322.4
2006-06-08,Kakinada,0.5,6.59,31.9,382.0
2006-06-09,Amalapuram,31.6,8.07,32.3,857.3
2006-06-09,Nellore,39.1,7.59,31.9,864.8
2006-06-10,Kakinada,13.7,6.47,32.2,506.0
2006-06-11,Kadapa,17.4,5.97,32.5,491.3
2006-06-11,Ongole,27.7,7.74,31.6,891.3
2006-06-11,Vijayawada,6.1,5.83,31.9,319.5
2006-06-11,Vijayawada,37.4,7.22,32.8,871.4
2006-06-14,Eluru,23.3,6.64,31.9,642.6
2006-06-15,Nellore,39.0,7.52,31.4,890.6
2006-06-15,Vijayawada,12.5,7.41,34.7,625.4
2006-06-16,Kurnool,0.8,5.69,31.9,143.3
2006-06-16,Machilipatnam,14.9,6.53,35.5,487.1
2006-06-17,Nellore,12.3,6.21,30.0,522.9
2006-06-17,Nellore,14.5,6.66,31.4,564.2
2006-06-18,Amalapuram,11.1,5.83,31.0,503.8
2006-06-18,Kakinada,13.5,6.4,30.4,552.7
2006-06-18,Vizianagaram,44.8,8.66,28.1,1078.6
2006-06-20,Ongole,19.0,7.26,31.4,801.3
2006-06-23,Kurnool,134.6,13.0,28.9,2400.3
2006-06-24,Visakhapatnam,7.0,5.92,31.1,359.1
2006-06-26,Kakinada,167.6,14.21,28.6,2925.5
2006-06-26,Kurnool,11.8,5.67,34.7,427.6
2006-06-27,Amalapuram,59.2,9.01,32.4,1196.6
2006-06-28,Ongole,66.4,8.79,32.0,1355.3
2006-06-28,Ongole,17.1,7.25,31.2,688.0
2006-06-29,Machilipatnam,12.9,6.75,30.4,452.4
2006-07-01,Amalapuram,2.9,5.89,31.1,323.5
2006-07-02,Kadapa,33.4,7.92,30.7,866.3
2006-07-03,Machilipatnam,10.4,6.59,31.1,564.0
2006-07-07,Tirupati,100.8,10.18,26.1,1691.0
2006-07-08,Eluru,44.8,7.34,32.5,864.2
2006-07-08,Kurnool,48.3,8.23,30.2,1121.2
2006-07-08,Vizianagaram,32.6,7.67,30.8,854.8
2006-07-09,Vijayawada,27.8,7.76,35.0,954.6
2006-07-10,Ongole,7.6,5.49,29.6,369.0
2006-07-12,Amalapuram,3.5,6.48,32.9,472.8
2006-07-12,Srikakulam,3.3,6.01,31.9,317.7
2006-07-12,Tirupati,18.3,7.41,33.5,646.0
2006-07-13,Amalapuram,10.8,7.41,32.0,725.3
2006-07-14,Anantapur,37.4,7.95,31.8,962.1
2006-07-14,Kadapa,171.2,13.76,29.5,2782.4
2006-07-15,Nellore,5.0,7.0,29.2,539.8
2006-07-16,Amalapuram,3.5,7.22,33.6,493.7
2006-07-16,Ongole,18.4,6.39,30.6,453.8
2006-07-16,Tirupati,47.6,8.13,33.2,963.8
2006-07-16,Visakhapatnam,53.5,8.2,30.2,1066.6
2006-07-17,Eluru,41.7,8.32,28.7,1033.0
2006-07-18,Kurnool,30.0,7.34,32.4,819.5
2006-07-18,Machilipatnam,21.0,6.56,30.5,530.2
2006-07-18,Srikakulam,43.8,8.01,30.6,931.6
2006-07-19,Machilipatnam,9.1,6.2,31.3,362.5
2006-07-19,Visakhapatnam,8.3,6.86,28.3,461.3
2006-07-20,Srikakulam,17.9,6.67,34.3,655.5
2006-07-20,Vizianagaram,6.1,6.14,33.2,444.6
2006-07-21,Vijayawada,13.6,7.19,35.1,638.5
2006-07-22,Eluru,5.7,7.08,31.1,564.8
2006-07-22,Nellore,11.1,4.78,27.0,175.5
2006-07-22,Ongole,2.0,6.17,30.8,337.1
2006-07-23,Amalapuram,29.7,8.05,30.1,902.8
2006-07-23,Amalapuram,11.5,5.31,31.9,376.0
2006-07-24,Ongole,61.0,8.33,29.6,1071.6
2006-07-25,Amalapuram,27.5,7.77,27.3,795.4
2006-07-25,Vijayawada,28.1,7.61,32.5,862.3
2006-07-26,Visakhapatnam,40.3,8.31,32.4,927.4
2006-07-27,Amalapuram,0.6,6.71,31.2,495.6
2006-07-29,Vijayawada,34.5,8.02,31.5,893.3
2006-07-30,Amalapuram,7.9,6.35,31.9,395.9
2006-07-30,Guntur,85.5,10.1,30.4,1544.0
2006-07-30,Nellore,3.0,6.44,31.2,494.8
2006-07-30,Nellore,10.1,6.22,29.6,428.0
2006-07-31,Kakinada,32.8,7.82,32.3,756.8
2006-07-31,Vizianagaram,4.8,5.73,31.4,232.8
2006-08-02,Visakhapatnam,37.8,7.99,29.5,991.4
2006-08-03,Rajahmundry,13.4,5.96,33.1,389.1
2006-08-04,Kadapa,11.0,6.91,31.7,518.0
2006-08-06,Kadapa,16.0,6.66,31.0,613.3
2006-08-07,Srikakulam,48.2,8.32,28.7,1067.6
2006-08-08,Nellore,30.9,7.32,31.8,818.6
2006-08-09,Vijayawada,28.7,7.36,29.6,852.4
2006-08-10,Nellore,21.5,6.78,30.6,547.1
2006-08-10,Srikakulam,18.7,6.48,29.6,465.3
2006-08-11,Guntur,9.3,5.49,30.4,317.6
2006-08-12,Kadapa,23.4,6.38,32.0,586.2
2006-08-12,Vijayawada,1.6,6.02,31.6,358.4
2006-08-16,Amalapuram,21.1,6.68,26.0,611.0
2006-08-16,Kadapa,3.0,5.77,29.7,418.4
2006-08-17,Nellore,9.3,7.07,28.7,582.9
2006-08-18,Kurnool,7.3,7.11,33.5,589.8
2006-08-18,Rajahmundry,12.5,6.62,28.9,638.9
2006-08-20,Nellore,20.0,6.91,28.5,589.0
2006-08-21,Anantapur,19.3,7.39,33.4,736.0
2006-08-22,Ongole,5.9,6.32,29.5,469.4
2006-08-22,Rajahmundry,9.3,6.49,31.5,516.2
2006-08-23,Machilipatnam,5.3,6.45,29.1,413.3
2006-08-23,Srikakulam,19.0,7.36,30.8,733.8
2006-08-23,Tirupati,5.9,7.11,27.8,664.4
2006-08-24,Vizianagaram,14.2,5.04,32.8,322.1
2006-08-26,Amalapuram,11.9,6.45,28.3,510.9
2006-08-26,Eluru,14.0,7.14,27.6,673.4
2006-08-26,Kadapa,11.7,5.72,28.4,408.2
2006-08-26,Kurnool,27.1,7.02,28.9,723.5
2006-08-28,Guntur,26.1,6.31,30.1,538.1
2006-08-28,Kakinada,14.0,6.51,32.0,628.4
2006-08-29,Machilipatnam,11.0,6.6,29.9,650.7
2006-08-31,Tirupati,20.4,6.93,30.9,663.5
2006-09-02,Ongole,17.8,6.23,30.8,556.6
2006-09-02,Visakhapatnam,103.3,10.77,27.3,1842.7
2006-09-02,Vizianagaram,25.4,7.51,28.2,761.6
2006-09-03,Rajahmundry,37.1,6.81,29.4,754.8
2006-09-03,Visakhapatnam,25.5,7.84,29.3,838.9
2006-09-04,Machilipatnam,5.6,5.95,27.3,408.3
2006-09-05,Machilipatnam,6.2,6.57,31.9,525.8
2006-09-06,Amalapuram,43.3,8.25,26.2,978.6
2006-09-06,Nellore,3.2,6.34,28.4,452.8
2006-09-07,Kakinada,122.4,10.61,28.8,1970.1
2006-09-07,Kakinada,6.8,5.5,29.5,285.7
2006-09-08,Nellore,20.8,7.62,26.6,823.3
2006-09-09,Kadapa,11.6,6.77,29.8,547.4
2006-09-11,Amalapuram,12.7,7.01,27.3,674.0
2006-09-11,Machilipatnam,18.0,6.54,30.5,569.4
2006-09-11,Visakhapatnam,62.1,8.14,28.9,1126.5
2006-09-12,Eluru,6.4,6.37,23.9,544.3
2006-09-13,Kurnool,19.1,6.68,28.9,578.3
2006-09-13,Machilipatnam,33.2,7.8,28.2,814.3
2006-09-13,Srikakulam,10.7,7.16,31.2,574.4
2006-09-16,Eluru,2.5,5.87,27.7,468.9
2006-09-16,Machilipatnam,54.0,8.52,29.9,1180.9
2006-09-21,Tirupati,5.4,6.25,29.2,522.1
2006-09-21,Tirupati,51.2,8.16,26.0,1049.4
2006-09-24,Kadapa,6.7,6.56,28.7,495.5
2006-09-24,Vijayawada,10.9,6.06,28.7,464.3
2006-09-26,Visakhapatnam,2.3,6.57,26.3,385.9
2006-09-26,Vizianagaram,18.2,7.07,27.1,644.9
2006-09-29,Kadapa,0.4,6.38,26.4,325.5
2006-10-01,Anantapur,2.7,5.67,25.0,322.0
2006-10-07,Anantapur,2.2,5.86,29.1,430.6
2006-10-07,Guntur,7.6,5.37,25.5,384.5
2006-10-07,Machilipatnam,3.4,6.3,27.8,406.0
2006-10-09,Amalapuram,6.5,6.29,28.6,435.7
2006-10-09,Guntur,11.8,6.23,25.2,534.7
2006-10-09,Tirupati,3.0,6.04,27.9,367.0
2006-10-10,Kadapa,0.1,5.59,28.9,325.1
2006-10-10,Machilipatnam,1.3,6.28,28.3,353.7
2006-10-11,Amalapuram,1.2,7.32,27.0,646.3
2006-10-13,Guntur,12.0,6.92,24.6,618.8
2006-10-13,Nellore,3.6,6.49,26.6,408.1
2006-10-16,Ongole,7.3,6.28,25.7,403.6
2006-10-17,Eluru,2.4,6.74,23.7,517.9
2006-10-17,Kadapa,1.8,6.44,26.0,433.1
2006-10-18,Kadapa,3.8,6.39,26.2,446.3
2006-10-19,Visakhapatnam,10.2,6.52,24.1,562.9
2006-10-20,Guntur,12.3,6.56,24.4,564.0
2006-10-20,Vizianagaram,0.7,6.21,29.4,330.5
2006-10-21,Rajahmundry,10.0,5.7,28.1,377.9
2006-10-22,Vijayawada,11.3,6.88,25.3,587.2
2006-10-23,Kakinada,5.7,6.9,25.7,543.0
2006-10-24,Kakinada,22.2,7.14,27.6,642.5
2006-10-24,Tirupati,5.6,6.71,26.5,441.3
2006-10-24,Vijayawada,10.4,6.12,26.8,423.4
2006-10-26,Amalapuram,7.4,6.13,27.7,368.9
2006-10-27,Srikakulam,1.5,5.97,24.0,419.3
2006-10-27,Tirupati,1.7,6.93,27.4,488.2
2006-10-28,Guntur,8.3,6.76,23.6,561.5
2006-10-28,Kadapa,4.8,5.75,25.6,317.5
2006-10-28,Machilipatnam,5.8,5.7,27.0,352.1
2006-10-29,Guntur,1.3,5.84,26.2,403.4
2006-10-29,Srikakulam,14.9,6.48,25.0,505.6
2006-10-29,Tirupati,7.0,7.15,28.9,528.3
2006-10-30,Machilipatnam,2.4,6.48,25.4,396.1
2006-10-30,Visakhapatnam,2.0,6.0,27.1,359.2
2006-11-02,Srikakulam,3.0,6.11,25.6,455.7
2006-11-02,Vizianagaram,5.7,6.63,27.2,567.4
2006-11-03,Guntur,13.6,6.26,24.0,525.2
2006-11-03,Guntur,6.2,6.82,24.8,604.9
2006-11-03,Kadapa,0.8,4.91,24.7,261.6
2006-11-05,Eluru,6.5,6.56,23.5,580.2
2006-11-05,Vizianagaram,6.3,6.21,23.9,446.4
2006-11-12,Machilipatnam,4.1,5.18,25.9,273.6
2006-11-12,Ongole,2.0,5.18,24.3,211.4
2006-11-13,Kadapa,5.1,5.89,25.2,506.0
2006-11-14,Rajahmundry,139.9,11.25,21.7,2183.1
2006-11-15,Visakhapatnam,7.0,5.89,24.3,442.1
2006-11-16,Amalapuram,4.4,5.51,25.0,370.9
2006-11-17,Ongole,2.6,6.02,20.9,350.0
2006-11-18,Anantapur,7.8,6.54,24.6,528.9
2006-11-19,Amalapuram,5.6,6.13,21.7,363.6
2006-11-19,Anantapur,2.9,5.58,22.5,348.6
2006-11-19,Guntur,10.9,6.53,22.6,520.4
2006-11-19,Kakinada,13.7,6.37,20.5,452.9
2006-11-20,Anantapur,22.5,7.67,21.6,829.1
2006-11-20,Vijayawada,16.0,6.54,26.1,480.1
2006-11-21,Kurnool,0.6,5.08,23.5,226.3
2006-11-21,Nellore,7.5,6.37,22.2,511.6
2006-11-22,Nellore,3.1,5.35,26.3,206.2
2006-11-23,Amalapuram,0.9,6.41,20.9,399.6
2006-11-24,Anantapur,7.6,6.23,22.9,394.4
2006-11-26,Machilipatnam,5.9,6.43,24.0,480.8
2006-11-27,Tirupati,5.8,6.61,23.4,560.6
2006-11-30,Anantapur,0.8,6.23,22.9,335.2
2006-11-30,Guntur,1.4,6.33,24.0,377.6
2006-11-30,Machilipatnam,4.3,6.92,27.1,503.4
2006-11-30,Vijayawada,6.6,6.83,25.2,612.4
2006-12-01,Guntur,87.2,10.66,24.6,1683.1
2006-12-02,Vizianagaram,21.9,7.65,24.1,706.9
2006-12-03,Kadapa,8.1,6.38,24.4,436.5
2006-12-03,Vijayawada,3.4,5.97,24.7,297.8
2006-12-06,Ongole,2.5,6.03,23.7,407.6
2006-12-06,Rajahmundry,15.3,6.33,25.6,467.0
2006-12-07,Machilipatnam,3.2,5.56,25.5,224.6
2006-12-09,Kadapa,9.7,6.41,23.7,530.6
2006-12-12,Eluru,12.6,7.09,26.2,582.2
2006-12-12,Ongole,3.7,6.01,25.1,428.1
2006-12-12,Rajahmundry,3.8,5.76,24.0,249.0
2006-12-16,Amalapuram,1.5,6.21,25.0,421.2
2006-12-16,Nellore,3.6,6.08,26.2,335.5
2006-12-18,Anantapur,2.7,6.05,21.6,383.7
2006-12-20,Guntur,14.6,6.45,24.9,598.2
2006-12-20,Ongole,4.7,6.38,22.2,440.6
2006-12-21,Machilipatnam,4.2,6.7,23.6,498.6
2006-12-22,Nellore,1.8,6.66,20.9,409.5
2006-12-25,Nellore,7.8,7.3,26.9,639.5
2006-12-26,Vijayawada,11.9,6.28,25.1,485.0
2006-12-27,Kadapa,3.6,6.24,23.7,355.6
2006-12-30,Machilipatnam,1.3,6.88,24.6,348.8
2006-12-30,Srikakulam,0.4,6.04,25.1,273.7
2007-01-01,Eluru,3.8,6.31,21.6,432.8
2007-01-02,Vijayawada,2.9,6.77,25.6,421.5
2007-01-04,Srikakulam,1.3,5.75,23.4,322.2
2007-01-07,Kadapa,11.5,6.95,20.0,634.5
2007-01-07,Ongole,4.2,6.91,23.4,531.1
2007-01-08,Rajahmundry,0.9,6.29,23.6,408.1
2007-01-10,Tirupati,136.5,12.23,25.0,2310.7
2007-01-11,Kakinada,5.2,6.83,22.7,571.5
2007-01-12,Guntur,4.4,5.58,24.5,332.2
2007-01-12,Vijayawada,16.7,6.78,25.1,526.0
2007-01-13,Machilipatnam,6.1,6.93,24.6,564.3
2007-01-14,Ongole,2.2,5.88,24.4,368.7
2007-01-14,Srikakulam,2.6,6.95,23.7,557.8
2007-01-16,Ongole,3.3,6.43,23.1,468.5
2007-01-16,Visakhapatnam,1.9,6.05,25.9,484.6
2007-01-17,Amalapuram,5.9,7.03,25.1,507.4
2007-01-17,Ongole,12.7,6.22,23.5,385.2
2007-01-18,Visakhapatnam,31.7,7.06,24.3,745.0
2007-01-18,Vizianagaram,96.5,10.02,24.4,1647.8
2007-01-20,Nellore,11.8,6.33,25.5,486.4
2007-01-21,Machilipatnam,21.1,6.74,23.0,584.7
2007-01-23,Anantapur,6.2,5.83,23.0,359.2
2007-01-23,Machilipatnam,6.2,6.03,22.6,355.0
2007-01-27,Anantapur,13.5,6.58,25.3,525.8
2007-01-28,Kurnool,0.3,6.2,25.6,401.7
2007-01-28,Nellore,3.9,6.31,22.3,401.2
2007-01-28,Tirupati,1.4,6.23,24.1,426.5
2007-01-29,Tirupati,4.2,5.65,23.4,383.8
2007-01-30,Guntur,8.6,5.75,24.8,378.2
2007-01-30,Kadapa,2.4,5.91,22.9,333.3
2007-01-30,Machilipatnam,2.8,6.82,26.3,532.9
2007-01-30,Machilipatnam,21.5,7.83,25.2,795.5
2007-02-01,Kurnool,7.8,5.68,24.3,409.7
2007-02-01,Nellore,9.3,6.79,24.1,591.4
2007-02-01,Tirupati,6.0,6.77,24.2,529.4
2007-02-02,Guntur,1.1,5.22,25.4,193.9
2007-02-03,Amalapuram,0.8,4.61,25.6,50.0
2007-02-05,Vizianagaram,16.7,6.92,24.9,542.8
2007-02-07,Tirupati,2.0,6.0,26.1,385.1
2007-02-09,Anantapur,2.4,5.65,25.6,350.7
2007-02-09,Rajahmundry,6.0,6.49,25.2,491.3
2007-02-10,Srikakulam,2.9,6.53,24.5,419.2
2007-02-11,Ongole,5.2,6.16,26.9,459.7
2007-02-12,Guntur,6.4,6.34,25.9,479.4
2007-02-15,Vizianagaram,8.1,5.86,25.2,279.6
2007-02-20,Guntur,0.9,6.02,26.5,326.9
2007-02-20,Rajahmundry,1.1,4.95,28.5,222.5
2007-02-21,Rajahmundry,4.1,6.71,25.8,441.0
2007-02-23,Vizianagaram,9.1,6.1,23.7,356.9
2007-02-24,Kurnool,11.8,6.28,25.0,331.5
2007-02-24,Nellore,9.6,6.95,23.3,551.2
2007-02-25,Anantapur,20.3,7.42,26.4,805.1
2007-02-26,Amalapuram,9.3,6.09,27.0,334.6
2007-02-27,Visakhapatnam,5.3,6.69,28.6,579.2
2007-03-01,Visakhapatnam,5.2,6.34,24.5,346.4
2007-03-03,Kakinada,16.7,7.28,27.1,630.5
2007-03-06,Ongole,2.5,5.69,25.1,314.2
2007-03-07,Ongole,3.1,6.42,25.7,361.8
2007-03-09,Anantapur,5.6,6.61,28.3,449.4
2007-03-09,Srikakulam,7.9,5.75,28.2,371.9
2007-03-10,Kakinada,14.3,6.61,27.2,516.4
2007-03-11,Guntur,10.0,7.04,25.5,664.8
2007-03-11,Kakinada,5.4,6.43,27.4,471.1
2007-03-13,Srikakulam,4.1,6.21,27.2,430.8
2007-03-14,Rajahmundry,4.0,6.1,29.9,454.1
2007-03-17,Amalapuram,2.1,5.18,26.1,265.6
2007-03-17,Eluru,3.8,6.57,25.8,444.8
2007-03-21,Srikakulam,2.6,6.28,27.8,314.6
2007-03-25,Kakinada,7.2,6.2,30.9,513.4
2007-03-25,Rajahmundry,1.5,5.99,29.1,337.5
2007-03-26,Kadapa,12.2,7.03,30.4,562.6
2007-03-27,Visakhapatnam,1.3,6.6,27.8,420.2
2007-03-28,Guntur,7.0,6.44,29.4,498.9
2007-03-28,Nellore,14.2,7.55,28.6,705.6
2007-03-29,Kadapa,4.2,6.49,29.7,421.6
2007-03-29,Machilipatnam,4.8,5.21,28.2,312.3
2007-03-29,Nellore,5.9,6.58,28.3,332.3
2007-03-29,Vijayawada,4.2,5.99,28.2,398.3
2007-03-31,Kadapa,1.0,5.73,29.2,345.9
2007-03-31,Kakinada,7.2,6.04,27.9,512.3
2007-03-31,Srikakulam,2.8,6.07,25.9,397.0
2007-04-02,Visakhapatnam,1.7,6.65,29.9,498.2
2007-04-03,Anantapur,5.2,6.44,28.0,384.4
2007-04-03,Kakinada,8.9,6.79,31.5,559.3
2007-04-04,Rajahmundry,2.0,5.52,27.6,189.0
2007-04-05,Vijayawada,5.1,6.95,28.1,637.0
2007-04-10,Rajahmundry,13.8,6.09,29.0,415.3
2007-04-11,Tirupati,17.2,6.96,29.4,676.6
2007-04-13,Guntur,1.7,5.99,30.3,318.4
2007-04-13,Ongole,2.0,5.84,27.4,367.4
2007-04-15,Tirupati,164.1,13.05,30.4,2644.3
2007-04-16,Kurnool,77.8,9.67,27.8,1441.3
2007-04-17,Tirupati,0.9,6.23,30.4,388.8
2007-04-18,Machilipatnam,12.4,5.68,31.3,324.0
2007-04-19,Kadapa,5.8,5.59,30.6,349.3
2007-04-20,Anantapur,9.2,6.6,32.1,569.9
2007-04-20,Visakhapatnam,4.7,6.86,26.2,578.1
2007-04-20,Visakhapatnam,9.6,6.69,29.2,520.3
2007-04-21,Guntur,2.3,6.14,30.4,466.4
2007-04-21,Nellore,10.8,6.89,29.7,605.4
2007-04-21,Nellore,31.3,7.28,29.0,665.3
2007-04-22,Kakinada,9.0,6.4,30.1,462.3
2007-04-22,Tirupati,7.8,6.12,26.5,453.8
2007-04-22,Vizianagaram,5.0,6.06,32.9,327.5
2007-04-24,Machilipatnam,0.1,5.95,31.1,302.1
2007-04-25,Guntur,17.6,7.26,30.2,617.8
2007-04-26,Tirupati,10.4,7.28,29.9,604.6
2007-04-27,Anantapur,4.3,6.37,31.3,421.3
2007-04-27,Visakhapatnam,13.7,6.33,29.9,485.3
2007-04-28,Tirupati,2.6,5.17,29.8,278.0
2007-04-29,Kurnool,0.2,6.2,29.7,303.3
2007-04-29,Kurnool,10.6,6.46,31.3,514.5
2007-05-01,Kurnool,10.8,6.24,31.9,498.9
2007-05-01,Machilipatnam,2.7,5.92,30.6,290.7
2007-05-02,Anantapur,3.5,5.96,29.3,418.8
2007-05-02,Kakinada,6.1,6.06,32.0,459.1
2007-05-02,Machilipatnam,12.5,6.63,30.5,564.6
2007-05-02,Vijayawada,1.2,6.47,28.4,405.0
2007-05-02,Vijayawada,1.2,6.75,33.3,387.4
2007-05-04,Eluru,7.5,6.52,29.4,506.1
2007-05-06,Kurnool,8.8,6.52,30.7,430.2
2007-05-06,Srikakulam,1.3,4.9,30.5,158.5
2007-05-07,Visakhapatnam,6.2,5.99,31.2,405.4
2007-05-08,Machilipatnam,5.4,6.2,31.4,470.6
2007-05-08,Rajahmundry,3.1,6.41,31.4,434.3
2007-05-08,Tirupati,21.4,6.76,29.8,710.9
2007-05-09,Amalapuram,11.2,7.14,31.1,550.1
2007-05-09,Kurnool,58.4,8.21,30.7,1110.2
2007-05-10,Nellore,4.7,5.65,31.2,284.4
2007-05-10,Visakhapatnam,4.0,5.53,28.0,311.4
2007-05-11,Amalapuram,4.2,6.28,31.3,408.4
2007-05-11,Anantapur,0.7,5.78,27.4,299.3
2007-05-12,Amalapuram,5.5,6.04,31.2,390.6
2007-05-13,Guntur,5.2,6.37,32.9,431.8
2007-05-16,Guntur,0.8,5.93,32.3,315.3
2007-05-16,Kadapa,4.6,5.82,30.9,386.9
2007-05-16,Tirupati,11.6,6.44,31.3,503.1
2007-05-17,Ongole,5.0,6.9,30.8,613.9
2007-05-18,Ongole,2.2,6.73,32.6,421.9
2007-05-19,Anantapur,1.6,5.64,31.3,279.4
2007-05-19,Nellore,7.7,6.61,31.9,577.1
2007-05-21,Ongole,0.3,6.33,32.3,352.4
2007-05-25,Kakinada,2.0,5.84,33.2,350.5
2007-05-25,Machilipatnam,12.2,6.29,29.5,476.6
2007-05-25,Tirupati,1.8,6.21,29.5,331.5
2007-05-27,Guntur,4.0,6.79,33.9,476.7
2007-05-28,Eluru,10.3,5.23,33.0,190.5
2007-05-28,Guntur,3.4,6.05,27.4,385.6
2007-05-30,Machilipatnam,158.2,13.81,31.9,2726.6
2007-05-31,Kurnool,6.6,6.34,31.0,552.5
2007-06-01,Kurnool,43.6,8.88,30.2,1025.4
2007-06-02,Vizianagaram,10.4,6.32,30.5,435.2
2007-06-03,Kadapa,18.0,6.52,31.3,579.7
2007-06-03,Ongole,24.2,6.44,33.7,543.9
2007-06-05,Amalapuram,1.4,5.93,31.7,366.5
2007-06-06,Amalapuram,5.0,6.49,32.7,409.4
2007-06-07,Machilipatnam,3.9,6.64,29.2,436.2
2007-06-08,Guntur,24.9,6.79,32.4,586.9
2007-06-08,Kurnool,19.7,7.53,32.1,734.0
2007-06-09,Amalapuram,19.8,7.29,31.8,692.4
2007-06-09,Amalapuram,9.6,6.24,31.2,559.7
2007-06-09,Vijayawada,13.4,6.65,32.8,518.8
2007-06-09,Visakhapatnam,37.2,7.49,32.8,905.4
2007-06-10,Anantapur,3.3,6.45,33.3,550.4
2007-06-10,Srikakulam,13.3,6.88,29.3,560.9
2007-06-12,Kurnool,38.7,7.95,32.2,887.8
2007-06-14,Rajahmundry,10.2,7.12,33.6,550.1
2007-06-14,Vijayawada,9.1,6.31,32.6,544.5
2007-06-15,Tirupati,21.8,7.08,28.1,696.6
2007-06-18,Guntur,50.6,8.07,33.1,1016.1
2007-06-21,Ongole,43.5,7.83,32.8,916.7
2007-06-21,Vijayawada,39.5,7.0,33.4,776.6
2007-06-23,Guntur,8.1,6.35,31.0,412.8
2007-06-24,Tirupati,2.4,6.26,33.9,331.0
2007-06-26,Anantapur,14.4,7.08,32.9,664.3
2007-06-26,Nellore,29.0,8.22,31.1,909.1
2007-06-26,Ongole,8.2,6.35,30.5,321.3
2007-06-27,Rajahmundry,2.7,6.0,34.2,339.0
2007-06-30,Machilipatnam,63.9,9.37,33.9,1337.3
2007-06-30,Visakhapatnam,1.9,5.64,32.8,335.3
2007-07-01,Eluru,20.0,6.4,31.3,569.5
2007-07-02,Vijayawada,1.2,5.9,33.9,429.2
2007-07-03,Guntur,9.8,6.02,32.4,372.3
2007-07-03,Kadapa,62.9,9.19,32.5,1318.8
2007-07-03,Rajahmundry,50.5,7.8,29.8,1008.5
2007-07-03,Tirupati,38.9,7.4,34.9,851.5
2007-07-03,Tirupati,50.8,8.78,33.3,1111.3
2007-07-03,Vijayawada,80.3,9.9,33.8,1616.9
2007-07-04,Kakinada,30.8,6.95,31.3,694.1
2007-07-04,Vijayawada,9.0,6.71,33.1,544.1
2007-07-04,Visakhapatnam,5.1,6.94,31.7,583.1
2007-07-05,Guntur,7.6,6.28,33.8,489.1
2007-07-06,Anantapur,180.0,14.87,32.4,2945.9
2007-07-06,Tirupati,4.4,6.43,28.3,394.3
2007-07-08,Vijayawada,7.8,5.92,33.6,344.8
2007-07-10,Kakinada,36.9,7.26,30.8,791.3
2007-07-10,Tirupati,31.8,7.03,31.3,672.4
2007-07-10,Tirupati,21.6,6.78,32.6,575.3
2007-07-11,Guntur,44.7,7.51,29.1,786.7
2007-07-11,Tirupati,14.4,6.61,32.3,515.0
2007-07-12,Machilipatnam,47.1,7.9,31.2,1006.4
2007-07-14,Anantapur,49.2,8.42,31.3,1145.8
2007-07-16,Nellore,27.5,7.14,30.0,810.1
2007-07-19,Kurnool,11.6,7.23,32.4,631.6
2007-07-20,Anantapur,70.1,9.73,31.3,1367.0
2007-07-21,Nellore,14.6,6.51,33.8,479.4
2007-07-22,Tirupati,13.5,6.16,31.0,418.0
2007-07-23,Guntur,190.2,13.69,29.2,2876.2
2007-07-24,Amalapuram,25.1,6.73,29.8,631.2
2007-07-24,Machilipatnam,10.2,6.74,31.6,525.2
2007-07-25,Vijayawada,28.2,7.13,33.5,665.0
2007-07-25,Vizianagaram,13.7,6.62,32.7,612.1
2007-07-27,Kadapa,2.7,6.1,32.7,401.3
2007-07-28,Kadapa,17.0,6.66,31.8,606.7
2007-07-29,Rajahmundry,55.3,8.43,30.2,1141.8
2007-07-29,Vijayawada,21.2,6.77,31.6,539.6
2007-07-30,Eluru,34.4,7.77,32.0,901.6
2007-07-30,Vizianagaram,22.6,8.24,29.2,739.5
2007-07-31,Eluru,25.7,7.22,31.3,725.2
2007-07-31,Visakhapatnam,16.6,6.23,29.5,523.0
2007-08-01,Kadapa,39.3,7.3,32.0,890.1
2007-08-01,Kakinada,18.8,6.48,32.0,534.5
2007-08-02,Ongole,7.0,5.62,31.6,252.9
2007-08-02,Rajahmundry,4.4,5.84,29.0,306.4
2007-08-03,Amalapuram,54.5,8.71,29.4,1175.8
2007-08-05,Amalapuram,4.9,6.02,31.1,367.9
2007-08-06,Amalapuram,40.6,7.85,29.4,969.2
2007-08-06,Srikakulam,15.2,6.64,30.1,575.2
2007-08-08,Amalapuram,6.1,6.21,33.7,337.4
2007-08-08,Machilipatnam,7.2,6.16,28.0,319.7
2007-08-08,Nellore,19.4,7.12,33.4,703.9
2007-08-09,Guntur,1.5,6.7,31.5,498.8
2007-08-10,Visakhapatnam,21.6,7.28,28.8,702.8
2007-08-11,Amalapuram,8.3,5.59,28.7,277.3
2007-08-11,Machilipatnam,29.1,7.57,30.4,739.6
2007-08-11,Ongole,58.2,8.47,28.9,1244.6
2007-08-11,Rajahmundry,19.5,7.35,34.5,785.2
2007-08-12,Machilipatnam,4.1,6.96,31.3,484.8
2007-08-13,Srikakulam,18.6,6.88,31.4,661.9
2007-08-13,Tirupati,0.5,6.27,30.5,402.4
2007-08-14,Tirupati,15.5,7.09,31.9,608.5
2007-08-14,Vijayawada,8.3,6.25,29.4,458.7
2007-08-16,Guntur,4.2,6.15,31.1,361.1
2007-08-17,Srikakulam,3.4,6.03,31.7,499.9
2007-08-17,Tirupati,6.9,6.64,29.9,461.2
2007-08-18,Kadapa,10.5,6.88,30.7,565.1
2007-08-18,Srikakulam,40.3,7.94,28.7,984.9
2007-08-20,Ongole,6.8,6.66,30.6,455.1
2007-08-20,Visakhapatnam,10.5,6.67,29.8,494.0
2007-08-20,Visakhapatnam,105.3,10.48,30.6,1705.2
2007-08-24,Kurnool,31.8,7.35,30.0,787.4
2007-08-26,Kurnool,25.5,7.31,30.4,740.6
2007-08-26,Vijayawada,24.8,6.81,29.3,681.7
2007-08-27,Kadapa,17.7,7.37,30.8,648.3
2007-08-29,Rajahmundry,28.4,7.54,32.0,794.1
2007-08-30,Anantapur,7.6,6.86,28.4,382.9
2007-08-30,Kakinada,40.9,7.76,25.7,895.0
2007-08-30,Ongole,21.5,6.94,27.5,547.0
2007-08-31,Ongole,13.4,6.85,30.0,528.0
2007-09-01,Nellore,7.3,6.18,29.7,429.8
2007-09-01,Tirupati,17.6,5.57,26.1,465.3
2007-09-02,Kadapa,14.8,6.77,29.7,637.5
2007-09-02,Nellore,0.9,6.28,30.3,382.8
2007-09-02,Tirupati,25.5,7.97,26.6,808.5
2007-09-03,Ongole,44.2,8.06,32.3,892.8
2007-09-04,Visakhapatnam,2.3,5.9,29.1,370.2
2007-09-06,Ongole,22.3,7.02,28.5,681.7
2007-09-09,Visakhapatnam,14.3,7.02,28.1,544.4
2007-09-10,Rajahmundry,8.1,6.16,29.0,475.7
2007-09-12,Kurnool,5.8,5.9,26.9,357.3
2007-09-12,Tirupati,7.5,5.98,29.0,424.7
2007-09-12,Visakhapatnam,54.5,9.21,28.6,1262.3
2007-09-13,Amalapuram,2.9,6.22,28.0,422.4
2007-09-14,Kakinada,17.9,7.23,28.2,742.3
2007-09-15,Ongole,16.9,7.26,26.7,720.7
2007-09-16,Visakhapatnam,4.8,6.57,31.2,440.8
2007-09-16,Visakhapatnam,10.9,6.35,28.5,472.7
2007-09-17,Anantapur,14.2,7.13,29.4,630.1
2007-09-17,Vizianagaram,21.5,7.32,28.1,772.8
2007-09-17,Vizianagaram,8.9,6.97,29.7,559.8
2007-09-18,Eluru,13.0,6.75,29.5,510.9
2007-09-18,Visakhapatnam,33.1,7.9,26.0,895.9
2007-09-19,Guntur,12.9,6.27,26.9,508.1
2007-09-20,Rajahmundry,9.8,6.16,27.1,406.3
2007-09-21,Tirupati,3.0,6.12,26.8,401.8
2007-09-23,Guntur,15.1,6.61,29.0,513.8
2007-09-23,Kurnool,1.6,6.81,30.3,460.0
2007-09-24,Kakinada,13.3,6.48,27.4,565.4
2007-09-24,Vizianagaram,41.9,7.46,25.5,848.0
2007-09-27,Amalapuram,6.2,5.94,24.5,429.8
2007-09-28,Machilipatnam,22.4,6.21,28.4,499.1
2007-09-28,Nellore,19.1,7.44,28.3,742.9
2007-09-29,Vizianagaram,2.4,6.8,27.7,438.0
2007-09-30,Guntur,5.5,6.59,27.4,480.9
2007-09-30,Vizianagaram,14.2,7.02,28.6,576.5
2007-10-01,Nellore,1.9,5.9,25.3,369.2
2007-10-02,Eluru,7.6,5.78,24.0,407.3
2007-10-02,Ongole,0.5,6.71,26.3,349.0
2007-10-02,Rajahmundry,7.0,5.85,26.9,452.0
2007-10-03,Kurnool,8.8,6.21,25.7,484.4
2007-10-03,Kurnool,6.6,6.37,27.5,606.9
2007-10-04,Visakhapatnam,0.3,5.86,28.3,209.7
2007-10-06,Guntur,11.2,6.41,23.6,522.6
2007-10-09,Eluru,2.9,5.81,26.6,347.7
2007-10-09,Srikakulam,4.8,6.47,25.2,463.9
2007-10-10,Kurnool,3.1,6.63,24.9,527.6
2007-10-11,Eluru,8.4,6.87,24.9,562.2
2007-10-12,Visakhapatnam,6.4,6.53,26.2,402.4
2007-10-13,Rajahmundry,2.1,6.26,27.9,328.9
2007-10-13,Srikakulam,3.8,6.43,27.4,323.7
2007-10-14,Amalapuram,4.3,5.5,28.8,201.0
2007-10-14,Vizianagaram,8.1,6.93,26.5,574.0
2007-10-15,Srikakulam,0.1,5.49,27.4,296.1
2007-10-16,Eluru,3.3,6.9,25.3,552.6
2007-10-18,Kurnool,4.7,5.21,27.5,234.0
2007-10-21,Eluru,131.1,11.43,20.9,2112.6
2007-10-22,Eluru,6.9,5.64,26.9,372.1
2007-10-22,Kakinada,25.1,7.33,27.9,759.3
2007-10-23,Tirupati,8.8,6.83,25.1,527.4
2007-10-26,Amalapuram,2.1,6.24,27.0,426.9
2007-10-26,Guntur,1.7,6.25,25.8,404.5
2007-10-26,Machilipatnam,4.6,5.84,29.4,456.9
2007-10-27,Anantapur,1.7,6.32,27.6,477.8
2007-10-29,Kurnool,2.0,6.2,23.9,361.8
2007-10-29,Ongole,3.1,5.62,27.6,326.3
2007-10-30,Amalapuram,6.1,6.9,25.4,511.3
2007-11-01,Kadapa,6.7,5.37,26.3,327.5
2007-11-01,Vizianagaram,6.1,6.1,26.4,350.9
2007-11-02,Kurnool,14.2,6.77,24.4,707.2
2007-11-05,Tirupati,6.2,6.38,25.7,404.8
2007-11-05,Vijayawada,2.0,6.41,24.8,451.0
2007-11-07,Nellore,3.9,6.96,25.5,533.8
2007-11-08,Srikakulam,1.0,5.52,26.3,313.2
2007-11-08,Visakhapatnam,6.6,5.95,21.4,368.8
2007-11-11,Kakinada,3.1,7.02,24.2,577.3
2007-11-12,Anantapur,11.1,6.99,25.1,586.4
2007-11-12,Kakinada,9.2,5.74,23.9,329.8
2007-11-13,Kurnool,5.9,6.47,25.3,522.3
2007-11-19,Kadapa,15.6,6.54,22.1,536.9
2007-11-19,Rajahmundry,3.9,6.61,24.8,450.9
2007-11-19,Tirupati,143.6,12.13,24.1,2267.9
2007-11-20,Kadapa,5.8,7.03,19.7,579.0
2007-11-21,Kakinada,5.2,5.66,23.4,277.0
2007-11-21,Tirupati,2.1,6.31,24.7,398.3
2007-11-22,Amalapuram,9.3,6.23,24.3,469.5
2007-11-22,Vijayawada,3.5,5.51,24.0,353.0
2007-11-23,Nellore,1.4,6.49,26.0,398.5
2007-11-23,Vijayawada,1.2,5.83,25.8,321.3
2007-11-24,Amalapuram,11.1,5.83,24.5,343.3
2007-11-25,Kakinada,0.8,6.05,24.7,428.6
2007-11-25,Vizianagaram,3.4,6.24,24.0,334.9
2007-11-26,Anantapur,2.0,6.5,26.1,466.2
2007-11-27,Kakinada,3.6,5.66,23.0,198.9
2007-11-30,Ongole,12.3,7.0,25.5,611.2
2007-12-01,Kurnool,0.5,6.87,23.8,486.2
2007-12-02,Srikakulam,10.5,6.58,23.4,578.2
2007-12-02,Vijayawada,8.7,6.56,22.9,513.0
2007-12-03,Vizianagaram,22.9,6.65,22.8,593.1
2007-12-04,Kadapa,3.9,6.42,28.1,518.8
2007-12-04,Kakinada,3.7,6.86,21.1,565.7
2007-12-04,Nellore,4.5,5.8,23.3,382.9
2007-12-05,Tirupati,2.2,5.72,22.8,251.9
2007-12-05,Visakhapatnam,1.7,6.52,22.9,456.8
2007-12-06,Rajahmundry,11.0,6.08,24.4,390.7
2007-12-07,Ongole,1.6,5.92,26.2,309.4
2007-12-09,Anantapur,16.3,6.61,22.8,580.7
2007-12-09,Rajahmundry,0.3,6.33,25.0,367.2
2007-12-10,Amalapuram,9.7,5.65,23.4,440.5
2007-12-10,Vizianagaram,2.6,6.81,25.2,434.0
2007-12-12,Guntur,2.9,6.67,22.1,525.4
2007-12-14,Kakinada,1.8,5.54,23.8,251.7
2007-12-14,Visakhapatnam,5.2,6.02,24.8,356.7
2007-12-15,Srikakulam,14.5,5.84,23.9,446.2
2007-12-15,Tirupati,2.5,5.72,24.0,329.9
2007-12-18,Rajahmundry,6.8,6.34,25.3,567.9
2007-12-20,Anantapur,0.5,6.11,23.0,353.8
2007-12-20,Ongole,15.8,7.05,24.9,537.2
2007-12-20,Visakhapatnam,3.0,6.47,23.7,494.4
2007-12-22,Kurnool,3.2,5.94,22.7,362.3
2007-12-26,Kakinada,8.1,6.18,22.5,334.6
2007-12-27,Srikakulam,6.7,5.87,24.1,407.2
2007-12-28,Amalapuram,122.9,11.89,20.1,2152.8
2007-12-28,Eluru,8.2,6.83,23.5,516.8
2007-12-30,Amalapuram,7.5,6.05,23.6,326.2
2007-12-30,Tirupati,2.1,5.17,23.8,246.5
2007-12-31,Kurnool,1.2,5.78,23.7,364.3
2008-01-01,Vizianagaram,7.7,6.07,26.2,519.3
2008-01-02,Guntur,5.0,6.63,23.6,384.7
2008-01-03,Amalapuram,4.4,5.93,23.5,385.2
2008-01-03,Eluru,3.2,6.06,23.7,474.5
2008-01-03,Kakinada,2.2,6.35,27.2,328.0
2008-01-03,Machilipatnam,4.5,6.25,22.5,435.6
2008-01-03,Vijayawada,5.1,5.85,22.1,438.1
2008-01-04,Eluru,11.9,6.44,23.7,426.2
2008-01-04,Rajahmundry,15.3,6.14,25.2,485.3
2008-01-05,Kurnool,8.4,6.81,21.5,546.5
2008-01-06,Rajahmundry,2.3,5.7,25.1,354.3
2008-01-07,Machilipatnam,6.6,6.97,24.1,601.2
2008-01-07,Visakhapatnam,11.4,6.64,24.8,588.6
2008-01-08,Kakinada,7.8,5.91,24.0,415.3
2008-01-09,Amalapuram,8.7,6.49,23.6,585.2
2008-01-11,Nellore,5.6,5.82,26.5,356.8
2008-01-12,Ongole,4.0,5.77,22.5,315.4
2008-01-12,Srikakulam,16.5,7.12,23.1,627.9
2008-01-16,Guntur,4.6,6.17,20.8,342.2
2008-01-17,Amalapuram,27.5,6.7,23.0,637.7
2008-01-17,Kurnool,8.0,7.08,24.2,559.9
2008-01-18,Guntur,0.9,6.09,25.3,365.9
2008-01-18,Kakinada,2.3,6.42,24.8,470.5
2008-01-20,Eluru,10.9,6.27,25.4,471.8
2008-01-21,Tirupati,7.8,6.76,23.1,617.1
2008-01-22,Guntur,41.3,8.49,26.4,933.8
2008-01-22,Kurnool,2.7,5.96,26.6,333.6
2008-01-22,Machilipatnam,6.2,6.21,25.3,387.3
2008-01-23,Machilipatnam,0.8,6.04,26.0,213.4
2008-01-23,Tirupati,1.7,6.53,25.0,458.3
2008-01-24,Guntur,5.3,5.52,23.8,282.8
2008-01-24,Vijayawada,9.4,6.62,24.2,566.6
2008-01-25,Kakinada,8.7,6.82,23.9,477.7
2008-01-25,Rajahmundry,2.6,6.11,24.5,485.6
2008-01-25,Vizianagaram,1.2,6.19,24.7,378.5
2008-01-26,Amalapuram,5.8,6.07,23.7,408.9
2008-01-26,Machilipatnam,9.7,6.85,26.5,523.9
2008-01-26,Srikakulam,1.5,5.14,24.7,222.3
2008-01-26,Vijayawada,1.5,5.98,23.3,366.0
2008-01-26,Vizianagaram,17.3,7.07,24.4,601.4
2008-01-27,Nellore,8.3,5.82,24.2,450.3
2008-01-27,Ongole,3.6,5.76,26.8,328.0
2008-01-28,Machilipatnam,5.7,6.29,22.3,510.7
2008-01-29,Anantapur,2.5,6.47,23.6,412.7
2008-01-29,Rajahmundry,3.4,6.05,23.1,313.8
2008-01-30,Eluru,7.8,5.55,24.1,223.7
2008-02-02,Anantapur,4.3,5.91,27.3,346.3
2008-02-02,Kurnool,117.7,11.07,27.8,2051.5
2008-02-04,Anantapur,7.5,6.45,24.5,515.0
2008-02-06,Anantapur,2.2,5.55,26.3,274.1
2008-02-07,Srikakulam,2.9,6.94,25.5,550.0
2008-02-09,Guntur,1.6,5.42,26.7,291.5
2008-02-10,Kakinada,1.4,6.72,23.1,393.2
2008-02-10,Srikakulam,7.8,6.47,23.8,500.8
2008-02-11,Machilipatnam,12.6,6.3,25.8,454.5
2008-02-12,Amalapuram,1.1,5.63,24.4,295.2
2008-02-12,Rajahmundry,8.9,6.83,26.2,572.9
2008-02-13,Machilipatnam,0.2,6.2,24.2,384.5
2008-02-13,Srikakulam,5.9,5.68,24.8,418.8
2008-02-14,Kadapa,4.2,6.03,25.3,454.2
2008-02-15,Anantapur,4.8,6.44,25.1,363.6
2008-02-16,Guntur,3.4,6.39,25.4,409.6
2008-02-22,Eluru,7.8,5.77,25.7,399.1
2008-02-23,Rajahmundry,6.3,6.53,26.6,346.9
2008-02-24,Srikakulam,113.1,11.65,25.4,2098.6
2008-02-26,Machilipatnam,1.4,6.66,25.8,367.0
2008-02-26,Vijayawada,9.9,6.0,26.0,477.1
2008-02-27,Kurnool,3.4,5.61,26.0,302.7
2008-02-27,Tirupati,9.4,7.31,28.4,676.5
2008-03-01,Ongole,8.8,6.14,27.9,531.2
2008-03-02,Rajahmundry,5.5,6.17,27.2,396.8
2008-03-03,Anantapur,6.4,6.3,25.6,465.1
2008-03-04,Kurnool,127.8,12.43,26.9,2329.6
2008-03-06,Eluru,156.1,13.45,27.3,2656.3
2008-03-06,Kadapa,19.0,7.38,27.6,763.1
2008-03-07,Kakinada,7.2,5.88,27.9,447.3
2008-03-08,Machilipatnam,0.1,6.02,27.1,343.0
2008-03-09,Tirupati,11.3,6.93,29.6,625.6
2008-03-09,Visakhapatnam,3.6,6.51,28.1,284.6
2008-03-11,Kakinada,6.8,6.56,26.1,476.6
2008-03-12,Vizianagaram,8.2,6.44,24.9,584.1
2008-03-15,Anantapur,6.3,5.87,26.0,449.0
2008-03-18,Anantapur,12.3,6.18,24.0,522.4
2008-03-18,Kurnool,4.8,6.24,28.8,453.0
2008-03-19,Ongole,11.1,6.4,28.1,452.1
2008-03-20,Anantapur,5.7,6.49,25.6,436.7
2008-03-20,Eluru,7.3,7.31,26.0,581.5
2008-03-21,Srikakulam,1.7,6.73,27.2,531.2
2008-03-22,Tirupati,3.8,5.62,28.0,431.2
2008-03-23,Ongole,10.6,6.51,31.0,507.6
2008-03-23,Ongole,7.1,5.85,31.3,373.6
2008-03-23,Tirupati,8.9,5.93,26.4,458.5
2008-03-24,Amalapuram,5.0,6.12,28.9,329.2
2008-03-24,Guntur,10.9,6.68,27.3,504.7
2008-03-24,Rajahmundry,3.3,6.3,27.4,458.9
2008-03-25,Machilipatnam,9.9,6.38,29.3,400.3
2008-03-25,Rajahmundry,10.5,5.93,28.1,430.0
2008-03-26,Guntur,142.3,12.72,30.1,2365.2
2008-03-28,Eluru,7.2,6.13,28.3,306.7
2008-03-28,Nellore,12.8,6.27,28.9,380.1
2008-03-30,Guntur,15.4,6.92,28.2,748.0
2008-03-31,Anantapur,5.4,6.78,28.7,569.3
2008-04-01,Ongole,5.7,6.3,29.0,459.1
2008-04-02,Amalapuram,1.3,5.97,25.0,299.5
2008-04-03,Eluru,1.4,5.69,29.2,314.0
2008-04-03,Tirupati,11.3,6.88,31.3,576.1
2008-04-03,Vizianagaram,2.9,5.36,27.4,342.7
2008-04-05,Kadapa,44.2,8.17,29.1,990.6
2008-04-07,Kakinada,2.6,6.44,29.6,393.8
2008-04-08,Vizianagaram,2.5,6.31,28.1,370.3
2008-04-09,Nellore,9.8,5.69,29.0,372.8
2008-04-10,Srikakulam,3.1,5.89,26.5,383.4
2008-04-11,Anantapur,2.6,5.59,28.8,322.9
2008-04-11,Machilipatnam,9.2,5.88,28.9,333.2
2008-04-11,Rajahmundry,10.4,6.66,28.2,529.2
2008-04-12,Eluru,6.7,6.21,28.8,445.1
2008-04-13,Amalapuram,19.7,7.43,29.4,757.1
2008-04-15,Kakinada,6.2,6.49,31.9,425.2
2008-04-16,Eluru,2.4,6.5,27.3,401.8
2008-04-16,Kakinada,9.9,5.96,29.0,378.5
2008-04-17,Tirupati,8.7,7.22,28.5,510.0
2008-04-19,Tirupati,14.7,7.02,31.2,573.1
2008-04-19,Visakhapatnam,2.2,5.29,28.9,254.9
2008-04-19,Vizianagaram,1.9,6.65,31.0,492.8
2008-04-20,Machilipatnam,0.5,5.54,31.4,282.3
2008-04-22,Amalapuram,5.2,5.99,31.9,379.4
2008-04-22,Eluru,2.1,6.74,29.3,563.8
2008-04-23,Vizianagaram,1.7,5.96,31.3,281.8
2008-04-25,Amalapuram,6.9,5.94,30.1,441.8
2008-04-25,Kadapa,4.1,5.55,29.5,274.8
2008-04-26,Eluru,146.1,12.57,30.0,2335.4
2008-04-26,Kurnool,8.0,6.16,29.5,527.7
2008-04-26,Nellore,24.4,7.19,29.3,744.7
2008-04-28,Guntur,14.2,6.16,30.2,492.4
2008-04-30,Guntur,4.6,6.13,32.8,349.1
2008-04-30,Vizianagaram,1.6,5.77,29.3,308.6
2008-05-04,Amalapuram,0.4,6.06,33.1,338.5
2008-05-06,Kakinada,13.3,7.61,31.7,683.2
2008-05-07,Srikakulam,4.2,5.79,33.1,483.2
2008-05-09,Amalapuram,0.3,6.14,31.2,343.6
2008-05-09,Guntur,12.7,6.78,33.5,489.7
2008-05-11,Kakinada,4.2,5.84,30.0,309.9
2008-05-11,Ongole,11.9,6.8,32.2,543.5
2008-05-12,Guntur,2.1,5.53,32.0,384.9
2008-05-12,Vizianagaram,134.1,12.12,28.5,2183.5
2008-05-15,Kurnool,6.0,5.69,29.4,344.0
2008-05-16,Kurnool,15.8,6.23,31.7,518.8
2008-05-18,Srikakulam,1.9,5.35,28.3,266.2
2008-05-20,Ongole,0.2,6.0,33.4,320.2
2008-05-21,Amalapuram,5.2,6.64,31.3,547.9
2008-05-22,Rajahmundry,3.3,5.76,32.7,345.4
2008-05-23,Vizianagaram,3.7,6.25,35.4,432.8
2008-05-24,Kurnool,2.5,6.27,31.4,389.9
2008-05-24,Nellore,6.1,5.89,29.5,366.1
2008-05-26,Eluru,3.4,5.67,32.4,241.3
2008-05-27,Machilipatnam,5.0,6.31,33.6,369.2
2008-05-28,Ongole,4.9,5.99,31.8,322.4
2008-05-29,Kurnool,6.8,6.24,30.3,417.2
2008-05-29,Nellore,10.0,6.56,31.7,551.8
2008-05-29,Rajahmundry,2.5,5.4,29.9,194.5
2008-05-30,Nellore,10.5,6.32,31.9,424.6
2008-05-31,Eluru,16.7,6.92,31.5,560.5
2008-05-31,Rajahmundry,16.1,7.55,29.3,722.5
2008-05-31,Tirupati,3.9,5.81,29.3,416.8
2008-05-31,Vizianagaram,1.6,6.13,33.2,439.3
2008-06-01,Kakinada,7.4,6.26,33.4,558.9
2008-06-01,Kurnool,67.9,9.27,35.1,1328.4
2008-06-01,Machilipatnam,8.8,6.67,32.5,544.5
2008-06-02,Srikakulam,20.0,7.24,31.7,788.2
2008-06-03,Guntur,10.9,6.75,33.8,494.2
2008-06-03,Ongole,38.3,8.12,34.0,945.6
2008-06-06,Srikakulam,32.4,7.23,31.9,695.5
2008-06-07,Vijayawada,8.0,6.44,32.2,429.7
2008-06-09,Eluru,5.4,5.29,31.9,199.6
2008-06-09,Kadapa,16.8,7.2,33.0,699.2
2008-06-10,Rajahmundry,14.4,6.73,34.2,577.0
2008-06-11,Machilipatnam,5.9,5.43,31.4,239.1
2008-06-12,Eluru,30.0,7.33,32.5,785.1
2008-06-12,Kakinada,20.3,6.52,29.9,512.8
2008-06-14,Rajahmundry,29.3,7.08,32.8,721.5
2008-06-15,Nellore,11.8,6.31,31.1,423.5
2008-06-16,Visakhapatnam,18.4,6.41,30.4,522.7
2008-06-16,Vizianagaram,23.7,6.88,31.7,586.9
2008-06-17,Rajahmundry,21.7,7.39,31.6,651.1
2008-06-17,Vijayawada,30.8,7.22,30.4,742.9
2008-06-18,Amalapuram,19.7,6.99,34.1,682.7
2008-06-18,Machilipatnam,1.9,6.1,33.7,394.2
2008-06-18,Nellore,15.3,6.19,31.7,506.3
2008-06-19,Vizianagaram,5.9,6.56,31.5,549.2
2008-06-20,Kakinada,29.3,6.49,30.8,670.3
2008-06-20,Vijayawada,6.7,6.56,33.1,580.8
2008-06-23,Vijayawada,33.2,8.1,30.7,907.3
2008-06-23,Vizianagaram,28.0,6.99,30.6,710.2
2008-06-24,Kurnool,12.1,5.85,31.4,331.9
2008-06-24,Kurnool,17.5,6.6,30.5,580.9
2008-06-24,Srikakulam,32.0,7.82,33.2,847.5
2008-06-24,Tirupati,12.0,6.66,31.8,535.9
2008-06-27,Tirupati,13.8,5.92,31.2,402.2
2008-06-28,Kadapa,12.9,6.62,30.8,572.0
2008-06-29,Amalapuram,9.1,5.79,30.9,413.5
2008-06-29,Kakinada,20.2,6.77,32.9,713.0
2008-06-30,Amalapuram,17.4,6.69,33.2,563.5
2008-07-01,Visakhapatnam,15.8,7.61,30.7,782.8
2008-07-03,Amalapuram,26.7,7.15,33.6,725.2
2008-07-03,Ongole,7.9,5.87,34.5,384.3
2008-07-03,Srikakulam,28.6,8.16,33.2,947.8
2008-07-04,Guntur,36.9,7.5,32.3,789.2
2008-07-05,Ongole,5.7,5.99,31.4,397.5
2008-07-05,Vizianagaram,13.0,6.18,32.8,515.7
2008-07-06,Machilipatnam,11.7,6.65,31.6,630.8
2008-07-07,Anantapur,27.9,6.88,30.9,583.0
2008-07-10,Amalapuram,43.5,7.97,28.4,962.3
2008-07-12,Eluru,14.5,6.36,34.1,439.5
2008-07-12,Rajahmundry,25.5,6.86,33.3,733.1
2008-07-13,Srikakulam,12.8,6.18,30.1,342.3
2008-07-14,Guntur,12.1,6.89,30.0,621.1
2008-07-14,Guntur,24.0,7.59,32.2,851.0
2008-07-14,Vijayawada,24.2,6.56,28.9,640.4
2008-07-17,Anantapur,11.0,6.83,34.0,717.5
2008-07-17,Vizianagaram,3.4,5.68,32.6,308.8
2008-07-18,Eluru,28.4,7.28,31.3,692.9
2008-07-18,Nellore,30.4,7.52,31.2,730.1
2008-07-19,Kurnool,18.2,7.37,31.5,640.7
2008-07-23,Guntur,21.6,6.94,31.0,721.3
2008-07-24,Amalapuram,4.9,5.94,31.0,386.2
2008-07-24,Visakhapatnam,8.7,6.03,31.7,394.9
2008-07-26,Amalapuram,38.1,7.75,30.2,857.3
2008-07-26,Guntur,6.7,6.01,30.0,431.5
2008-07-27,Eluru,5.2,6.12,28.2,465.2
2008-07-27,Tirupati,6.6,5.9,32.2,347.0
2008-07-27,Vizianagaram,55.6,7.99,32.1,1143.3
2008-07-28,Amalapuram,12.5,6.45,33.6,513.9
2008-07-29,Eluru,54.4,8.14,32.0,1115.7
2008-07-29,Kurnool,10.8,6.19,30.3,373.3
2008-07-29,Rajahmundry,11.5,6.91,30.2,559.7
2008-07-29,Vijayawada,27.1,6.76,32.6,731.2
2008-07-29,Vizianagaram,3.5,6.66,30.6,467.2
2008-07-30,Nellore,6.8,5.88,30.2,369.5
2008-07-31,Eluru,3.5,5.76,30.2,354.6
2008-07-31,Kadapa,16.5,6.8,31.5,615.6
2008-08-02,Kurnool,7.5,6.4,32.0,403.1
2008-08-02,Nellore,27.9,7.11,31.4,831.1
2008-08-03,Vijayawada,2.4,5.76,32.9,361.5
2008-08-04,Visakhapatnam,9.8,5.92,33.7,308.0
2008-08-05,Rajahmundry,4.3,6.22,30.3,417.9
2008-08-06,Guntur,17.6,6.6,30.0,578.1
2008-08-06,Kurnool,13.2,6.82,31.3,597.1
2008-08-06,Tirupati,27.3,7.35,30.8,866.0
2008-08-07,Eluru,10.1,6.14,28.5,404.6
2008-08-07,Vizianagaram,64.9,8.55,30.7,1228.6
2008-08-09,Vizianagaram,23.0,6.99,29.6,692.0
2008-08-10,Vizianagaram,28.2,6.37,30.9,696.5
2008-08-11,Anantapur,8.5,6.07,31.2,419.5
2008-08-12,Kakinada,8.6,6.04,29.0,461.6
2008-08-12,Nellore,21.1,6.55,32.3,503.2
2008-08-13,Kadapa,13.6,6.12,31.1,380.8
2008-08-14,Anantapur,6.4,5.79,32.7,361.1
2008-08-14,Tirupati,11.3,6.53,32.0,514.8
2008-08-14,Vizianagaram,36.1,7.53,30.1,877.7
2008-08-15,Srikakulam,22.4,7.21,30.6,766.7
2008-08-15,Vijayawada,26.3,7.91,25.2,883.7
2008-08-16,Machilipatnam,27.1,7.05,31.6,709.1
2008-08-16,Visakhapatnam,9.3,7.25,29.1,612.4
2008-08-19,Amalapuram,4.7,6.19,33.0,345.5
2008-08-21,Kakinada,17.9,6.66,28.3,510.4
2008-08-21,Vizianagaram,3.4,4.93,29.1,256.2
2008-08-22,Srikakulam,3.7,6.06,29.0,300.4
2008-08-22,Vijayawada,69.6,9.61,28.0,1349.2
2008-08-23,Ongole,6.7,6.01,28.0,522.1
2008-08-23,Vizianagaram,7.0,6.33,26.5,503.9
2008-08-26,Kakinada,29.5,6.58,27.3,712.6
2008-08-28,Amalapuram,35.9,7.15,28.0,811.8
2008-08-28,Tirupati,15.5,6.2,30.5,468.9
2008-08-29,Rajahmundry,4.9,6.49,30.1,437.1
2008-08-29,Srikakulam,21.2,5.9,28.4,480.2
2008-08-30,Kakinada,0.8,5.79,28.5,315.0
2008-08-30,Nellore,4.1,5.94,28.1,365.5
2008-08-31,Machilipatnam,0.3,6.35,28.3,494.3
2008-09-01,Nellore,2.6,5.67,28.9,292.2
2008-09-02,Visakhapatnam,14.1,6.6,28.4,472.4
2008-09-03,Srikakulam,17.3,6.65,28.5,480.7
2008-09-05,Kadapa,35.5,7.21,28.7,795.3
2008-09-06,Vijayawada,13.9,6.39,29.0,537.2
2008-09-07,Visakhapatnam,0.8,6.08,28.1,357.7
2008-09-08,Tirupati,10.4,6.99,28.6,592.8
2008-09-08,Vijayawada,21.2,7.42,30.5,629.0
2008-09-09,Visakhapatnam,45.6,7.74,27.5,948.9
2008-09-10,Guntur,24.0,7.05,27.7,729.1
2008-09-12,Amalapuram,39.5,8.26,28.1,980.4
2008-09-12,Vijayawada,16.0,6.32,28.7,456.1
2008-09-13,Vizianagaram,93.6,10.28,29.7,1623.8
2008-09-15,Eluru,9.5,6.66,28.5,520.0
2008-09-17,Anantapur,17.0,6.44,27.1,518.5
2008-09-17,Kurnool,3.6,6.52,27.4,404.7
2008-09-18,Machilipatnam,15.2,6.27,28.9,434.0
2008-09-19,Eluru,34.6,7.14,27.0,811.7
2008-09-19,Vijayawada,18.6,6.31,30.1,644.2
2008-09-20,Kakinada,15.2,6.48,24.3,587.1
2008-09-21,Eluru,37.3,7.48,28.6,857.5
2008-09-21,Rajahmundry,5.2,6.09,27.9,467.6
2008-09-24,Visakhapatnam,18.6,6.99,26.2,701.8
2008-09-26,Vizianagaram,4.7,5.82,24.5,287.2
2008-09-28,Rajahmundry,15.5,6.37,27.1,485.0
2008-09-28,Visakhapatnam,21.4,7.47,25.4,738.2
2008-09-28,Visakhapatnam,35.1,7.79,27.0,875.3
2008-09-30,Machilipatnam,19.0,6.69,28.3,651.6
2008-10-01,Guntur,8.0,5.48,29.3,439.0
2008-10-02,Vizianagaram,0.1,5.82,28.9,321.0
2008-10-03,Guntur,2.1,5.8,28.3,366.5
2008-10-03,Tirupati,4.6,6.5,26.0,484.3
2008-10-04,Kadapa,6.9,5.6,26.0,311.5
2008-10-07,Nellore,77.5,10.01,26.2,1583.0
2008-10-07,Vizianagaram,14.4,6.45,25.7,471.5
2008-10-08,Visakhapatnam,2.1,6.51,27.2,484.9
2008-10-09,Nellore,3.0,6.47,27.4,480.4
2008-10-09,Rajahmundry,3.6,6.19,24.3,484.5
2008-10-09,Vijayawada,4.5,6.53,27.8,494.5
2008-10-10,Tirupati,16.1,6.4,24.1,552.6
2008-10-12,Kakinada,3.3,6.35,28.1,401.7
2008-10-12,Rajahmundry,2.8,6.26,27.8,452.9
2008-10-14,Ongole,3.1,6.19,27.5,430.2
2008-10-15,Vizianagaram,1.2,6.04,30.0,401.9
2008-10-16,Anantapur,8.3,7.34,24.4,608.8
2008-10-16,Guntur,7.4,6.62,29.6,546.7
2008-10-18,Eluru,10.5,6.28,24.8,518.9
2008-10-19,Kadapa,2.9,7.12,28.3,591.5
2008-10-20,Machilipatnam,10.5,6.89,28.8,586.5
2008-10-20,Nellore,3.9,5.96,26.1,329.0
2008-10-21,Machilipatnam,10.9,6.88,23.5,589.2
2008-10-22,Vijayawada,6.4,6.05,27.1,383.6
2008-10-24,Rajahmundry,6.1,6.24,25.3,421.3
2008-10-26,Anantapur,3.9,6.96,27.3,478.2
2008-10-26,Tirupati,6.9,6.49,22.9,494.2
2008-10-27,Amalapuram,129.1,11.41,25.1,2093.2
2008-10-27,Kadapa,1.6,5.49,24.2,359.9
2008-10-27,Rajahmundry,2.6,5.8,26.3,223.1
2008-10-27,Srikakulam,13.9,6.72,24.0,529.5
2008-10-28,Kakinada,6.9,6.14,25.2,308.3
2008-10-30,Anantapur,2.9,5.83,24.6,359.8
2008-10-30,Kurnool,7.8,6.7,26.9,584.0
2008-10-30,Srikakulam,10.2,6.28,27.6,414.5
2008-10-31,Vizianagaram,21.8,7.16,24.6,683.5
2008-11-01,Tirupati,0.5,5.61,26.2,277.6
2008-11-01,Vijayawada,3.8,5.99,23.4,348.5
2008-11-01,Vizianagaram,3.6,6.11,29.0,310.5
2008-11-03,Anantapur,3.0,6.43,27.7,503.2
2008-11-03,Machilipatnam,24.2,7.08,25.1,697.6
2008-11-04,Kadapa,5.7,6.13,27.5,408.7
2008-11-04,Kakinada,5.6,6.01,24.1,350.1
2008-11-04,Srikakulam,8.3,6.97,24.5,714.0
2008-11-06,Kakinada,2.9,6.11,26.3,367.2
2008-11-06,Kurnool,0.8,6.17,24.7,404.2
2008-11-07,Vijayawada,2.9,5.92,26.2,308.6
2008-11-08,Tirupati,5.3,6.52,21.4,445.8
2008-11-09,Amalapuram,1.5,5.3,24.5,283.4
2008-11-09,Kadapa,2.1,6.06,23.4,365.1
2008-11-11,Kadapa,2.6,6.69,26.2,459.4
2008-11-11,Machilipatnam,3.1,6.07,22.9,289.4
2008-11-11,Vizianagaram,0.1,6.1,24.5,422.2
2008-11-12,Anantapur,16.8,6.73,24.6,596.4
2008-11-14,Guntur,8.4,6.36,29.1,540.6
2008-11-14,Vizianagaram,3.4,6.39,21.7,456.0
2008-11-18,Machilipatnam,78.5,9.33,25.0,1514.9
2008-11-19,Visakhapatnam,14.7,7.15,25.3,697.8
2008-11-19,Visakhapatnam,4.5,6.55,21.8,512.4
2008-11-20,Ongole,9.7,6.55,24.4,424.8
2008-11-24,Vizianagaram,0.9,5.96,25.7,354.6
2008-11-25,Tirupati,25.2,6.9,24.1,779.3
2008-11-27,Nellore,4.9,5.41,23.8,272.3
2008-11-27,Srikakulam,2.3,6.39,25.8,484.3
2008-11-30,Ongole,2.7,6.99,25.6,497.0
2008-12-01,Tirupati,1.1,6.64,24.0,545.5
2008-12-02,Kadapa,5.0,6.24,24.7,269.7
2008-12-02,Vijayawada,2.7,5.87,23.8,438.5
2008-12-02,Vijayawada,3.5,6.61,25.7,476.8
2008-12-02,Visakhapatnam,20.2,5.72,23.5,385.1
2008-12-05,Machilipatnam,5.6,6.41,24.0,540.9
2008-12-07,Eluru,0.5,5.83,22.4,367.5
2008-12-07,Eluru,5.9,6.7,22.5,448.8
2008-12-07,Nellore,4.5,5.92,24.1,406.6
2008-12-07,Rajahmundry,1.9,6.42,25.6,507.5
2008-12-07,Rajahmundry,11.9,6.91,21.9,605.2
2008-12-08,Machilipatnam,2.9,7.01,23.4,386.5
2008-12-09,Amalapuram,0.9,5.44,23.4,307.6
2008-12-09,Srikakulam,1.3,5.79,22.8,280.9
2008-12-10,Ongole,9.2,6.25,24.0,512.5
2008-12-11,Kakinada,5.2,6.38,24.6,454.7
2008-12-12,Vijayawada,6.0,6.5,22.1,489.0
2008-12-14,Ongole,7.4,6.5,24.0,422.3
2008-12-15,Kadapa,0.2,6.16,23.2,390.3
2008-12-16,Srikakulam,82.6,9.73,23.9,1566.1
2008-12-19,Nellore,4.0,5.89,22.1,386.6
2008-12-21,Nellore,8.6,6.56,23.4,528.0
2008-12-21,Vijayawada,2.4,6.47,22.4,397.7
2008-12-21,Visakhapatnam,12.3,6.73,25.7,530.6
2008-12-22,Guntur,11.4,6.83,22.4,610.4
2008-12-22,Visakhapatnam,7.8,6.69,25.0,584.3
2008-12-24,Amalapuram,2.6,5.48,23.2,242.5
2008-12-24,Rajahmundry,18.1,7.62,25.3,790.1
2008-12-27,Tirupati,3.4,5.87,25.9,314.9
2008-12-28,Vizianagaram,23.5,6.04,24.6,559.1
2008-12-29,Kurnool,1.7,6.69,23.1,445.9
2008-12-31,Anantapur,1.8,5.53,24.4,221.3
2009-01-01,Ongole,7.6,6.28,25.5,510.8
2009-01-01,Vijayawada,5.6,6.86,23.9,460.7
2009-01-03,Guntur,0.4,5.96,24.4,395.9
2009-01-04,Anantapur,1.1,4.99,23.0,134.9
2009-01-04,Rajahmundry,10.2,6.81,23.8,633.3
2009-01-04,Vizianagaram,15.0,6.64,23.0,505.4
2009-01-04,Vizianagaram,0.9,5.47,25.3,296.4
2009-01-06,Kadapa,5.7,6.42,24.5,467.1
2009-01-07,Kurnool,3.3,6.85,24.0,484.4
2009-01-09,Vijayawada,3.4,5.2,27.7,268.0
2009-01-12,Vijayawada,3.0,5.79,24.4,377.3
2009-01-14,Vijayawada,51.5,8.59,25.2,1176.4
2009-01-14,Vizianagaram,2.9,6.39,24.7,390.9
2009-01-15,Tirupati,17.6,6.99,26.7,680.0
2009-01-16,Kurnool,2.7,6.41,21.5,411.9
2009-01-17,Guntur,0.8,5.93,25.9,355.7
2009-01-18,Srikakulam,4.5,5.87,27.6,305.0
2009-01-19,Kurnool,7.6,6.38,25.0,397.1
2009-01-19,Visakhapatnam,5.2,5.68,21.9,269.2
2009-01-20,Kakinada,45.4,8.04,24.6,1055.1
2009-01-21,Anantapur,12.1,6.12,24.8,412.1
2009-01-21,Kurnool,3.4,5.71,25.5,306.5
2009-01-21,Vijayawada,2.4,6.62,22.6,460.1
2009-01-22,Ongole,9.5,6.15,26.5,493.6
2009-01-23,Guntur,3.5,6.3,25.8,390.6
2009-01-23,Visakhapatnam,4.6,5.22,24.5,213.4
2009-01-24,Anantapur,23.2,7.6,26.6,779.7
2009-01-24,Anantapur,4.4,5.51,26.0,358.7
2009-01-24,Rajahmundry,2.6,6.25,25.3,474.0
2009-01-26,Tirupati,12.3,5.7,24.6,452.8
2009-01-27,Rajahmundry,3.2,6.49,22.9,428.6
2009-01-27,Srikakulam,5.8,6.23,25.3,452.9
2009-01-29,Visakhapatnam,2.4,5.42,24.2,254.5
2009-01-30,Guntur,8.8,6.54,23.2,442.8
2009-01-30,Rajahmundry,4.3,6.13,27.2,486.5
2009-01-30,Srikakulam,7.9,5.86,22.5,456.7
2009-01-30,Srikakulam,13.6,6.61,26.2,492.8
2009-01-30,Vizianagaram,1.8,6.09,25.6,523.7
2009-01-31,Machilipatnam,13.2,6.05,23.9,365.2
2009-01-31,Machilipatnam,4.9,6.23,23.4,473.2
2009-02-03,Srikakulam,2.8,6.02,25.2,377.8
2009-02-03,Vijayawada,6.3,5.7,27.3,306.5
2009-02-03,Visakhapatnam,4.3,6.07,22.2,502.8
2009-02-04,Amalapuram,2.4,5.84,25.2,396.5
2009-02-05,Eluru,14.8,6.28,23.7,557.2
2009-02-06,Kakinada,0.3,5.59,25.3,265.3
2009-02-06,Ongole,2.6,7.01,23.2,633.9
2009-02-06,Vijayawada,0.2,6.4,26.1,452.2
2009-02-06,Vijayawada,0.2,6.56,26.4,391.2
2009-02-06,Vizianagaram,16.6,6.29,27.8,532.0
2009-02-08,Nellore,5.6,5.97,26.7,352.4
2009-02-11,Tirupati,3.9,6.64,28.0,378.2
2009-02-14,Vizianagaram,6.9,6.51,25.7,460.9
2009-02-15,Visakhapatnam,8.2,6.81,23.7,574.0
2009-02-16,Guntur,11.2,6.14,26.0,496.7
2009-02-16,Guntur,4.7,6.05,24.1,333.7
2009-02-16,Rajahmundry,1.8,6.02,22.4,383.9
2009-02-16,Vizianagaram,3.4,6.91,24.9,529.1
2009-02-18,Nellore,5.5,6.19,27.4,376.9
2009-02-19,Nellore,1.1,6.52,27.7,368.8
2009-02-21,Rajahmundry,1.6,6.57,25.1,515.2
2009-02-21,Vizianagaram,8.8,6.33,27.7,383.8
2009-02-22,Srikakulam,9.4,5.96,27.0,481.7
2009-02-24,Ongole,1.0,6.2,26.3,465.8
2009-02-24,Visakhapatnam,1.4,5.57,25.5,221.3
2009-02-25,Rajahmundry,2.6,5.41,26.1,358.9
2009-02-25,Visakhapatnam,6.2,5.5,24.4,354.5
2009-02-25,Vizianagaram,1.4,5.53,25.4,301.0
2009-02-26,Amalapuram,13.7,6.3,27.3,442.5
2009-02-26,Eluru,6.2,5.51,27.9,288.5
2009-02-26,Vizianagaram,6.1,6.19,27.6,373.4
2009-02-28,Visakhapatnam,3.9,5.61,25.8,241.2
2009-02-28,Visakhapatnam,6.4,6.1,26.4,358.7
2009-02-28,Vizianagaram,6.9,6.61,27.7,559.2
2009-03-01,Eluru,6.2,5.64,28.7,302.9
2009-03-01,Kadapa,3.6,5.69,24.8,281.4
2009-03-01,Machilipatnam,6.0,6.76,28.6,560.2
2009-03-01,Nellore,9.8,6.98,28.0,509.7
2009-03-01,Ongole,3.7,6.35,26.1,393.0
2009-03-02,Ongole,12.4,6.15,27.1,374.2
2009-03-06,Vijayawada,6.5,5.89,25.9,450.0
2009-03-06,Vizianagaram,11.3,5.91,26.4,431.8
2009-03-07,Anantapur,12.3,6.86,26.3,595.2
2009-03-07,Visakhapatnam,162.2,13.8,25.6,2688.4
2009-03-08,Vijayawada,45.8,8.6,28.5,1160.0
2009-03-09,Amalapuram,7.9,5.86,24.3,363.6
2009-03-11,Ongole,0.4,5.21,27.2,305.3
2009-03-12,Eluru,0.7,5.78,29.3,311.5
2009-03-12,Guntur,7.0,6.65,28.5,525.1
2009-03-12,Rajahmundry,0.4,6.12,28.0,354.4
2009-03-12,Vijayawada,10.9,7.1,29.7,568.9
2009-03-14,Anantapur,3.7,6.4,26.5,484.0
2009-03-14,Anantapur,4.3,5.76,28.3,291.2
2009-03-14,Machilipatnam,3.4,6.1,23.7,341.6
2009-03-15,Nellore,128.2,11.45,25.9,2115.7
2009-03-16,Srikakulam,2.0,5.74,28.2,390.9
2009-03-17,Eluru,2.3,6.01,28.4,335.2
2009-03-19,Kurnool,4.6,7.37,29.9,625.9
2009-03-20,Vijayawada,5.2,6.63,27.4,428.1
2009-03-21,Machilipatnam,6.1,6.61,28.9,447.8
2009-03-22,Kakinada,5.2,7.45,30.6,599.3
2009-03-22,Nellore,0.3,6.26,26.0,555.4
2009-03-23,Kurnool,7.5,5.99,25.7,445.0
2009-03-26,Eluru,2.9,5.69,28.5,315.8
2009-03-27,Ongole,0.1,5.94,30.2,304.3
2009-03-28,Srikakulam,22.7,7.29,28.9,742.5
2009-03-29,Amalapuram,9.2,6.08,27.5,430.9
2009-03-30,Rajahmundry,0.4,6.0,28.5,404.0
2009-03-31,Rajahmundry,1.3,6.69,27.5,501.2
2009-04-01,Amalapuram,2.1,5.67,30.7,359.6
2009-04-01,Amalapuram,4.3,5.43,26.8,307.6
2009-04-02,Vijayawada,5.4,5.88,28.6,301.5
2009-04-03,Guntur,6.4,6.12,31.6,488.1
2009-04-03,Tirupati,0.7,5.9,30.1,282.6
2009-04-04,Rajahmundry,7.8,6.51,31.6,562.4
2009-04-04,Srikakulam,5.1,6.13,26.8,519.7
2009-04-06,Ongole,15.7,7.1,28.8,622.5
2009-04-07,Kurnool,9.6,6.1,29.0,425.4
2009-04-07,Vizianagaram,19.8,7.47,27.6,649.0
2009-04-08,Tirupati,1.6,6.06,28.0,370.5
2009-04-09,Rajahmundry,3.7,6.06,28.2,428.0
2009-04-11,Kakinada,4.1,6.38,29.3,432.9
2009-04-12,Anantapur,5.3,6.7,30.7,404.6
2009-04-13,Kadapa,101.8,9.89,27.5,1639.9
2009-04-14,Kakinada,1.1,6.12,30.7,297.4
2009-04-17,Tirupati,4.4,6.46,29.5,574.0
2009-04-19,Anantapur,3.0,5.9,28.4,426.4
2009-04-19,Eluru,12.8,7.03,29.9,596.0
2009-04-21,Vijayawada,12.4,5.67,31.6,387.8
2009-04-21,Vizianagaram,6.9,6.05,27.4,378.5
2009-04-22,Anantapur,12.0,7.34,31.1,645.1
2009-04-22,Kadapa,19.3,6.31,30.5,490.5
2009-04-22,Visakhapatnam,3.5,5.65,30.6,391.9
2009-04-23,Kadapa,3.4,5.87,28.4,430.6
2009-04-24,Machilipatnam,3.9,6.48,30.3,425.7
2009-04-26,Visakhapatnam,9.3,6.05,29.6,400.8
2009-04-27,Guntur,20.2,7.46,28.0,746.6
2009-04-29,Tirupati,1.4,6.08,29.3,258.6
2009-04-30,Rajahmundry,2.2,6.26,29.6,406.9
2009-05-02,Kakinada,7.9,5.97,30.7,338.6
2009-05-05,Visakhapatnam,3.5,6.1,32.3,439.6
2009-05-07,Srikakulam,22.1,6.78,31.9,580.2
2009-05-07,Visakhapatnam,4.8,6.49,29.4,428.6
2009-05-08,Anantapur,174.3,13.51,29.7,2754.9
2009-05-09,Eluru,5.4,5.79,29.2,397.0
2009-05-10,Srikakulam,154.6,12.88,31.0,2509.0
2009-05-12,Kurnool,3.0,6.34,33.1,342.7
2009-05-14,Guntur,153.0,13.11,30.7,2624.5
2009-05-14,Ongole,2.2,6.53,29.2,461.7
2009-05-15,Rajahmundry,5.3,6.85,35.1,537.2
2009-05-15,Srikakulam,7.6,6.04,34.1,373.9
2009-05-17,Ongole,4.0,6.62,31.6,371.2
2009-05-20,Kadapa,12.1,7.09,28.8,671.8
2009-05-20,Kakinada,7.2,6.91,31.0,540.9
2009-05-21,Kakinada,11.6,6.72,32.7,601.9
2009-05-21,Rajahmundry,12.3,7.05,35.4,649.0
2009-05-23,Guntur,3.9,6.12,30.3,374.3
2009-05-23,Guntur,1.3,6.26,30.3,440.5
2009-05-24,Kurnool,0.4,5.54,32.2,190.2
2009-05-25,Eluru,0.8,6.24,29.5,432.9
2009-05-26,Vijayawada,0.9,5.79,32.5,334.5
2009-05-27,Kadapa,4.5,5.7,29.1,291.5
2009-05-28,Guntur,14.9,7.08,30.1,639.6
2009-05-30,Amalapuram,56.2,8.96,31.5,1185.7
2009-05-31,Vijayawada,6.2,6.09,30.9,422.2
2009-06-01,Ongole,26.2,7.33,29.2,673.7
2009-06-02,Tirupati,30.4,7.98,31.8,900.1
2009-06-03,Vizianagaram,10.4,6.33,32.4,516.6
2009-06-04,Kakinada,11.6,6.12,32.2,455.2
2009-06-07,Guntur,12.6,6.38,34.2,484.2
2009-06-07,Kadapa,7.4,6.55,33.6,378.5
2009-06-08,Machilipatnam,22.5,7.4,32.4,724.2
2009-06-08,Tirupati,5.9,6.45,33.8,492.8
2009-06-10,Nellore,10.7,6.67,31.8,396.1
2009-06-11,Kakinada,9.5,6.95,34.9,576.8
2009-06-11,Nellore,0.9,6.18,33.6,323.2
2009-06-12,Machilipatnam,4.3,6.13,32.5,310.2
2009-06-12,Srikakulam,4.6,6.37,32.2,374.8
2009-06-13,Anantapur,12.7,7.39,29.5,528.9
2009-06-18,Ongole,5.5,5.91,32.3,357.7
2009-06-22,Amalapuram,22.9,7.16,31.7,824.1
2009-06-22,Machilipatnam,10.9,6.58,28.9,447.8
2009-06-25,Tirupati,20.3,6.75,30.2,659.9
2009-06-26,Guntur,28.6,7.51,32.8,805.9
2009-06-27,Visakhapatnam,11.0,6.15,30.8,447.2
2009-06-28,Ongole,18.1,7.03,30.6,687.4
2009-06-29,Amalapuram,15.9,6.63,32.5,580.9
2009-06-30,Srikakulam,16.4,6.91,31.8,636.4
2009-07-01,Eluru,21.9,7.54,32.0,706.2
2009-07-01,Kurnool,21.1,6.3,29.8,505.6
2009-07-01,Nellore,61.9,9.39,31.5,1248.5
2009-07-02,Ongole,19.0,7.54,31.7,756.3
2009-07-02,Rajahmundry,21.1,8.06,30.1,808.7
2009-07-02,Visakhapatnam,28.3,7.51,32.8,817.1
2009-07-03,Amalapuram,12.2,6.65,31.4,480.6
2009-07-03,Vizianagaram,106.1,10.93,31.9,1831.5
2009-07-04,Guntur,14.5,6.04,33.0,367.0
2009-07-04,Ongole,3.6,6.24,32.9,386.6
2009-07-04,Rajahmundry,4.8,6.3,33.1,421.7
2009-07-12,Anantapur,11.6,6.29,35.3,398.1
2009-07-13,Nellore,45.7,7.82,33.3,1019.1
2009-07-16,Guntur,33.1,7.0,30.5,730.5
2009-07-18,Machilipatnam,10.7,5.49,32.6,255.5
2009-07-19,Amalapuram,15.7,6.72,31.5,585.6
2009-07-20,Eluru,13.9,7.38,29.8,693.6
2009-07-20,Vijayawada,7.0,6.61,32.6,556.3
2009-07-22,Tirupati,42.9,7.45,32.5,900.4
2009-07-25,Amalapuram,3.1,5.51,29.0,354.5
2009-07-25,Machilipatnam,8.0,5.54,34.4,274.2
2009-07-27,Kurnool,10.6,7.0,30.1,677.7
2009-07-30,Kadapa,13.5,5.92,34.1,379.2
2009-07-31,Rajahmundry,4.0,6.27,31.8,490.5
2009-08-02,Machilipatnam,6.2,6.9,30.5,548.1
2009-08-04,Kadapa,21.1,7.75,33.0,819.8
2009-08-05,Kadapa,25.8,7.36,30.7,771.9
2009-08-08,Machilipatnam,33.3,7.89,32.3,916.5
2009-08-09,Eluru,6.1,5.88,30.3,351.3
2009-08-11,Kadapa,24.1,7.07,26.1,698.7
2009-08-14,Anantapur,24.7,7.93,29.8,824.1
2009-08-14,Machilipatnam,14.8,6.42,28.9,505.7
2009-08-14,Tirupati,19.7,6.49,28.7,631.4
2009-08-15,Nellore,15.0,6.41,31.9,579.4
2009-08-15,Visakhapatnam,44.6,7.59,29.5,944.8
2009-08-16,Kurnool,9.8,6.17,33.1,460.5
2009-08-16,Rajahmundry,51.7,8.14,29.6,1004.3
2009-08-17,Kakinada,20.6,6.48,29.0,458.3
2009-08-18,Nellore,17.4,6.64,32.1,623.4
2009-08-19,Visakhapatnam,3.8,7.0,29.2,614.6
2009-08-23,Tirupati,13.1,6.35,29.9,554.6
2009-08-24,Amalapuram,7.6,6.55,30.3,414.1
2009-08-25,Anantapur,6.6,6.7,27.3,438.1
2009-08-25,Kadapa,25.4,7.18,30.4,729.7
2009-08-26,Nellore,16.7,7.51,26.2,700.2
2009-08-29,Amalapuram,28.7,7.57,28.9,857.3
2009-08-29,Visakhapatnam,23.1,6.94,28.6,726.4
2009-08-30,Kadapa,13.1,6.12,27.2,438.5
2009-08-30,Nellore,64.7,8.44,30.0,1268.1
2009-09-01,Anantapur,11.6,6.78,29.5,553.1
2009-09-02,Srikakulam,2.4,5.7,29.0,443.7
2009-09-04,Srikakulam,63.0,9.26,28.0,1289.6
2009-09-05,Vizianagaram,1.4,6.64,30.0,458.6
2009-09-07,Nellore,9.8,6.23,26.9,506.8
2009-09-09,Nellore,8.7,6.91,27.2,476.4
2009-09-11,Kakinada,10.6,5.29,29.9,369.2
2009-09-11,Vijayawada,22.3,7.45,29.2,669.8
2009-09-12,Machilipatnam,68.0,8.64,26.8,1314.9
2009-09-20,Eluru,72.2,9.05,25.8,1288.8
2009-09-20,Kakinada,18.8,6.68,29.5,608.2
2009-09-22,Kurnool,58.3,8.95,25.8,1191.3
2009-09-23,Machilipatnam,24.7,7.32,25.8,678.4
2009-09-23,Machilipatnam,39.7,7.84,27.5,840.6
2009-09-24,Guntur,1.0,6.65,26.6,587.3
2009-09-26,Kakinada,10.4,6.54,26.3,522.4
2009-09-27,Kadapa,16.7,5.8,29.3,396.8
2009-09-27,Ongole,1.4,6.65,29.6,439.8
2009-09-28,Kadapa,23.4,6.81,24.7,605.5
2009-09-29,Guntur,12.9,7.22,28.8,617.6
2009-09-29,Visakhapatnam,40.4,7.63,26.2,905.4
2009-10-02,Ongole,5.3,5.99,25.2,384.6
2009-10-04,Amalapuram,16.9,7.69,23.8,691.1
2009-10-04,Srikakulam,3.8,6.17,25.0,517.2
2009-10-05,Kurnool,18.8,6.99,26.2,537.7
2009-10-06,Vizianagaram,3.0,6.65,28.4,506.6
2009-10-07,Vijayawada,10.8,6.34,28.3,463.9
2009-10-08,Visakhapatnam,11.9,5.94,25.2,377.1
2009-10-09,Visakhapatnam,11.7,6.55,26.2,489.4
2009-10-10,Ongole,17.9,7.17,26.5,700.2
2009-10-10,Visakhapatnam,14.1,6.49,25.4,578.4
2009-10-13,Vizianagaram,1.6,6.5,25.8,439.6
2009-10-15,Tirupati,165.6,13.41,25.9,2771.3
2009-10-16,Rajahmundry,0.3,4.48,26.6,92.1
2009-10-17,Ongole,0.2,6.07,26.4,379.5
2009-10-18,Amalapuram,9.4,6.93,27.0,497.4
2009-10-18,Ongole,9.5,5.78,26.6,490.1
2009-10-19,Guntur,15.9,6.11,25.8,519.8
2009-10-19,Machilipatnam,0.6,6.09,24.0,469.9
2009-10-19,Vizianagaram,11.4,6.61,27.3,457.5
2009-10-20,Srikakulam,2.5,6.39,26.0,426.1
2009-10-21,Eluru,118.8,11.59,22.8,2020.1
2009-10-21,Ongole,1.0,5.69,29.2,337.4
2009-10-21,Visakhapatnam,21.1,7.01,25.6,630.5
2009-10-22,Amalapuram,14.7,6.33,23.8,481.0
2009-10-22,Vizianagaram,4.8,5.76,21.3,332.3
2009-10-25,Vizianagaram,8.5,7.31,25.6,625.0
2009-10-26,Nellore,3.3,7.03,26.1,568.2
2009-10-29,Kadapa,12.3,6.85,25.8,596.2
2009-10-30,Nellore,16.4,7.74,26.4,792.8
2009-10-30,Ongole,1.9,6.19,25.6,383.1
2009-11-02,Vizianagaram,3.5,6.62,28.5,479.1
2009-11-04,Srikakulam,12.2,6.84,24.9,563.7
2009-11-05,Nellore,10.0,6.6,25.8,564.6
2009-11-06,Kakinada,9.0,6.28,24.7,387.9
2009-11-10,Nellore,6.9,6.77,22.9,631.8
2009-11-12,Kurnool,17.1,6.23,26.5,493.0
2009-11-13,Kurnool,6.4,5.52,22.2,268.9
2009-11-13,Machilipatnam,2.7,6.51,22.9,477.3
2009-11-13,Machilipatnam,5.5,5.89,24.2,465.3
2009-11-15,Kadapa,9.8,6.24,24.1,481.5
2009-11-15,Srikakulam,4.1,7.16,26.4,573.2
2009-11-16,Anantapur,92.7,10.41,23.9,1617.7
2009-11-16,Anantapur,2.9,6.14,25.9,355.5
2009-11-16,Vijayawada,1.4,5.71,24.4,283.4
2009-11-17,Nellore,13.7,7.04,29.1,682.1
2009-11-18,Vijayawada,12.1,6.3,25.1,505.0
2009-11-21,Amalapuram,22.6,6.52,21.9,565.4
2009-11-21,Vizianagaram,111.4,10.37,26.2,1806.2
2009-11-22,Nellore,9.3,6.21,25.0,397.1
2009-11-23,Tirupati,3.9,6.2,25.8,476.8
2009-11-24,Vijayawada,8.2,6.51,24.2,497.0
2009-11-24,Visakhapatnam,7.0,6.23,24.3,451.8
2009-11-25,Kadapa,2.5,6.42,24.3,508.3
2009-11-26,Anantapur,2.7,6.08,23.3,424.9
2009-11-26,Guntur,7.0,6.46,24.5,473.4
2009-11-26,Machilipatnam,5.2,6.16,23.3,433.0
2009-11-27,Kakinada,5.0,6.69,24.3,489.1
2009-11-27,Machilipatnam,32.9,7.82,23.5,787.1
2009-11-28,Vijayawada,3.5,5.92,24.3,370.1
2009-11-29,Tirupati,4.8,6.17,24.8,522.1
2009-11-30,Ongole,0.7,6.03,21.5,294.1
2009-12-01,Kakinada,7.2,5.95,22.9,309.7
2009-12-02,Tirupati,4.8,6.43,23.3,482.8
2009-12-02,Tirupati,3.9,6.98,21.7,578.8
2009-12-03,Amalapuram,3.7,5.98,23.7,364.0
2009-12-04,Srikakulam,5.4,7.39,27.2,632.6
2009-12-05,Kakinada,5.6,6.47,22.7,405.4
2009-12-05,Visakhapatnam,142.3,12.36,24.7,2404.2
2009-12-07,Guntur,2.8,5.72,28.3,338.7
2009-12-08,Ongole,6.1,5.52,26.0,267.5
2009-12-08,Tirupati,8.6,6.87,25.1,613.0
2009-12-09,Kadapa,5.9,6.34,25.3,377.1
2009-12-12,Anantapur,3.1,6.37,23.1,374.5
2009-12-12,Nellore,4.4,5.83,22.5,234.0
2009-12-13,Machilipatnam,16.1,6.63,23.3,593.4
2009-12-13,Ongole,1.3,6.3,21.5,482.0
2009-12-14,Machilipatnam,4.4,5.8,24.9,379.4
2009-12-15,Eluru,12.1,6.35,22.8,589.3
2009-12-17,Amalapuram,1.3,6.04,24.1,282.3
2009-12-18,Ongole,6.3,6.58,24.6,559.9
2009-12-19,Anantapur,2.3,5.63,25.4,243.5
2009-12-19,Srikakulam,1.2,5.65,24.7,312.1
2009-12-19,Visakhapatnam,7.4,6.64,22.5,550.2
2009-12-23,Kadapa,6.0,6.36,19.9,348.5
2009-12-25,Guntur,1.2,6.13,26.4,314.0
2009-12-25,Vijayawada,3.4,6.11,25.8,362.3
2009-12-26,Kakinada,6.4,5.85,22.3,469.5
2009-12-28,Kadapa,12.5,6.23,24.3,500.6
2009-12-28,Machilipatnam,2.1,6.03,23.2,356.7
2009-12-28,Visakhapatnam,4.6,6.18,24.7,528.3
2009-12-29,Tirupati,9.3,7.43,23.9,635.4
2009-12-31,Amalapuram,4.6,5.75,24.3,387.0
2009-12-31,Vizianagaram,0.7,5.61,22.5,360.0
2010-01-02,Kakinada,2.8,6.13,22.2,383.2
2010-01-02,Kurnool,7.5,6.7,24.2,545.3
2010-01-03,Kadapa,19.7,7.2,22.5,707.6
2010-01-04,Vizianagaram,2.7,5.52,25.7,300.0
2010-01-05,Kadapa,5.3,5.83,22.1,277.3
2010-01-05,Tirupati,2.5,5.36,24.2,248.2
2010-01-10,Srikakulam,2.8,5.61,23.6,282.6
2010-01-11,Amalapuram,9.1,6.09,23.1,389.1
2010-01-13,Nellore,10.7,5.25,25.6,290.6
2010-01-16,Amalapuram,3.6,5.77,27.5,473.9
2010-01-16,Kadapa,4.7,6.11,25.6,378.4
2010-01-18,Machilipatnam,2.4,5.09,24.1,238.4
2010-01-18,Srikakulam,4.3,6.17,22.7,398.7
2010-01-24,Amalapuram,4.4,5.8,25.3,371.7
2010-01-24,Kurnool,28.8,7.48,25.2,709.2
2010-01-24,Vijayawada,6.3,5.8,24.2,318.5
2010-01-25,Kadapa,3.2,6.52,26.7,371.0
2010-01-26,Kakinada,2.5,6.24,25.1,447.6
2010-01-27,Guntur,5.2,6.7,24.7,450.7
2010-01-27,Srikakulam,7.5,6.22,27.4,439.4
2010-01-30,Vijayawada,1.4,6.52,22.3,403.3
2010-01-31,Rajahmundry,8.2,6.78,23.9,541.8
2010-02-01,Guntur,5.8,5.94,23.1,403.0
2010-02-01,Kurnool,16.6,7.06,21.9,627.6
2010-02-01,Tirupati,3.1,6.2,27.3,338.6
2010-02-02,Rajahmundry,2.0,6.82,25.7,430.1
2010-02-06,Kakinada,2.1,5.41,28.0,272.3
2010-02-07,Kurnool,15.6,6.24,22.7,637.4
2010-02-08,Kadapa,3.9,5.68,25.1,298.7
2010-02-09,Ongole,7.7,6.58,26.7,498.1
2010-02-11,Ongole,7.7,6.3,25.4,372.6
2010-02-12,Amalapuram,3.6,6.54,26.7,461.4
2010-02-12,Srikakulam,4.8,6.67,28.4,500.7
2010-02-12,Vizianagaram,3.6,6.04,24.8,354.2
2010-02-15,Kakinada,2.0,6.23,24.3,355.0
2010-02-15,Vizianagaram,4.6,6.5,24.9,522.8
2010-02-17,Kakinada,2.5,6.35,23.8,386.8
2010-02-17,Kakinada,3.0,6.4,25.8,500.3
2010-02-19,Kakinada,59.9,9.33,24.6,1316.2
2010-02-19,Srikakulam,10.5,6.01,27.1,467.9
2010-02-19,Visakhapatnam,19.7,7.29,24.4,678.5
2010-02-20,Kurnool,33.4,7.82,25.4,871.6
2010-02-20,Machilipatnam,80.7,9.31,25.4,1531.1
2010-02-20,Vizianagaram,2.9,6.72,25.3,437.0
2010-02-21,Anantapur,7.4,6.56,25.9,501.2
2010-02-23,Rajahmundry,7.0,6.66,27.1,557.5
2010-02-26,Amalapuram,9.7,6.84,25.5,541.0
2010-02-28,Amalapuram,6.2,6.14,26.1,380.1
2010-02-28,Ongole,3.9,6.53,26.4,383.3
2010-02-28,Ongole,2.7,6.48,26.0,493.3
2010-03-01,Kurnool,2.3,5.8,27.5,370.9
2010-03-01,Srikakulam,18.0,6.97,25.5,647.7
2010-03-02,Tirupati,2.1,5.9,26.0,425.5
2010-03-03,Tirupati,5.9,6.45,23.8,495.4
2010-03-04,Kurnool,1.9,6.19,27.1,374.8
2010-03-07,Guntur,6.8,6.88,30.3,479.5
2010-03-07,Ongole,1.8,5.63,26.6,225.7
2010-03-08,Machilipatnam,1.5,6.02,27.4,413.1
2010-03-10,Guntur,5.5,5.95,27.6,348.3
2010-03-10,Rajahmundry,7.3,6.21,27.5,442.6
2010-03-13,Kakinada,3.4,5.62,27.5,245.1
2010-03-13,Tirupati,108.0,10.69,25.4,1807.8
2010-03-14,Tirupati,0.9,5.76,27.9,285.7
2010-03-14,Visakhapatnam,2.0,6.08,28.9,410.4
2010-03-17,Tirupati,21.6,6.95,28.8,656.5
2010-03-18,Anantapur,2.4,5.98,26.9,376.8
2010-03-20,Anantapur,8.3,5.94,28.4,464.5
2010-03-24,Vizianagaram,3.4,6.15,29.4,272.3
2010-03-26,Anantapur,12.8,7.12,28.6,619.9
2010-03-27,Anantapur,2.8,6.13,30.0,312.9
2010-03-27,Kakinada,8.1,6.54,28.1,562.6
2010-03-28,Srikakulam,52.9,8.79,29.6,1075.4
2010-03-30,Kurnool,2.6,5.55,28.7,309.7
2010-04-01,Tirupati,11.0,6.55,28.0,438.2
2010-04-02,Guntur,15.7,6.86,26.4,640.0
2010-04-02,Ongole,4.3,6.55,30.2,407.1
2010-04-02,Tirupati,10.2,7.48,28.9,629.0
2010-04-04,Kakinada,14.1,6.3,29.8,535.9
2010-04-05,Kadapa,2.0,6.09,30.8,366.2
2010-04-07,Tirupati,6.6,6.19,27.3,456.5
2010-04-08,Anantapur,4.4,6.42,29.7,503.7
2010-04-08,Kakinada,11.1,6.66,29.0,500.7
2010-04-08,Tirupati,2.1,6.7,31.7,348.7
2010-04-11,Anantapur,5.3,6.52,30.9,409.9
2010-04-11,Kakinada,4.9,5.98,30.3,295.0
2010-04-13,Anantapur,4.3,6.67,29.6,500.7
2010-04-15,Kadapa,12.2,7.35,26.5,676.3
2010-04-15,Machilipatnam,1.1,6.03,28.4,409.1
2010-04-17,Kadapa,1.3,5.34,30.4,241.6
2010-04-17,Nellore,2.3,6.02,25.9,344.2
2010-04-19,Anantapur,7.0,6.27,31.5,539.2
2010-04-19,Ongole,20.7,6.97,29.0,691.7
2010-04-20,Srikakulam,8.4,6.87,31.3,533.6
2010-04-21,Kakinada,6.6,6.06,30.8,428.3
2010-04-22,Eluru,9.3,6.64,31.5,506.8
2010-04-22,Srikakulam,9.6,6.47,27.9,488.4
2010-04-27,Kadapa,4.3,5.83,30.0,282.3
2010-04-29,Guntur,6.2,6.24,30.0,493.7
2010-05-01,Machilipatnam,6.2,7.27,32.7,586.7
2010-05-01,Tirupati,12.5,6.24,30.6,524.3
2010-05-02,Guntur,14.1,7.04,30.8,713.5
2010-05-03,Kakinada,8.1,6.85,31.8,447.1
2010-05-06,Amalapuram,13.2,6.98,32.8,599.8
2010-05-08,Tirupati,11.6,6.63,30.7,573.1
2010-05-09,Eluru,7.1,5.75,30.8,385.5
2010-05-12,Anantapur,8.6,6.15,31.6,539.4
2010-05-12,Srikakulam,17.1,7.11,30.0,634.4
2010-05-13,Amalapuram,7.1,5.58,30.7,402.8
2010-05-13,Kurnool,163.4,12.65,30.3,2621.9
2010-05-16,Srikakulam,3.3,6.15,29.9,471.5
2010-05-16,Visakhapatnam,3.0,6.73,32.2,582.5
2010-05-18,Eluru,6.9,6.3,30.3,436.8
2010-05-18,Tirupati,5.5,6.55,30.4,401.4
2010-05-19,Tirupati,2.5,6.48,30.5,462.3
2010-05-19,Vizianagaram,8.5,6.14,30.1,469.1
2010-05-23,Vizianagaram,4.5,6.43,29.3,428.4
2010-05-24,Eluru,12.7,5.84,30.3,348.0
2010-05-24,Guntur,6.3,5.9,33.3,454.5
2010-05-28,Guntur,9.9,6.61,32.2,513.1
2010-05-28,Rajahmundry,0.5,5.42,32.1,240.7
2010-05-28,Visakhapatnam,5.8,6.65,34.8,455.4
2010-05-30,Vijayawada,2.0,7.05,31.6,548.9
2010-05-31,Eluru,2.7,6.31,30.9,483.7
2010-05-31,Tirupati,0.9,6.18,31.6,362.8
2010-06-01,Kadapa,14.6,6.46,33.2,576.2
2010-06-03,Eluru,14.4,6.86,30.3,668.7
2010-06-03,Eluru,13.9,5.88,31.7,463.8
2010-06-03,Srikakulam,7.6,6.21,32.1,431.8
2010-06-04,Kakinada,3.0,6.52,30.3,499.6
2010-06-05,Guntur,9.6,6.57,31.2,426.8
2010-06-05,Tirupati,12.5,6.83,29.5,632.4
2010-06-07,Vijayawada,2.0,5.8,32.7,369.6
2010-06-08,Visakhapatnam,30.1,7.1,35.0,723.9
2010-06-09,Kakinada,26.9,7.16,32.9,632.5
2010-06-09,Tirupati,17.2,6.87,31.4,742.1
2010-06-10,Amalapuram,11.3,5.71,33.4,437.9
2010-06-11,Guntur,1.2,6.04,31.0,463.1
2010-06-12,Amalapuram,159.4,13.85,31.2,2737.3
2010-06-15,Anantapur,12.5,6.29,33.1,424.3
2010-06-15,Anantapur,6.8,6.52,30.3,459.7
2010-06-15,Ongole,8.9,6.92,30.4,557.8
2010-06-15,Tirupati,0.7,6.65,29.6,437.7
2010-06-16,Tirupati,17.0,6.91,33.5,582.3
2010-06-21,Eluru,3.0,6.68,31.9,415.3
2010-06-21,Machilipatnam,14.4,6.69,31.1,511.9
2010-06-21,Ongole,8.1,6.58,31.5,411.9
2010-06-23,Guntur,20.5,6.11,32.5,492.2
2010-06-24,Machilipatnam,20.7,6.77,30.2,644.3
2010-06-25,Nellore,31.1,7.35,32.6,847.2
2010-06-25,Visakhapatnam,17.9,7.14,32.7,669.2
2010-06-26,Tirupati,41.0,8.42,33.9,994.3
2010-06-26,Vizianagaram,17.3,7.11,32.6,614.6
2010-06-27,Guntur,3.5,6.06,34.0,430.0
2010-06-28,Vizianagaram,18.8,7.47,30.2,847.8
2010-06-29,Ongole,5.0,5.46,33.5,333.3
2010-06-30,Kakinada,29.3,7.37,32.1,765.3
2010-07-01,Kadapa,26.6,6.59,32.0,627.1
2010-07-02,Vijayawada,15.3,6.82,33.0,590.6
2010-07-03,Guntur,12.5,6.67,33.8,570.3
2010-07-03,Machilipatnam,13.9,7.48,31.8,664.1
2010-07-03,Machilipatnam,13.8,6.49,32.3,525.0
2010-07-04,Eluru,54.1,7.82,28.5,965.9
2010-07-05,Ongole,19.3,6.45,32.0,575.8
2010-07-05,Srikakulam,22.9,7.31,32.4,653.2
2010-07-08,Eluru,32.0,7.25,32.5,786.4
2010-07-08,Eluru,27.9,6.97,32.4,637.9
2010-07-08,Vijayawada,9.0,5.82,33.0,389.9
2010-07-09,Amalapuram,30.2,6.76,32.1,720.1
2010-07-10,Anantapur,25.2,7.63,31.4,741.3
2010-07-10,Kakinada,119.9,11.81,33.5,2145.6
2010-07-10,Vijayawada,36.9,7.56,33.0,903.9
2010-07-11,Srikakulam,10.3,6.27,33.1,488.1
2010-07-13,Vijayawada,11.1,6.76,31.1,535.0
2010-07-16,Amalapuram,20.3,6.4,29.8,483.4
2010-07-16,Kadapa,8.8,6.04,32.3,419.7
2010-07-16,Machilipatnam,15.8,8.45,30.3,900.3
2010-07-16,Nellore,15.7,6.16,34.1,442.5
2010-07-17,Amalapuram,2.1,5.89,29.0,180.9
2010-07-19,Vizianagaram,41.0,8.71,31.0,1030.8
2010-07-20,Guntur,46.4,8.53,30.3,1031.4
2010-07-21,Nellore,16.5,6.5,30.2,532.3
2010-07-22,Kurnool,5.9,6.52,30.9,493.6
2010-07-23,Eluru,74.3,9.53,28.2,1521.7
2010-07-25,Srikakulam,1.7,5.77,31.4,351.2
2010-07-26,Guntur,25.1,7.4,30.4,709.8
2010-07-26,Ongole,4.5,5.63,29.9,294.7
2010-07-26,Vijayawada,18.2,7.07,33.4,724.6
2010-07-26,Vizianagaram,12.3,6.58,31.7,589.2
2010-07-27,Eluru,39.7,7.5,31.4,916.1
2010-07-28,Guntur,54.9,8.36,31.0,1131.3
2010-08-03,Eluru,39.7,7.97,28.9,872.9
2010-08-03,Guntur,9.2,6.6,30.8,502.9
2010-08-03,Ongole,9.5,5.74,29.2,333.4
2010-08-04,Srikakulam,10.8,6.41,28.7,425.3
2010-08-05,Kakinada,4.6,7.08,30.3,451.0
2010-08-07,Kakinada,37.0,7.43,29.9,933.7
2010-08-07,Ongole,28.4,7.42,30.1,772.2
2010-08-08,Kurnool,1.7,5.83,32.8,259.6
2010-08-09,Srikakulam,39.0,7.13,29.8,792.0
2010-08-10,Vijayawada,8.8,5.1,29.1,273.7
2010-08-13,Amalapuram,32.8,7.55,29.6,849.4
2010-08-13,Kadapa,2.8,6.28,28.4,374.3
2010-08-13,Rajahmundry,13.7,6.52,30.5,509.3
2010-08-14,Rajahmundry,0.3,6.3,27.8,420.1
2010-08-16,Srikakulam,42.0,7.95,29.2,956.9
2010-08-17,Kadapa,18.0,6.35,32.0,521.3
2010-08-17,Kakinada,2.4,6.65,27.5,461.4
2010-08-17,Tirupati,20.0,7.3,30.1,661.3
2010-08-18,Anantapur,57.6,8.28,29.0,1116.9
2010-08-18,Kurnool,11.5,6.82,29.9,566.8
2010-08-18,Rajahmundry,63.9,8.58,33.5,1196.0
2010-08-19,Nellore,5.6,6.44,30.5,428.3
2010-08-19,Visakhapatnam,6.6,5.92,30.2,391.2
2010-08-21,Rajahmundry,9.3,6.76,28.8,484.2
2010-08-23,Machilipatnam,15.7,6.01,29.0,309.6
2010-08-24,Tirupati,126.2,11.38,27.3,2122.7
2010-08-27,Kakinada,17.5,6.39,27.4,484.7
2010-08-27,Machilipatnam,7.3,6.69,30.0,490.8
2010-08-28,Amalapuram,16.5,7.21,28.9,652.0
2010-08-28,Kurnool,17.0,6.76,27.5,579.4
2010-08-29,Kadapa,26.2,7.09,29.6,589.7
2010-08-29,Ongole,12.7,6.24,31.6,434.2
2010-08-30,Ongole,11.5,6.77,30.1,562.0
2010-08-30,Srikakulam,8.1,6.21,30.4,446.7
2010-08-30,Srikakulam,2.1,5.85,29.9,371.4
2010-08-31,Ongole,14.6,6.35,28.2,602.0
2010-08-31,Tirupati,14.5,5.96,28.2,446.0
2010-09-04,Machilipatnam,7.7,6.26,29.0,415.0
2010-09-09,Anantapur,1.9,6.56,28.3,436.3
2010-09-10,Kakinada,7.3,5.85,27.6,383.3
2010-09-11,Amalapuram,16.9,6.25,29.6,395.8
2010-09-11,Tirupati,3.0,6.59,28.8,569.5
2010-09-12,Kakinada,22.7,7.05,31.2,706.4
2010-09-12,Machilipatnam,14.9,6.93,26.3,568.5
2010-09-14,Nellore,30.1,7.37,26.3,818.8
2010-09-16,Kurnool,36.0,7.83,26.0,860.0
2010-09-16,Visakhapatnam,32.5,6.88,26.2,780.4
2010-09-17,Machilipatnam,20.2,6.26,27.7,513.0
2010-09-19,Ongole,2.0,6.36,29.6,488.7
2010-09-19,Tirupati,35.5,8.44,27.4,1000.1
2010-09-22,Kurnool,11.7,7.0,28.8,601.0
2010-09-22,Machilipatnam,135.1,11.87,28.5,2199.4
2010-09-24,Anantapur,18.3,6.38,26.8,454.0
2010-09-24,Kurnool,2.0,6.7,27.8,481.0
2010-09-25,Amalapuram,1.2,5.83,26.9,399.1
2010-09-28,Eluru,9.1,6.69,28.3,523.6
2010-09-28,Rajahmundry,11.2,6.92,27.4,631.0
2010-09-28,Tirupati,27.3,7.47,29.4,872.4
2010-10-01,Tirupati,6.8,6.64,25.9,425.4
2010-10-02,Amalapuram,1.0,5.86,26.2,294.5
2010-10-03,Anantapur,1.8,5.59,28.3,233.3
2010-10-03,Machilipatnam,4.0,6.2,26.0,413.6
2010-10-03,Vijayawada,6.8,6.69,27.4,473.0
2010-10-05,Kadapa,0.9,5.94,25.5,362.0
2010-10-05,Vijayawada,10.8,5.86,24.2,431.1
2010-10-06,Guntur,56.2,8.08,26.9,969.2
2010-10-07,Machilipatnam,1.0,5.74,26.2,217.9
2010-10-07,Vizianagaram,5.9,6.53,25.1,453.6
2010-10-08,Srikakulam,0.2,5.68,28.0,302.1
2010-10-09,Amalapuram,6.0,5.53,26.8,326.1
2010-10-09,Kurnool,0.2,5.73,27.1,245.4
2010-10-09,Vijayawada,10.0,6.7,25.3,509.5
2010-10-10,Vizianagaram,16.1,7.34,27.2,692.4
2010-10-10,Vizianagaram,2.0,6.0,26.0,419.2
2010-10-11,Guntur,3.8,6.06,27.7,476.2
2010-10-12,Guntur,3.0,6.12,26.0,385.6
2010-10-12,Rajahmundry,7.5,5.96,25.0,401.2
2010-10-13,Anantapur,1.3,6.25,24.9,401.0
2010-10-14,Srikakulam,2.8,6.28,26.3,366.9
2010-10-14,Vizianagaram,11.8,6.85,27.6,602.8
2010-10-16,Rajahmundry,0.5,6.26,23.6,343.4
2010-10-17,Amalapuram,2.2,5.93,27.5,388.0
2010-10-17,Vizianagaram,0.8,5.8,26.3,298.5
2010-10-20,Visakhapatnam,5.9,6.91,24.8,559.5
2010-10-21,Kadapa,8.4,6.71,24.3,524.1
2010-10-21,Kurnool,4.6,6.51,27.2,413.1
2010-10-22,Anantapur,1.4,5.48,27.7,399.8
2010-10-22,Rajahmundry,9.6,6.55,25.2,529.8
2010-10-22,Visakhapatnam,10.1,5.73,25.1,315.7
2010-10-23,Ongole,2.2,7.0,26.4,547.2
2010-10-24,Ongole,19.6,7.57,26.9,718.2
2010-10-27,Vizianagaram,0.6,5.95,28.5,309.8
2010-10-28,Visakhapatnam,2.2,4.78,27.0,123.1
2010-10-29,Ongole,3.0,5.76,26.7,317.1
2010-10-30,Kakinada,3.6,5.94,23.8,462.9
2010-11-02,Visakhapatnam,1.7,6.5,23.7,492.6
2010-11-07,Kurnool,0.6,7.04,27.1,564.1
2010-11-07,Vijayawada,4.7,6.42,25.8,382.8
2010-11-09,Kakinada,8.4,6.57,26.9,455.0
2010-11-11,Rajahmundry,2.6,6.18,24.7,280.5
2010-11-13,Guntur,1.5,5.86,24.4,328.6
2010-11-14,Kadapa,0.6,5.84,27.2,379.2
2010-11-15,Amalapuram,8.0,6.29,23.0,301.1
2010-11-16,Ongole,6.6,6.28,23.4,351.9
2010-11-17,Eluru,12.3,6.4,25.1,508.0
2010-11-18,Tirupati,7.4,6.27,26.0,503.7
2010-11-21,Kadapa,1.7,5.65,24.9,312.4
2010-11-22,Srikakulam,4.0,6.07,26.9,311.8
2010-11-23,Rajahmundry,1.9,6.65,22.7,461.8
2010-11-23,Vijayawada,5.2,6.27,25.4,418.9
2010-11-25,Vijayawada,2.7,6.03,23.1,361.4
2010-11-25,Vijayawada,5.0,5.96,25.8,369.8
2010-11-26,Ongole,9.0,6.16,21.9,348.1
2010-11-28,Amalapuram,3.4,6.07,23.7,427.7
2010-11-28,Srikakulam,4.8,6.04,24.2,339.5
2010-11-28,Vizianagaram,4.5,5.92,25.4,361.2
2010-11-30,Kadapa,13.7,7.91,22.7,754.7
2010-12-02,Rajahmundry,2.1,6.17,22.6,453.7
2010-12-02,Visakhapatnam,4.7,6.13,25.4,466.4
2010-12-04,Eluru,6.7,6.53,25.3,476.1
2010-12-04,Guntur,5.7,6.2,20.9,393.7
2010-12-04,Kadapa,5.8,6.27,23.2,447.5
2010-12-05,Anantapur,2.0,6.71,26.2,619.1
2010-12-05,Kadapa,0.7,6.6,23.6,365.8
2010-12-06,Rajahmundry,3.2,6.24,22.9,370.5
2010-12-07,Eluru,2.6,5.65,23.6,404.6
2010-12-09,Visakhapatnam,5.7,6.2,25.3,490.4
2010-12-10,Anantapur,11.7,6.43,24.4,579.7
2010-12-10,Eluru,8.5,7.27,22.3,633.6
2010-12-10,Ongole,2.7,6.47,22.3,457.9
2010-12-12,Anantapur,1.9,6.01,23.3,311.3
2010-12-12,Vizianagaram,11.4,6.22,21.6,377.8
2010-12-14,Kakinada,4.3,5.45,22.1,258.2
2010-12-14,Vijayawada,0.5,6.21,22.3,395.2
2010-12-15,Amalapuram,3.3,6.04,24.7,424.0
2010-12-17,Machilipatnam,11.0,6.93,26.0,496.3
2010-12-17,Vijayawada,4.4,5.73,25.0,446.1
2010-12-18,Guntur,4.3,6.05,23.6,338.7
2010-12-19,Kurnool,2.2,6.66,26.6,494.9
2010-12-19,Srikakulam,14.9,6.59,24.4,520.0
2010-12-19,Vizianagaram,6.4,5.88,26.0,390.6
2010-12-20,Anantapur,6.7,6.56,22.6,541.4
2010-12-20,Vizianagaram,1.9,6.01,24.0,385.6
2010-12-21,Vijayawada,5.5,6.05,25.0,338.8
2010-12-22,Anantapur,22.1,7.41,24.4,746.0
2010-12-23,Ongole,148.3,12.5,26.1,2398.0
2010-12-23,Vijayawada,3.2,6.3,28.0,384.5
2010-12-25,Kadapa,7.3,6.51,23.5,479.4
2010-12-25,Vizianagaram,1.9,5.55,26.1,194.3
2010-12-26,Tirupati,31.8,7.37,23.3,736.2
2010-12-27,Vijayawada,2.7,5.58,22.2,287.1
2010-12-30,Rajahmundry,1.3,6.36,24.5,441.8
2010-12-31,Guntur,4.0,6.2,25.9,401.8
2011-01-03,Amalapuram,3.6,6.25,23.2,391.2
2011-01-03,Kakinada,2.3,4.96,27.0,206.2
2011-01-03,Kakinada,2.1,6.52,23.3,523.3
2011-01-04,Ongole,2.5,5.38,24.0,214.6
2011-01-04,Srikakulam,4.6,5.96,24.7,368.8
2011-01-05,Anantapur,20.5,6.31,24.3,549.5
2011-01-05,Kadapa,2.0,6.07,24.0,371.2
2011-01-05,Nellore,6.3,6.24,23.5,360.4
2011-01-07,Rajahmundry,18.7,6.91,22.5,623.1
2011-01-07,Rajahmundry,2.9,5.89,21.2,354.6
2011-01-09,Guntur,0.0,6.16,21.2,444.4
2011-01-10,Machilipatnam,6.7,6.29,25.3,502.1
2011-01-10,Machilipatnam,2.2,5.92,23.1,305.9
2011-01-11,Ongole,7.0,6.64,26.6,594.4
2011-01-12,Guntur,2.4,5.98,25.1,375.4
2011-01-12,Tirupati,0.5,5.43,24.4,192.5
2011-01-13,Eluru,12.4,6.48,20.5,576.2
2011-01-17,Machilipatnam,154.6,13.3,22.6,2572.2
2011-01-17,Nellore,3.3,6.46,23.6,416.3
2011-01-20,Kakinada,3.9,5.43,25.9,101.4
2011-01-21,Srikakulam,6.8,6.27,24.0,348.4
2011-01-22,Srikakulam,13.3,5.93,23.0,415.1
2011-01-22,Tirupati,4.9,6.19,26.4,368.7
2011-01-23,Anantapur,0.2,6.31,23.6,389.3
2011-01-23,Machilipatnam,5.2,6.03,24.3,370.1
2011-01-24,Kurnool,0.9,5.93,27.1,423.2
2011-01-24,Rajahmundry,17.5,7.07,25.0,626.5
2011-01-26,Anantapur,5.2,6.57,22.2,515.0
2011-01-26,Machilipatnam,5.3,5.96,24.1,440.1
2011-01-26,Nellore,10.9,5.57,26.6,360.2
2011-01-27,Eluru,4.8,6.48,28.1,481.2
2011-01-27,Kakinada,5.1,5.67,26.1,388.7
2011-01-27,Vijayawada,8.1,6.66,23.9,529.0
2011-01-28,Amalapuram,0.7,6.49,24.3,464.8
2011-01-30,Visakhapatnam,12.6,6.61,24.5,509.3
2011-01-31,Ongole,2.1,5.98,24.7,227.3
2011-02-01,Tirupati,6.8,5.57,24.9,259.3
2011-02-03,Anantapur,0.5,6.06,24.1,356.3
2011-02-03,Guntur,16.8,5.97,24.9,601.6
2011-02-03,Vijayawada,17.0,6.89,23.0,670.0
2011-02-04,Anantapur,4.1,6.25,27.6,522.0
2011-02-04,Kadapa,5.2,5.97,24.0,358.2
2011-02-04,Machilipatnam,10.6,6.43,26.2,490.0
2011-02-04,Rajahmundry,1.0,6.45,26.4,370.2
2011-02-05,Machilipatnam,3.9,6.12,22.9,348.1
2011-02-06,Eluru,6.2,7.05,22.9,482.4
2011-02-06,Kadapa,6.7,6.43,22.4,514.3
2011-02-07,Anantapur,1.1,5.58,27.9,355.0
2011-02-07,Eluru,3.4,6.6,26.8,377.3
2011-02-08,Amalapuram,1.3,6.42,26.3,318.6
2011-02-10,Kurnool,1.0,6.61,25.3,449.4
2011-02-12,Kurnool,3.2,6.42,26.3,463.1
2011-02-12,Rajahmundry,67.9,9.2,23.6,1237.4
2011-02-13,Anantapur,150.7,12.26,24.7,2475.4
2011-02-14,Kurnool,1.6,5.88,27.9,392.5
2011-02-16,Ongole,1.7,5.84,25.3,417.8
2011-02-17,Anantapur,2.6,6.76,27.8,455.8
2011-02-17,Kakinada,7.6,6.86,24.9,552.8
2011-02-18,Amalapuram,21.4,6.97,24.7,581.0
2011-02-19,Anantapur,3.9,6.72,28.3,498.6
2011-02-19,Visakhapatnam,6.8,5.9,27.3,280.0
2011-02-21,Eluru,12.6,7.28,25.3,578.3
2011-02-21,Kadapa,0.1,6.29,27.0,390.0
2011-02-22,Kakinada,1.4,6.94,27.3,541.1
2011-02-22,Visakhapatnam,1.3,5.74,25.1,402.6
2011-02-23,Machilipatnam,6.7,5.89,26.5,394.1
2011-02-24,Amalapuram,0.4,6.16,25.5,377.8
2011-02-24,Vizianagaram,4.2,6.8,27.9,466.6
2011-02-25,Nellore,2.3,5.13,27.8,315.2
2011-02-25,Vizianagaram,1.5,5.96,26.6,381.9
2011-02-27,Anantapur,7.8,6.92,28.3,605.8
2011-02-28,Rajahmundry,19.3,6.98,26.2,671.1
2011-03-03,Kadapa,106.6,10.2,26.8,1673.9
2011-03-04,Machilipatnam,12.6,6.79,27.2,466.8
2011-03-04,Vijayawada,13.9,6.72,26.2,530.6
2011-03-06,Guntur,0.4,6.31,27.1,388.7
2011-03-08,Vijayawada,11.9,6.69,25.4,560.3
2011-03-09,Machilipatnam,2.7,6.23,27.7,474.1
2011-03-09,Vizianagaram,10.4,6.26,27.5,398.4
2011-03-10,Amalapuram,3.0,6.76,27.0,446.9
2011-03-10,Anantapur,6.4,6.19,26.9,448.8
2011-03-10,Vijayawada,5.9,6.24,30.1,453.0
2011-03-10,Vijayawada,5.4,6.61,27.2,539.1
2011-03-11,Ongole,4.7,5.78,28.7,391.0
2011-03-12,Eluru,12.6,6.05,27.3,397.2
2011-03-12,Nellore,10.8,6.77,27.3,573.3
2011-03-12,Nellore,11.7,6.75,29.7,553.8
2011-03-13,Tirupati,7.5,6.11,30.9,470.2
2011-03-13,Vizianagaram,1.2,6.86,29.5,527.0
2011-03-15,Machilipatnam,8.5,6.13,25.8,474.6
2011-03-17,Eluru,7.8,6.9,28.3,514.3
2011-03-19,Kakinada,2.6,6.44,26.7,433.6
2011-03-19,Rajahmundry,4.4,6.61,29.0,496.9
2011-03-22,Visakhapatnam,5.9,6.53,29.0,495.8
2011-03-23,Kurnool,8.4,5.81,28.6,359.8
2011-03-24,Kurnool,5.5,5.43,28.1,280.0
2011-03-24,Machilipatnam,1.9,5.97,29.5,292.7
2011-03-27,Machilipatnam,10.7,6.03,30.1,462.5
2011-03-28,Guntur,2.3,6.18,28.2,393.8
2011-03-28,Vijayawada,5.9,6.96,28.5,510.4
2011-03-29,Kadapa,3.2,5.97,30.3,428.1
2011-03-29,Ongole,45.2,7.57,27.9,898.2
2011-03-30,Kurnool,102.8,9.96,26.6,1818.1
2011-03-31,Guntur,0.3,6.04,27.9,357.7
2011-04-02,Guntur,2.1,6.11,26.4,346.0
2011-04-04,Srikakulam,20.3,6.87,27.2,553.3
2011-04-05,Eluru,0.0,6.72,27.9,451.0
2011-04-05,Kurnool,0.9,6.2,27.9,404.7
2011-04-05,Srikakulam,26.7,7.16,27.6,640.9
2011-04-07,Nellore,7.1,6.29,30.4,439.7
2011-04-08,Tirupati,7.7,6.07,29.3,461.2
2011-04-10,Tirupati,2.1,5.77,28.5,381.0
2011-04-11,Nellore,15.3,7.43,27.9,602.0
2011-04-12,Rajahmundry,11.2,6.22,30.2,482.4
2011-04-12,Visakhapatnam,2.5,6.19,29.7,388.6
2011-04-14,Vijayawada,1.9,6.21,29.6,363.7
2011-04-17,Kurnool,100.6,10.88,33.0,1889.1
2011-04-19,Amalapuram,3.4,5.94,29.5,327.1
2011-04-19,Amalapuram,7.7,6.7,30.2,458.5
2011-04-22,Amalapuram,7.0,6.53,32.2,478.4
2011-04-22,Nellore,3.5,6.39,27.6,490.5
2011-04-22,Nellore,3.9,5.76,30.4,336.3
2011-04-22,Rajahmundry,2.5,6.65,31.6,540.4
2011-04-24,Nellore,3.1,6.26,29.0,434.0
2011-04-25,Amalapuram,6.1,5.96,34.0,394.9
2011-04-25,Kadapa,2.3,5.88,30.8,352.9
2011-04-25,Kurnool,110.2,10.56,33.8,1850.3
2011-04-28,Vizianagaram,8.2,6.07,31.7,425.7
2011-04-28,Vizianagaram,26.4,7.35,29.1,846.5
2011-04-29,Eluru,15.4,6.63,29.0,547.1
2011-04-30,Eluru,4.7,6.16,31.3,371.7
2011-04-30,Nellore,8.0,6.25,33.2,376.3
2011-05-01,Amalapuram,8.7,6.47,30.6,522.6
2011-05-02,Nellore,11.9,7.58,32.0,678.5
2011-05-02,Vizianagaram,1.3,5.89,32.3,383.9
2011-05-04,Guntur,0.9,5.87,31.0,337.2
2011-05-05,Vizianagaram,1.3,6.14,31.1,406.5
2011-05-07,Guntur,7.0,6.39,30.0,519.6
2011-05-07,Ongole,1.4,5.68,30.7,341.8
2011-05-08,Nellore,12.2,6.42,32.5,449.6
2011-05-09,Anantapur,6.2,5.73,33.8,284.0
2011-05-12,Guntur,5.7,6.42,32.9,346.4
2011-05-12,Visakhapatnam,5.5,6.63,32.5,489.9
2011-05-13,Eluru,4.8,5.99,29.7,410.9
2011-05-13,Machilipatnam,4.1,5.39,33.1,228.0
2011-05-14,Eluru,6.4,6.07,31.5,402.5
2011-05-14,Guntur,13.5,6.17,29.9,454.0
2011-05-15,Nellore,5.9,5.65,30.4,305.3
2011-05-15,Srikakulam,33.5,7.9,32.9,789.2
2011-05-15,Vijayawada,6.1,6.59,32.2,523.2
2011-05-17,Eluru,0.9,6.03,27.5,402.3
2011-05-18,Kadapa,3.8,6.83,33.5,455.3
2011-05-18,Machilipatnam,6.4,6.39,33.2,490.9
2011-05-21,Anantapur,9.4,6.58,31.9,502.4
2011-05-21,Tirupati,1.8,6.03,30.6,357.1
2011-05-21,Vijayawada,2.7,6.53,34.1,525.4
2011-05-23,Guntur,0.8,6.03,31.1,316.7
2011-05-23,Nellore,4.1,6.23,32.1,415.6
2011-05-23,Rajahmundry,0.4,6.65,31.1,417.8
2011-05-26,Srikakulam,5.3,6.16,30.2,461.4
2011-05-26,Vizianagaram,3.7,5.14,33.8,115.0
2011-05-31,Kurnool,8.5,6.43,29.0,600.4
2011-06-04,Rajahmundry,19.6,7.18,30.0,742.5
2011-06-07,Guntur,58.6,8.57,28.6,1117.6
2011-06-08,Guntur,4.1,6.12,33.3,382.8
2011-06-10,Visakhapatnam,6.1,5.96,30.6,386.5
2011-06-11,Rajahmundry,1.6,6.03,28.7,391.0
2011-06-11,Srikakulam,6.2,6.23,33.0,389.6
2011-06-12,Ongole,14.9,7.22,31.0,605.2
2011-06-12,Ongole,76.6,9.12,35.0,1382.0
2011-06-12,Visakhapatnam,23.7,6.34,31.7,591.3
2011-06-12,Vizianagaram,26.2,6.96,33.3,581.2
2011-06-13,Srikakulam,7.6,6.23,31.1,408.7
2011-06-14,Guntur,18.5,6.17,31.5,480.2
2011-06-14,Rajahmundry,26.2,7.74,31.0,774.0
2011-06-16,Srikakulam,10.4,6.13,34.4,482.2
2011-06-16,Visakhapatnam,21.0,6.78,31.2,521.5
2011-06-18,Kadapa,6.4,6.32,33.2,348.4
2011-06-22,Tirupati,15.0,7.43,31.3,632.9
2011-06-23,Anantapur,9.6,6.49,31.3,442.7
2011-06-23,Kurnool,20.4,6.42,30.6,480.5
2011-06-23,Nellore,5.9,5.83,32.1,327.1
2011-06-24,Machilipatnam,9.6,6.61,33.4,504.0
2011-06-25,Ongole,20.4,7.84,34.3,820.6
2011-06-25,Rajahmundry,56.6,7.17,33.2,903.3
2011-06-25,Visakhapatnam,1.2,5.93,33.1,275.1
2011-06-30,Srikakulam,13.7,5.3,31.7,264.7
2011-07-01,Machilipatnam,9.1,6.23,33.7,434.3
2011-07-02,Rajahmundry,77.0,10.06,31.6,1453.7
2011-07-03,Machilipatnam,4.7,5.98,29.6,364.4
2011-07-04,Vijayawada,7.1,6.09,32.6,433.4
2011-07-07,Kadapa,12.7,6.05,29.2,385.7
2011-07-08,Rajahmundry,21.3,7.43,32.0,713.6
2011-07-10,Eluru,1.3,6.21,32.3,397.1
2011-07-10,Vizianagaram,8.1,5.67,30.5,450.8
2011-07-10,Vizianagaram,15.7,6.61,30.5,534.2
2011-07-12,Amalapuram,37.4,6.99,31.7,808.8
2011-07-12,Kurnool,6.9,7.12,32.3,657.6
2011-07-13,Anantapur,28.1,7.04,33.6,678.5
2011-07-14,Kakinada,8.6,6.31,31.9,448.6
2011-07-14,Srikakulam,14.9,6.22,31.5,453.5
2011-07-15,Anantapur,25.6,7.19,29.4,709.9
2011-07-15,Guntur,7.1,6.78,32.5,447.3
2011-07-15,Visakhapatnam,12.1,6.57,29.3,610.8
2011-07-16,Machilipatnam,5.0,6.53,32.0,449.0
2011-07-17,Nellore,18.8,6.87,30.9,614.9
2011-07-18,Eluru,16.0,7.38,32.2,710.9
2011-07-20,Vijayawada,7.6,5.99,32.2,356.2
2011-07-21,Anantapur,29.5,7.17,30.0,772.5
2011-07-21,Kakinada,11.1,6.68,29.0,504.4
2011-07-22,Amalapuram,4.3,6.28,31.3,402.4
2011-07-22,Guntur,9.3,5.97,31.4,487.1
2011-07-22,Srikakulam,13.9,7.22,31.2,566.4
2011-07-24,Visakhapatnam,17.0,6.85,31.3,504.4
2011-07-25,Amalapuram,129.2,11.54,28.2,2009.5
2011-07-25,Eluru,28.6,7.33,31.2,734.9
2011-07-26,Eluru,25.3,7.51,30.5,812.3
2011-07-26,Nellore,36.7,7.97,32.8,922.7
2011-07-31,Anantapur,1.4,5.71,28.6,328.9
2011-07-31,Machilipatnam,5.8,6.01,31.0,377.5
2011-07-31,Machilipatnam,150.3,12.45,32.2,2445.7
2011-08-03,Visakhapatnam,4.2,6.52,30.6,509.6
2011-08-04,Eluru,17.7,6.52,30.6,482.7
2011-08-04,Vijayawada,3.9,7.19,31.9,580.9
2011-08-05,Amalapuram,22.7,6.94,30.0,677.0
2011-08-06,Guntur,13.5,7.54,30.6,728.6
2011-08-06,Tirupati,35.7,6.83,30.1,722.6
2011-08-07,Nellore,33.2,7.9,32.0,959.8
2011-08-08,Srikakulam,16.0,6.58,29.7,570.4
2011-08-08,Vijayawada,21.7,6.99,31.1,649.2
2011-08-09,Vijayawada,17.8,6.57,30.4,597.7
2011-08-10,Amalapuram,4.1,6.46,28.6,419.1
2011-08-10,Tirupati,22.8,6.2,32.4,565.6
2011-08-10,Vizianagaram,4.8,7.06,27.9,481.9
2011-08-12,Eluru,41.0,7.82,32.7,925.1
2011-08-13,Amalapuram,15.2,6.44,31.2,588.6
2011-08-13,Eluru,23.8,7.16,30.0,647.8
2011-08-13,Tirupati,15.4,6.44,29.1,496.1
2011-08-14,Kakinada,34.6,7.38,31.8,672.0
2011-08-15,Vizianagaram,4.3,5.82,31.6,342.9
2011-08-16,Amalapuram,27.1,6.9,32.2,669.7
2011-08-16,Vizianagaram,2.7,5.36,30.1,210.4
2011-08-17,Guntur,25.8,7.09,29.0,702.8
2011-08-17,Visakhapatnam,22.0,6.51,33.0,670.2
2011-08-18,Kadapa,2.3,5.91,28.4,434.4
2011-08-19,Ongole,3.2,5.98,30.9,369.3
2011-08-20,Kakinada,26.2,5.9,30.4,517.6
2011-08-20,Kurnool,31.8,7.02,30.5,804.2
2011-08-21,Anantapur,33.0,7.38,30.0,810.9
2011-08-21,Ongole,9.6,6.39,29.4,512.5
2011-08-22,Kurnool,49.8,8.72,30.4,1107.0
2011-08-22,Vizianagaram,23.5,6.5,27.9,660.3
2011-08-23,Guntur,5.0,5.91,28.3,453.5
2011-08-25,Eluru,25.1,7.77,29.8,724.1
2011-08-26,Guntur,6.2,6.22,30.2,429.9
2011-08-27,Ongole,10.8,5.78,29.2,385.6
2011-08-29,Kadapa,150.7,12.51,26.3,2433.5
2011-08-31,Anantapur,15.3,6.18,29.9,472.9
2011-09-01,Machilipatnam,7.1,5.7,27.5,359.5
2011-09-01,Nellore,15.4,6.54,30.4,524.4
2011-09-01,Vizianagaram,11.2,6.78,29.5,532.0
2011-09-03,Ongole,10.1,6.43,31.4,490.3
2011-09-03,Vizianagaram,29.9,7.04,30.2,712.9
2011-09-05,Guntur,3.2,6.5,26.4,470.2
2011-09-05,Machilipatnam,2.3,6.38,28.4,377.5
2011-09-05,Ongole,11.0,6.47,30.7,500.4
2011-09-05,Vizianagaram,5.2,5.98,28.2,454.2
2011-09-06,Visakhapatnam,1.5,6.36,29.6,457.8
2011-09-06,Vizianagaram,17.6,6.88,27.7,606.5
2011-09-07,Vijayawada,14.9,6.54,26.1,478.8
2011-09-08,Eluru,16.6,6.13,27.5,536.0
2011-09-08,Kadapa,18.9,7.4,26.9,769.5
2011-09-09,Guntur,11.0,6.49,28.4,516.5
2011-09-10,Eluru,12.9,6.93,28.6,625.3
2011-09-11,Kakinada,18.0,6.64,29.2,582.3
2011-09-13,Kadapa,22.0,6.67,27.3,662.4
2011-09-13,Vizianagaram,8.5,5.99,28.3,509.7
2011-09-16,Anantapur,6.4,5.64,29.2,332.5
2011-09-16,Tirupati,37.2,8.65,26.0,938.6
2011-09-17,Amalapuram,21.1,7.32,27.1,729.7
2011-09-17,Kakinada,20.3,6.62,28.9,597.7
2011-09-18,Anantapur,8.0,6.08,26.0,356.8
2011-09-18,Tirupati,40.6,8.87,26.9,1124.8
2011-09-20,Rajahmundry,32.7,7.03,26.8,719.4
2011-09-21,Guntur,60.7,8.69,27.5,1276.1
2011-09-22,Nellore,74.0,8.98,25.5,1359.6
2011-09-22,Ongole,14.4,6.47,26.9,508.1
2011-09-25,Eluru,16.8,6.04,27.9,464.5
2011-09-26,Anantapur,22.5,6.99,26.0,649.4
2011-09-26,Kadapa,14.1,6.17,27.9,472.6
2011-09-26,Machilipatnam,3.4,5.9,26.5,376.8
2011-09-26,Rajahmundry,41.5,7.2,25.3,825.3
2011-09-27,Anantapur,17.3,7.21,26.4,670.8
2011-09-28,Eluru,16.1,7.12,26.5,647.2
2011-09-28,Vijayawada,37.4,7.83,31.2,817.6
2011-09-29,Kadapa,19.5,6.77,27.5,651.9
2011-09-29,Kurnool,13.3,6.98,29.9,607.6
2011-09-29,Srikakulam,17.4,6.98,27.7,609.4
2011-09-30,Amalapuram,22.9,7.24,26.5,583.5
2011-09-30,Guntur,13.5,6.53,24.9,457.3
2011-09-30,Nellore,7.1,5.93,27.1,403.5
2011-10-01,Eluru,0.6,5.9,25.7,363.7
2011-10-01,Srikakulam,21.9,6.87,26.8,677.1
2011-10-04,Amalapuram,1.9,5.96,28.2,322.6
2011-10-04,Guntur,0.6,6.08,26.2,349.8
2011-10-05,Kurnool,6.5,7.05,27.9,584.3
2011-10-06,Guntur,1.6,5.48,27.7,251.5
2011-10-06,Kakinada,2.9,5.97,28.9,298.4
2011-10-06,Rajahmundry,0.3,5.9,26.1,242.5
2011-10-07,Guntur,5.4,7.64,24.8,691.6
2011-10-08,Ongole,10.8,6.77,26.6,555.2
2011-10-08,Visakhapatnam,1.0,5.6,25.4,271.0
2011-10-09,Nellore,1.9,6.59,26.1,484.8
2011-10-10,Kurnool,5.6,7.01,25.4,569.1
2011-10-11,Eluru,6.9,6.33,27.4,535.2
2011-10-12,Guntur,6.7,5.5,25.0,375.4
2011-10-16,Anantapur,6.2,6.03,25.9,446.2
2011-10-17,Nellore,5.0,6.07,22.9,408.1
2011-10-17,Ongole,2.1,6.04,26.1,476.2
2011-10-17,Rajahmundry,12.6,7.44,27.4,736.2
2011-10-18,Kadapa,4.2,6.6,27.2,481.5
2011-10-18,Rajahmundry,13.4,5.86,24.7,389.8
2011-10-18,Rajahmundry,4.1,6.04,26.7,419.2
2011-10-19,Kakinada,1.6,6.13,24.3,353.7
2011-10-19,Kurnool,1.6,6.18,27.4,451.1
2011-10-19,Kurnool,4.0,6.17,27.8,500.7
2011-10-25,Visakhapatnam,10.6,6.95,25.6,693.8
2011-10-26,Eluru,0.3,6.04,26.7,360.8
2011-10-28,Vijayawada,11.3,6.45,25.3,579.5
2011-10-28,Vijayawada,12.6,6.33,25.1,461.3
2011-10-30,Tirupati,5.8,5.57,26.0,336.2
2011-10-31,Rajahmundry,2.2,6.65,22.4,506.0
2011-11-01,Amalapuram,5.2,6.66,25.8,411.5
2011-11-01,Rajahmundry,6.9,6.28,24.5,370.7
2011-11-02,Srikakulam,1.6,6.51,24.9,432.5
2011-11-02,Srikakulam,0.7,5.85,25.1,341.6
2011-11-03,Amalapuram,3.6,5.55,26.1,326.3
2011-11-03,Rajahmundry,3.4,7.03,23.7,634.5
2011-11-04,Visakhapatnam,6.1,6.32,23.6,411.3
2011-11-07,Kurnool,0.9,5.85,24.2,295.8
2011-11-09,Guntur,6.2,6.26,20.7,369.4
2011-11-10,Rajahmundry,3.2,5.69,26.2,370.8
2011-11-11,Guntur,2.0,5.66,22.4,308.8
2011-11-13,Guntur,2.9,6.9,23.7,574.5
2011-11-13,Kadapa,30.3,8.05,25.3,840.9
2011-11-13,Ongole,3.1,5.95,25.8,337.6
2011-11-13,Tirupati,2.6,6.4,25.1,454.5
2011-11-15,Vijayawada,4.0,5.44,24.1,326.1
2011-11-17,Anantapur,4.6,6.52,23.8,424.8
2011-11-18,Vijayawada,60.1,8.6,25.0,1212.1
2011-11-19,Kurnool,5.8,6.31,24.1,517.2
2011-11-19,Rajahmundry,5.7,6.45,24.4,504.4
2011-11-20,Amalapuram,0.9,6.02,23.0,224.4
2011-11-20,Eluru,7.6,6.13,26.1,500.2
2011-11-22,Machilipatnam,1.7,5.72,23.6,228.1
2011-11-24,Rajahmundry,159.9,13.18,24.3,2607.6
2011-11-25,Kakinada,1.1,6.44,22.3,409.5
2011-11-25,Kakinada,4.7,6.21,25.6,398.6
2011-11-25,Srikakulam,22.6,7.82,26.2,832.7
2011-11-27,Machilipatnam,5.1,6.52,25.6,489.4
2011-11-28,Guntur,11.3,6.01,23.1,389.0
2011-11-28,Kadapa,4.8,6.02,23.0,423.8
2011-11-28,Vijayawada,2.3,6.41,25.5,479.8
2011-11-30,Kadapa,3.3,6.44,25.1,401.6
2011-11-30,Vijayawada,4.4,6.91,26.2,535.4
2011-12-02,Eluru,16.8,6.72,21.5,706.3
2011-12-02,Guntur,7.6,5.58,23.4,342.0
2011-12-02,Kurnool,7.7,5.41,23.5,327.3
2011-12-03,Ongole,10.8,6.21,25.7,449.8
2011-12-05,Amalapuram,16.5,6.78,23.5,596.3
2011-12-05,Nellore,1.2,5.9,23.6,289.9
2011-12-06,Srikakulam,15.1,6.17,22.3,534.0
2011-12-06,Vizianagaram,3.4,5.8,26.8,391.1
2011-12-07,Nellore,2.6,6.16,25.3,417.4
2011-12-07,Vizianagaram,5.1,6.11,23.9,464.8
2011-12-08,Machilipatnam,4.5,6.71,23.6,520.8
2011-12-08,Vijayawada,59.3,9.45,24.0,1328.1
2011-12-09,Tirupati,11.8,6.54,25.4,483.3
2011-12-10,Kadapa,1.8,6.25,25.4,368.5
2011-12-10,Rajahmundry,7.5,5.87,22.8,438.5
2011-12-11,Amalapuram,6.4,6.48,25.3,478.3
2011-12-11,Ongole,1.4,6.26,24.0,366.9
2011-12-11,Tirupati,0.0,5.52,24.0,257.4
2011-12-13,Kadapa,5.7,5.84,23.1,345.4
2011-12-13,Kurnool,4.9,7.14,24.3,597.4
2011-12-13,Vizianagaram,1.4,5.86,21.7,372.8
2011-12-15,Nellore,42.5,7.0,26.9,865.9
2011-12-15,Visakhapatnam,0.5,6.61,24.0,402.6
2011-12-16,Anantapur,2.6,6.31,23.1,535.8
2011-12-17,Anantapur,3.2,5.55,27.7,255.1
2011-12-17,Visakhapatnam,3.0,6.4,22.5,516.9
2011-12-17,Vizianagaram,9.3,5.86,21.4,369.5
2011-12-18,Eluru,4.6,6.47,24.5,498.2
2011-12-19,Eluru,7.8,6.51,24.5,476.4
2011-12-19,Nellore,16.2,7.08,26.3,730.7
2011-12-25,Nellore,14.2,6.05,25.3,477.0
2011-12-25,Ongole,2.7,5.66,23.4,280.3
2011-12-27,Kakinada,4.3,6.39,25.3,484.0
2011-12-27,Machilipatnam,6.2,6.13,25.7,558.1
2011-12-27,Machilipatnam,5.0,6.58,21.1,474.9
2011-12-27,Ongole,3.4,5.96,25.2,310.0
2011-12-27,Vijayawada,1.3,6.52,23.6,355.0
2011-12-28,Vizianagaram,9.8,6.69,24.2,594.2
2011-12-29,Vizianagaram,11.8,6.48,24.0,500.9
2011-12-30,Anantapur,3.1,5.72,24.8,335.5
2011-12-30,Vizianagaram,1.9,5.5,25.3,366.8
2011-12-30,Vizianagaram,3.9,6.02,23.4,410.6
2012-01-01,Anantapur,10.1,6.49,23.4,488.0
2012-01-01,Eluru,3.7,5.35,21.2,325.7
2012-01-01,Eluru,3.4,6.03,22.6,331.8
2012-01-02,Rajahmundry,2.0,5.21,23.0,201.8
2012-01-03,Kadapa,5.6,6.59,25.6,460.2
2012-01-03,Kakinada,14.5,6.63,23.1,676.8
2012-01-04,Amalapuram,5.8,6.22,21.9,500.3
2012-01-04,Eluru,15.2,7.14,23.1,642.8
2012-01-06,Ongole,14.9,6.76,26.1,666.9
2012-01-07,Amalapuram,4.1,6.26,24.4,372.7
2012-01-07,Srikakulam,1.8,6.55,21.2,378.4
2012-01-07,Tirupati,9.0,6.39,23.7,610.5
2012-01-07,Visakhapatnam,11.5,5.73,22.5,295.5
2012-01-09,Amalapuram,3.7,5.69,25.2,396.8
2012-01-09,Vizianagaram,2.0,7.27,21.7,622.0
2012-01-10,Nellore,7.9,6.11,23.0,470.4
2012-01-10,Rajahmundry,5.4,6.48,25.4,484.6
2012-01-12,Kadapa,13.1,6.49,23.3,470.9
2012-01-12,Nellore,7.9,6.63,23.1,410.4
2012-01-17,Eluru,10.4,6.51,27.7,471.1
2012-01-18,Kadapa,10.1,6.24,24.1,472.8
2012-01-18,Machilipatnam,10.0,7.55,23.9,703.9
2012-01-19,Amalapuram,6.3,5.39,25.9,292.9
2012-01-19,Anantapur,2.7,5.93,24.4,397.3
2012-01-19,Kakinada,6.9,6.73,23.8,567.3
2012-01-20,Anantapur,5.2,6.26,24.6,421.3
2012-01-20,Kakinada,12.0,6.72,23.5,594.6
2012-01-20,Tirupati,0.4,5.09,25.9,204.5
2012-01-22,Amalapuram,3.9,7.14,24.8,664.5
2012-01-22,Eluru,14.0,6.77,23.5,598.0
2012-01-22,Eluru,7.4,6.77,25.8,524.1
2012-01-23,Kakinada,19.8,6.84,25.7,631.7
2012-01-24,Kadapa,96.9,9.2,25.0,1525.2
2012-01-24,Kakinada,11.4,6.76,25.6,601.5
2012-01-24,Srikakulam,6.3,7.25,23.5,678.7
2012-01-25,Eluru,3.3,6.3,22.5,473.7
2012-01-25,Kurnool,7.0,5.58,23.7,401.5
2012-01-26,Amalapuram,0.4,5.97,23.0,442.6
2012-01-26,Tirupati,4.6,6.86,24.2,533.9
2012-01-28,Machilipatnam,19.8,7.41,21.4,670.4
2012-01-31,Vizianagaram,5.2,5.93,24.9,310.0
2012-02-02,Kakinada,13.5,5.89,27.5,402.2
2012-02-03,Visakhapatnam,1.3,6.24,23.0,287.7
2012-02-04,Machilipatnam,5.2,5.56,25.7,283.6
2012-02-04,Nellore,1.3,5.91,26.7,345.2
2012-02-06,Amalapuram,6.2,6.68,25.1,588.7
2012-02-06,Ongole,2.0,6.42,27.3,422.0
2012-02-06,Vijayawada,12.6,7.07,24.1,681.4
2012-02-07,Kakinada,2.2,5.59,23.5,299.2
2012-02-07,Vizianagaram,18.8,6.71,23.4,513.1
2012-02-09,Guntur,13.0,7.19,26.6,602.1
2012-02-10,Eluru,11.6,7.06,23.2,688.0
2012-02-10,Srikakulam,4.6,6.4,24.0,475.8
2012-02-11,Anantapur,2.0,5.71,24.7,302.4
2012-02-12,Visakhapatnam,3.2,7.08,23.4,538.6
2012-02-13,Nellore,1.1,5.58,28.9,215.3
2012-02-14,Vijayawada,0.4,5.88,29.7,428.8
2012-02-14,Visakhapatnam,1.3,5.59,24.6,319.7
2012-02-17,Amalapuram,5.3,7.13,26.4,546.1
2012-02-19,Kadapa,16.8,6.88,26.8,534.3
2012-02-20,Vijayawada,2.7,6.03,24.3,444.7
2012-02-20,Vizianagaram,27.4,7.2,27.9,799.0
2012-02-21,Guntur,5.7,6.41,26.8,431.2
2012-02-23,Eluru,1.7,5.88,24.3,287.0
2012-02-23,Ongole,0.6,5.59,28.8,284.7
2012-02-24,Amalapuram,73.6,8.85,25.7,1260.3
2012-02-24,Machilipatnam,7.3,4.9,26.6,215.5
2012-02-24,Machilipatnam,4.2,5.94,24.6,420.1
2012-02-24,Visakhapatnam,4.5,6.41,25.5,426.8
2012-02-26,Amalapuram,12.6,6.43,25.3,492.0
2012-02-26,Guntur,23.4,7.04,27.1,693.7
2012-02-26,Visakhapatnam,7.3,6.14,25.4,269.4
2012-02-28,Vijayawada,13.4,5.96,25.7,464.7
2012-02-28,Vijayawada,9.3,7.04,26.5,580.5
2012-02-29,Amalapuram,92.7,10.95,25.7,1811.0
2012-02-29,Kakinada,1.4,5.95,26.3,354.7
2012-02-29,Machilipatnam,162.8,14.21,23.0,2742.0
2012-03-01,Guntur,2.9,5.83,26.5,414.1
2012-03-01,Tirupati,0.3,6.48,25.7,456.6
2012-03-02,Kurnool,9.4,6.33,26.1,438.8
2012-03-03,Machilipatnam,5.2,6.15,27.9,466.7
2012-03-05,Vizianagaram,1.6,6.46,27.0,478.4
2012-03-06,Guntur,1.8,5.95,25.8,298.7
2012-03-06,Visakhapatnam,5.5,6.69,27.8,580.1
2012-03-08,Srikakulam,1.3,6.73,26.7,451.9
2012-03-10,Guntur,0.3,5.87,26.8,357.8
2012-03-10,Machilipatnam,36.3,8.52,28.1,1022.9
2012-03-12,Vijayawada,23.8,6.45,26.2,675.1
2012-03-14,Rajahmundry,1.9,6.14,26.1,320.8
2012-03-14,Srikakulam,1.2,5.67,26.6,279.7
2012-03-16,Guntur,8.5,6.43,27.4,477.4
2012-03-16,Kurnool,13.5,6.94,28.1,601.7
2012-03-17,Eluru,3.7,6.47,31.1,437.5
2012-03-18,Kurnool,4.7,6.6,27.2,451.2
2012-03-19,Guntur,6.7,6.23,29.0,492.7
2012-03-23,Amalapuram,4.3,5.62,29.4,370.2
2012-03-26,Vijayawada,6.6,6.03,25.7,444.9
2012-03-27,Nellore,11.5,7.16,28.1,571.3
2012-03-29,Vijayawada,11.0,6.41,29.8,509.7
2012-03-29,Vijayawada,6.4,6.13,26.7,496.9
2012-03-30,Kadapa,0.4,5.85,29.4,299.9
2012-03-30,Tirupati,51.7,8.43,28.8,1086.3
2012-04-01,Machilipatnam,0.5,5.59,29.2,239.7
2012-04-01,Srikakulam,6.0,5.7,28.3,304.1
2012-04-03,Ongole,15.8,7.07,28.0,549.9
2012-04-04,Eluru,10.6,6.03,29.5,475.2
2012-04-06,Guntur,3.9,6.69,28.2,476.8
2012-04-06,Rajahmundry,5.3,6.78,30.0,513.1
2012-04-06,Srikakulam,3.5,6.19,30.2,410.1
2012-04-09,Kadapa,1.5,6.2,29.6,435.6
2012-04-09,Kadapa,1.3,6.88,28.6,378.4
2012-04-09,Rajahmundry,13.7,7.14,28.5,637.7
2012-04-09,Visakhapatnam,5.1,6.48,32.2,395.3
2012-04-12,Vizianagaram,0.7,6.72,28.4,584.8
2012-04-13,Visakhapatnam,0.3,6.26,30.6,384.1
2012-04-15,Kakinada,96.9,11.07,33.9,1889.8
2012-04-15,Machilipatnam,2.1,6.14,28.9,474.8
2012-04-17,Kurnool,4.0,6.95,29.7,509.6
2012-04-18,Kakinada,11.3,6.75,30.6,621.5
2012-04-20,Kadapa,10.6,5.97,30.9,418.4
2012-04-20,Tirupati,11.7,6.76,30.0,594.5
2012-04-22,Kakinada,2.9,6.27,27.9,431.7
2012-04-24,Eluru,0.6,5.91,30.7,375.7
2012-04-25,Vijayawada,0.6,5.97,32.7,385.1
2012-04-27,Kurnool,7.0,6.11,27.6,399.1
2012-04-27,Vijayawada,1.7,6.17,30.6,318.6
2012-04-29,Kadapa,8.3,7.05,32.6,467.6
2012-04-29,Kadapa,0.3,5.7,32.0,284.5
2012-05-01,Guntur,3.0,5.89,30.3,413.8
2012-05-02,Anantapur,9.5,6.72,31.8,567.4
2012-05-02,Kurnool,7.7,6.47,31.0,446.2
2012-05-02,Vijayawada,9.4,6.74,32.4,528.0
2012-05-04,Rajahmundry,51.9,9.01,31.5,1222.8
2012-05-06,Rajahmundry,4.6,6.53,29.0,454.0
2012-05-07,Srikakulam,5.5,6.68,30.3,526.2
2012-05-07,Tirupati,4.8,5.74,31.2,311.8
2012-05-07,Vizianagaram,95.5,9.98,28.3,1628.6
2012-05-08,Kadapa,0.9,6.49,29.6,348.8
2012-05-08,Srikakulam,12.1,6.46,31.6,537.7
2012-05-10,Anantapur,14.8,6.4,30.8,446.3
2012-05-12,Vijayawada,8.1,6.23,32.2,365.5
2012-05-13,Eluru,2.6,6.13,31.3,424.1
2012-05-14,Tirupati,3.5,6.62,31.8,559.5
2012-05-15,Kadapa,7.8,7.0,30.6,621.4
2012-05-15,Kadapa,0.1,5.77,31.4,465.7
2012-05-15,Nellore,4.4,5.51,32.2,295.6
2012-05-17,Rajahmundry,3.1,6.29,31.1,386.9
2012-05-17,Vijayawada,12.7,6.48,30.3,519.1
2012-05-19,Machilipatnam,5.4,5.8,32.9,429.1
2012-05-19,Srikakulam,7.2,6.37,30.8,486.6
2012-05-20,Kurnool,2.6,5.58,32.5,432.3
2012-05-20,Vizianagaram,2.9,5.32,30.8,230.4
2012-05-21,Kadapa,61.6,8.85,34.3,1219.8
2012-05-21,Srikakulam,1.9,6.27,32.6,385.5
2012-05-24,Kakinada,6.5,5.57,32.6,279.5
2012-05-25,Vijayawada,11.9,7.47,30.6,672.8
2012-05-26,Machilipatnam,11.4,7.15,31.0,558.1
2012-05-26,Nellore,7.5,5.79,32.4,486.0
2012-05-26,Rajahmundry,2.9,5.45,32.0,297.2
2012-05-27,Eluru,8.2,6.51,31.7,500.0
2012-05-27,Vijayawada,1.2,6.45,30.4,467.3
2012-05-28,Visakhapatnam,5.1,6.04,30.2,277.6
2012-05-28,Visakhapatnam,3.1,6.5,28.9,470.1
2012-05-30,Amalapuram,4.3,5.78,33.4,437.3
2012-05-30,Tirupati,4.8,5.98,31.4,325.1
2012-06-01,Eluru,2.1,5.22,32.9,206.4
2012-06-02,Anantapur,23.8,7.13,32.3,656.0
2012-06-03,Eluru,8.2,6.69,32.0,546.9
2012-06-04,Amalapuram,21.5,6.62,30.9,580.0
2012-06-04,Ongole,68.0,9.05,32.3,1240.8
2012-06-07,Srikakulam,47.0,7.44,31.2,983.4
2012-06-08,Kakinada,14.5,7.04,33.6,638.1
2012-06-09,Kadapa,2.8,5.66,32.2,264.0
2012-06-09,Srikakulam,13.5,7.07,31.6,578.8
2012-06-10,Anantapur,60.0,8.64,29.7,1295.1
2012-06-13,Vijayawada,28.5,7.23,31.7,753.8
2012-06-14,Kurnool,0.8,6.11,33.5,405.0
2012-06-15,Kadapa,5.8,5.92,34.8,357.5
2012-06-16,Amalapuram,40.3,7.83,31.4,876.2
2012-06-16,Machilipatnam,6.5,5.83,31.4,339.9
2012-06-17,Machilipatnam,4.6,6.39,33.0,387.9
2012-06-18,Kakinada,34.0,7.27,33.5,852.0
2012-06-22,Guntur,7.3,6.56,31.0,440.4
2012-06-24,Guntur,0.5,5.74,33.2,332.1
2012-06-24,Ongole,22.2,6.67,31.9,644.3
2012-06-25,Vizianagaram,3.0,6.71,31.6,470.8
2012-06-27,Eluru,23.8,7.02,30.9,718.8
2012-06-28,Eluru,5.8,6.73,32.9,425.6
2012-06-28,Kurnool,22.6,7.1,28.2,666.2
2012-06-29,Vizianagaram,7.3,5.85,32.6,385.2
2012-06-30,Tirupati,15.6,7.67,32.1,771.0
2012-07-01,Guntur,2.0,5.79,32.0,389.8
2012-07-01,Ongole,33.4,7.87,35.5,840.2
2012-07-01,Vizianagaram,0.8,5.9,31.4,379.9
2012-07-02,Rajahmundry,18.5,6.59,29.5,480.8
2012-07-03,Anantapur,31.2,8.49,30.6,968.9
2012-07-03,Kakinada,30.0,7.3,33.8,776.3
2012-07-04,Machilipatnam,13.2,5.88,33.2,322.5
2012-07-04,Tirupati,25.3,6.93,32.4,629.8
2012-07-05,Tirupati,9.0,5.81,30.6,504.5
2012-07-06,Srikakulam,12.4,5.93,32.9,416.9
2012-07-08,Anantapur,6.0,6.52,30.5,355.1
2012-07-08,Eluru,37.8,7.83,32.0,977.4
2012-07-09,Kadapa,11.4,6.6,31.7,513.6
2012-07-10,Amalapuram,52.7,8.79,29.6,1259.6
2012-07-10,Kadapa,0.8,5.22,27.1,203.8
2012-07-10,Ongole,31.2,6.49,33.9,633.6
2012-07-11,Amalapuram,23.9,7.0,29.4,604.6
2012-07-11,Eluru,4.4,6.82,31.4,483.0
2012-07-11,Kadapa,29.6,7.84,32.1,765.9
2012-07-11,Tirupati,13.4,7.13,30.8,551.4
2012-07-12,Vijayawada,2.7,5.48,30.8,192.0
2012-07-14,Ongole,13.0,6.15,30.0,442.2
2012-07-14,Srikakulam,17.9,5.98,32.4,391.7
2012-07-15,Kadapa,30.7,7.04,33.6,835.3
2012-07-15,Rajahmundry,37.1,8.18,32.9,966.6
2012-07-17,Nellore,8.1,6.99,34.0,507.8
2012-07-18,Anantapur,8.7,6.34,29.4,540.0
2012-07-18,Kurnool,0.1,6.37,33.5,362.9
2012-07-18,Rajahmundry,9.5,6.02,30.7,375.6
2012-07-18,Vijayawada,4.1,6.55,30.3,499.5
2012-07-20,Vizianagaram,6.8,6.02,30.3,333.5
2012-07-22,Eluru,2.9,6.08,30.3,412.7
2012-07-22,Kurnool,18.9,6.9,31.3,631.1
2012-07-22,Rajahmundry,1.3,6.53,31.4,436.2
2012-07-23,Kakinada,21.8,7.16,34.2,667.2
2012-07-25,Visakhapatnam,45.7,8.01,32.1,1054.9
2012-07-26,Amalapuram,7.8,6.05,27.5,385.4
2012-07-26,Eluru,75.3,9.39,28.5,1469.5
2012-07-28,Ongole,14.1,6.22,32.0,524.6
2012-07-28,Vijayawada,3.5,5.83,33.0,345.4
2012-07-29,Eluru,126.8,11.03,31.4,2053.1
2012-07-29,Ongole,14.8,7.1,30.7,610.6
2012-07-30,Ongole,8.9,6.51,32.0,474.0
2012-08-04,Machilipatnam,34.0,7.8,30.5,838.9
2012-08-05,Amalapuram,35.5,7.65,31.0,821.5
2012-08-05,Rajahmundry,40.0,7.4,31.4,892.7
2012-08-05,Tirupati,26.1,6.66,27.9,687.7
2012-08-06,Srikakulam,10.5,6.74,32.0,635.1
2012-08-07,Amalapuram,11.3,7.42,29.1,684.6
2012-08-08,Kurnool,13.9,6.06,30.1,426.6
2012-08-08,Nellore,21.8,7.54,35.9,695.1
2012-08-10,Kakinada,37.1,7.74,28.8,864.3
2012-08-11,Nellore,30.2,7.15,30.5,783.9
2012-08-11,Srikakulam,41.3,8.17,29.6,885.9
2012-08-11,Srikakulam,18.1,6.33,32.5,524.3
2012-08-11,Visakhapatnam,7.7,5.79,32.6,453.5
2012-08-12,Eluru,57.2,8.32,31.0,1127.9
2012-08-12,Kadapa,11.7,6.42,31.9,504.2
2012-08-13,Anantapur,14.1,7.11,29.1,698.4
2012-08-13,Machilipatnam,58.4,9.07,27.7,1337.4
2012-08-14,Kakinada,4.7,5.99,29.8,332.1
2012-08-14,Nellore,10.5,7.01,32.9,590.5
2012-08-16,Tirupati,12.3,6.34,28.5,451.2
2012-08-19,Nellore,21.5,6.74,30.5,620.0
2012-08-20,Anantapur,11.1,5.07,29.1,229.6
2012-08-20,Rajahmundry,21.7,7.73,28.2,810.0
2012-08-21,Machilipatnam,61.2,7.57,33.2,993.1
2012-08-21,Vijayawada,11.0,7.26,29.5,699.0
2012-08-21,Vijayawada,11.7,7.17,30.2,665.3
2012-08-23,Amalapuram,9.9,5.67,30.0,366.6
2012-08-24,Kakinada,12.7,6.66,30.2,582.7
2012-08-24,Vijayawada,9.2,6.28,30.5,572.9
2012-08-26,Amalapuram,17.7,6.91,28.2,696.2
2012-08-26,Machilipatnam,23.7,6.61,29.3,533.5
2012-08-27,Kadapa,120.0,12.03,28.7,2189.5
2012-08-28,Vijayawada,125.6,11.21,28.5,2083.4
2012-08-29,Eluru,2.2,4.86,29.5,186.9
2012-08-30,Kakinada,31.7,8.29,29.5,955.8
2012-09-01,Srikakulam,13.5,6.64,32.5,552.4
2012-09-02,Kadapa,28.6,7.92,30.9,804.2
2012-09-03,Srikakulam,14.8,6.51,27.4,608.4
2012-09-03,Vizianagaram,25.2,7.55,28.5,728.5
2012-09-04,Kurnool,38.1,7.36,28.8,733.1
2012-09-04,Ongole,29.9,6.82,29.2,743.2
2012-09-05,Nellore,7.7,6.29,29.9,466.7
2012-09-05,Ongole,7.2,6.47,28.9,502.0
2012-09-05,Visakhapatnam,3.5,5.51,29.2,293.7
2012-09-06,Vizianagaram,14.1,6.51,29.6,526.8
2012-09-07,Guntur,3.2,5.44,30.4,326.9
2012-09-07,Rajahmundry,11.0,5.67,29.4,342.1
2012-09-08,Vijayawada,4.6,5.52,30.3,341.7
2012-09-08,Vizianagaram,19.4,6.64,30.9,661.2
2012-09-09,Rajahmundry,6.8,5.54,29.6,327.6
2012-09-09,Tirupati,3.9,6.17,29.9,403.5
2012-09-10,Guntur,25.0,7.66,31.0,732.6
2012-09-12,Vizianagaram,12.3,6.42,27.9,484.4
2012-09-13,Anantapur,3.5,6.38,27.4,505.6
2012-09-13,Eluru,28.4,7.54,29.4,725.2
2012-09-14,Amalapuram,28.7,7.57,27.6,750.4
2012-09-14,Kadapa,4.6,5.62,29.0,267.4
2012-09-14,Srikakulam,8.8,6.68,26.4,523.1
2012-09-15,Vijayawada,8.6,6.48,29.2,528.2
2012-09-16,Amalapuram,19.1,7.03,27.0,712.7
2012-09-16,Kadapa,7.7,6.34,27.0,430.1
2012-09-17,Eluru,3.7,6.55,29.7,466.4
2012-09-17,Kadapa,12.9,6.36,29.9,536.8
2012-09-18,Anantapur,19.6,6.66,28.6,509.8
2012-09-19,Kakinada,13.6,7.03,26.8,459.5
2012-09-19,Kakinada,10.1,6.6,30.3,563.3
2012-09-19,Kakinada,6.2,7.05,29.0,617.5
2012-09-20,Tirupati,4.5,5.85,29.3,310.0
2012-09-21,Rajahmundry,5.2,6.23,26.6,415.6
2012-09-22,Rajahmundry,1.7,6.21,28.2,358.7
2012-09-22,Srikakulam,51.7,8.04,29.4,1013.2
2012-09-24,Eluru,15.0,7.3,25.9,704.0
2012-09-24,Rajahmundry,24.7,6.32,29.6,531.4
2012-09-25,Eluru,65.4,9.07,27.9,1231.2
2012-09-25,Kadapa,42.9,8.4,28.0,999.5
2012-09-25,Tirupati,10.6,6.25,27.4,405.0
2012-09-25,Vijayawada,87.5,9.98,28.4,1667.6
2012-09-26,Tirupati,3.4,6.45,26.4,439.3
2012-09-26,Vijayawada,12.0,6.73,27.3,605.5
2012-09-28,Vijayawada,4.1,5.83,26.2,362.9
2012-09-30,Vijayawada,3.3,6.5,27.6,499.1
2012-10-01,Machilipatnam,2.4,5.83,28.2,314.3
2012-10-02,Srikakulam,3.5,6.5,26.8,570.9
2012-10-04,Vizianagaram,5.7,7.4,30.2,617.7
2012-10-05,Anantapur,17.4,6.51,27.4,564.4
2012-10-05,Nellore,5.8,6.44,27.7,491.0
2012-10-06,Srikakulam,0.5,6.07,29.3,470.9
2012-10-07,Kurnool,3.2,5.3,25.4,316.4
2012-10-07,Srikakulam,2.9,5.93,24.1,328.3
2012-10-08,Guntur,2.5,5.79,24.7,331.6
2012-10-09,Kakinada,64.2,9.32,26.2,1455.0
2012-10-09,Vijayawada,3.7,5.44,27.3,267.5
2012-10-11,Vizianagaram,6.5,6.23,27.1,410.4
2012-10-12,Kadapa,11.5,6.41,27.8,473.0
2012-10-13,Eluru,0.9,6.2,25.0,302.9
2012-10-13,Kakinada,4.8,5.97,27.0,411.8
2012-10-13,Visakhapatnam,3.7,5.33,23.9,287.9
2012-10-14,Srikakulam,6.6,6.68,25.2,420.9
2012-10-14,Vizianagaram,1.1,6.38,27.2,314.6
2012-10-17,Guntur,1.9,6.25,27.3,325.3
2012-10-17,Vijayawada,6.8,6.77,24.2,487.1
2012-10-18,Amalapuram,0.2,6.3,25.0,403.2
2012-10-18,Anantapur,4.1,6.73,23.9,430.5
2012-10-21,Vijayawada,180.0,14.12,24.7,2931.5
2012-10-22,Guntur,0.1,5.75,26.6,298.6
2012-10-22,Rajahmundry,3.0,6.51,29.6,455.6
2012-10-24,Machilipatnam,1.5,7.04,25.2,531.7
2012-10-25,Ongole,4.2,6.8,24.5,512.3
2012-10-25,Vijayawada,1.6,5.04,25.1,289.7
2012-10-26,Machilipatnam,0.5,5.6,26.4,367.8
2012-10-26,Ongole,5.5,6.6,28.1,413.7
2012-10-29,Machilipatnam,0.7,5.67,25.4,297.2
2012-10-30,Kakinada,9.5,6.58,24.1,454.7
2012-10-31,Eluru,0.3,6.25,24.4,486.3
2012-11-01,Vijayawada,4.7,6.33,24.8,527.3
2012-11-02,Kadapa,5.0,6.28,22.9,477.6
2012-11-02,Kurnool,1.3,5.62,25.9,367.8
2012-11-07,Machilipatnam,1.2,6.12,23.4,341.7
2012-11-07,Rajahmundry,6.9,6.95,24.0,670.0
2012-11-07,Vijayawada,2.5,6.92,27.3,523.9
2012-11-10,Visakhapatnam,2.2,5.55,23.6,316.8
2012-11-10,Visakhapatnam,0.2,6.23,28.2,343.3
2012-11-11,Amalapuram,8.6,6.14,25.6,427.8
2012-11-12,Eluru,12.8,7.51,26.3,723.0
2012-11-12,Nellore,10.4,6.68,23.0,553.6
2012-11-13,Vijayawada,10.6,6.86,23.2,632.1
2012-11-15,Kadapa,1.1,5.89,25.5,315.9
2012-11-16,Nellore,1.9,6.56,23.6,442.2
2012-11-16,Visakhapatnam,7.0,6.75,25.1,502.0
2012-11-17,Kadapa,6.4,6.87,25.3,413.7
2012-11-18,Kakinada,1.9,6.27,25.4,386.5
2012-11-21,Kakinada,1.1,6.4,24.7,468.3
2012-11-21,Rajahmundry,11.1,6.74,23.9,607.2
2012-11-21,Srikakulam,4.4,6.47,25.0,397.2
2012-11-23,Tirupati,7.6,6.87,22.7,566.3
2012-11-24,Tirupati,12.7,6.32,25.9,596.8
2012-11-24,Visakhapatnam,13.9,6.7,23.1,521.0
2012-11-26,Kakinada,2.0,6.21,22.7,407.0
2012-11-26,Vijayawada,5.6,5.81,25.1,334.9
2012-11-27,Eluru,6.6,5.96,25.5,398.7
2012-11-27,Machilipatnam,8.8,6.95,25.1,609.1
2012-11-29,Kakinada,3.8,6.86,24.0,388.8
2012-11-30,Kadapa,0.6,6.01,25.0,440.5
2012-11-30,Nellore,3.7,5.36,25.2,179.4
2012-11-30,Rajahmundry,2.8,6.12,22.1,361.6
2012-12-02,Kadapa,6.1,6.19,24.1,399.5
2012-12-04,Kadapa,3.3,5.86,21.1,389.3
2012-12-04,Vizianagaram,13.4,6.91,25.3,571.8
2012-12-05,Guntur,5.0,6.32,24.0,375.6
2012-12-05,Kurnool,7.9,6.67,21.2,474.3
2012-12-05,Tirupati,142.5,12.37,22.8,2399.6
2012-12-06,Visakhapatnam,5.5,6.71,23.2,455.7
2012-12-10,Eluru,3.3,6.24,22.3,433.5
2012-12-12,Nellore,7.0,5.95,24.5,415.7
2012-12-13,Vizianagaram,2.9,6.75,24.1,397.9
2012-12-14,Machilipatnam,5.1,5.85,21.7,322.5
2012-12-17,Ongole,2.3,5.62,25.4,375.8
2012-12-20,Vijayawada,4.7,6.13,27.3,351.2
2012-12-25,Tirupati,2.3,6.2,22.2,433.7
2012-12-29,Kakinada,1.1,5.8,26.0,394.0
2012-12-29,Srikakulam,10.9,6.77,22.1,478.8
2012-12-30,Kakinada,4.6,6.15,25.1,459.2
2012-12-31,Ongole,7.0,6.82,25.7,564.1
2013-01-01,Guntur,2.4,5.81,24.8,322.6
2013-01-01,Srikakulam,0.5,5.63,22.3,264.0
2013-01-02,Amalapuram,16.4,7.28,24.6,672.3
2013-01-04,Kakinada,3.0,5.95,22.6,299.0
2013-01-04,Kurnool,6.4,6.2,25.0,398.7
2013-01-05,Vijayawada,4.5,5.85,23.5,312.2
2013-01-08,Kadapa,11.7,6.94,22.2,568.5
2013-01-09,Visakhapatnam,4.6,5.43,26.9,160.6
2013-01-10,Kakinada,3.3,7.08,24.7,560.1
2013-01-14,Vizianagaram,5.6,5.73,23.0,318.1
2013-01-17,Guntur,6.4,6.38,25.0,443.9
2013-01-20,Kakinada,6.5,6.11,22.8,542.6
2013-01-20,Srikakulam,3.5,6.46,24.6,498.0
2013-01-22,Kadapa,1.8,6.06,24.8,342.1
2013-01-23,Rajahmundry,6.0,6.24,22.5,466.5
2013-01-24,Visakhapatnam,3.8,6.25,24.6,283.3
2013-01-25,Kakinada,6.4,6.59,24.2,535.1
2013-01-27,Guntur,1.1,6.03,25.3,392.4
2013-01-27,Machilipatnam,3.9,6.82,23.9,431.0
2013-01-28,Visakhapatnam,4.7,7.26,25.8,581.9
2013-01-30,Rajahmundry,1.1,6.15,23.8,339.3
2013-01-31,Amalapuram,4.2,6.3,26.3,480.1
2013-01-31,Nellore,2.2,5.63,23.1,353.5
2013-01-31,Rajahmundry,6.3,5.89,27.8,268.6
2013-02-01,Srikakulam,2.9,4.97,26.0,356.3
2013-02-01,Tirupati,17.6,6.18,24.8,477.4
2013-02-02,Vijayawada,0.6,6.57,26.9,476.9
2013-02-03,Eluru,3.3,6.43,26.5,485.2
2013-02-04,Tirupati,0.4,5.21,21.2,194.6
2013-02-05,Nellore,3.6,5.22,24.5,278.2
2013-02-05,Srikakulam,4.1,5.32,23.4,346.0
2013-02-05,Vijayawada,1.6,5.27,28.2,166.1
2013-02-09,Kakinada,13.4,6.99,25.8,657.9
2013-02-12,Srikakulam,2.8,6.01,27.4,390.4
2013-02-13,Kakinada,4.8,6.02,27.7,416.6
2013-02-13,Srikakulam,13.9,6.01,24.7,403.8
2013-02-14,Tirupati,145.7,12.67,25.0,2394.8
2013-02-15,Tirupati,12.9,7.2,25.4,656.0
2013-02-16,Vijayawada,0.7,6.15,24.2,368.5
2013-02-17,Eluru,3.1,5.75,25.1,246.9
2013-02-18,Guntur,16.4,6.48,25.8,602.0
2013-02-19,Visakhapatnam,12.0,6.53,28.3,432.5
2013-02-20,Amalapuram,3.1,6.05,26.1,380.9
2013-02-20,Guntur,20.7,6.1,25.2,582.1
2013-02-22,Ongole,5.2,6.32,25.5,427.3
2013-02-22,Tirupati,1.0,6.29,28.0,417.6
2013-02-22,Vijayawada,2.1,6.2,27.9,432.2
2013-02-23,Ongole,16.7,5.94,25.1,468.7
2013-02-25,Kakinada,12.1,6.53,25.2,527.9
2013-02-26,Kadapa,13.8,7.41,27.9,612.5
2013-02-27,Amalapuram,3.1,7.08,24.5,441.7
2013-02-28,Machilipatnam,3.3,6.04,27.6,412.4
2013-03-01,Kadapa,8.0,6.71,26.0,499.7
2013-03-03,Anantapur,4.7,7.75,28.8,576.8
2013-03-03,Kurnool,2.2,6.42,25.6,438.8
2013-03-04,Eluru,10.3,6.12,27.0,507.3
2013-03-04,Kakinada,22.0,6.3,26.4,587.8
2013-03-06,Anantapur,4.6,6.25,26.2,381.9
2013-03-06,Kakinada,2.1,6.66,28.4,510.2
2013-03-07,Guntur,3.5,6.11,27.7,353.3
2013-03-09,Machilipatnam,6.3,5.94,27.9,384.0
2013-03-11,Kurnool,2.2,5.76,26.1,263.9
2013-03-11,Machilipatnam,4.6,6.21,28.7,490.3
2013-03-13,Anantapur,3.9,6.3,27.4,405.7
2013-03-13,Kadapa,3.2,5.18,26.8,280.0
2013-03-13,Tirupati,5.5,6.15,25.2,424.2
2013-03-15,Visakhapatnam,19.0,6.88,26.2,708.2
2013-03-17,Rajahmundry,6.4,5.99,29.5,433.7
2013-03-18,Eluru,8.9,7.49,28.6,622.9
2013-03-18,Kurnool,3.8,5.83,25.6,301.7
2013-03-19,Amalapuram,5.8,6.52,30.8,570.3
2013-03-19,Amalapuram,4.8,6.28,27.6,406.7
2013-03-20,Kakinada,5.3,6.16,28.5,425.9
2013-03-21,Kurnool,7.9,6.54,24.7,381.6
2013-03-21,Machilipatnam,0.8,5.56,25.8,278.1
2013-03-21,Machilipatnam,5.7,6.12,26.2,372.1
2013-03-22,Vijayawada,1.0,5.76,27.4,287.2
2013-03-24,Rajahmundry,8.6,6.47,31.1,541.3
2013-03-25,Vijayawada,5.5,6.22,27.0,458.3
2013-03-26,Anantapur,7.4,5.77,25.1,407.6
2013-03-28,Machilipatnam,0.7,6.02,27.2,384.8
2013-03-31,Rajahmundry,11.0,6.64,28.4,554.3
2013-04-01,Tirupati,2.2,5.67,28.8,307.5
2013-04-02,Amalapuram,6.2,5.78,27.1,342.1
2013-04-02,Ongole,0.2,5.98,32.3,270.2
2013-04-03,Kakinada,3.1,6.69,30.3,458.0
2013-04-03,Kakinada,2.9,6.57,28.3,521.2
2013-04-03,Vijayawada,5.5,6.3,28.6,463.6
2013-04-04,Amalapuram,3.9,5.62,29.1,352.4
2013-04-07,Eluru,17.9,5.85,29.6,386.0
2013-04-07,Machilipatnam,4.6,5.56,30.4,387.1
2013-04-09,Kurnool,1.3,6.31,31.1,458.2
2013-04-11,Eluru,12.1,6.42,26.5,398.6
2013-04-12,Machilipatnam,0.1,6.29,30.7,437.1
2013-04-12,Ongole,3.1,5.92,29.4,384.7
2013-04-12,Vizianagaram,6.3,6.5,29.5,505.7
2013-04-14,Guntur,12.2,6.11,29.4,480.6
2013-04-14,Nellore,6.8,6.66,30.7,539.4
2013-04-14,Rajahmundry,5.6,6.79,28.7,510.1
2013-04-15,Machilipatnam,64.5,8.53,32.2,1167.5
2013-04-16,Machilipatnam,5.0,5.87,30.2,338.0
2013-04-16,Machilipatnam,3.5,6.57,28.8,445.6
2013-04-17,Anantapur,1.9,6.02,30.6,273.6
2013-04-19,Anantapur,6.1,6.13,31.2,369.2
2013-04-20,Nellore,120.6,11.88,29.2,2276.4
2013-04-21,Visakhapatnam,5.6,5.88,30.4,420.9
2013-04-23,Guntur,5.3,6.84,30.1,557.3
2013-04-23,Kadapa,8.5,6.37,30.7,444.2
2013-04-23,Ongole,13.5,6.51,29.4,514.2
2013-04-24,Guntur,8.7,6.37,32.0,395.5
2013-04-24,Kakinada,15.9,6.8,30.4,523.2
2013-04-25,Ongole,4.3,6.1,32.0,461.3
2013-04-25,Tirupati,10.2,6.55,29.8,465.7
2013-04-26,Ongole,5.5,6.47,30.1,418.6
2013-04-26,Tirupati,6.7,6.36,28.3,477.0
2013-04-29,Kurnool,11.4,5.91,31.7,436.0
2013-04-30,Kadapa,0.5,5.71,32.4,347.2
2013-05-01,Visakhapatnam,0.2,6.28,31.1,360.5
2013-05-02,Amalapuram,21.1,7.31,31.6,657.0
2013-05-02,Rajahmundry,0.6,5.96,29.9,323.2
2013-05-04,Eluru,14.9,6.9,30.5,662.7
2013-05-04,Tirupati,3.1,7.04,32.2,591.8
2013-05-07,Amalapuram,13.4,6.36,33.2,431.2
2013-05-08,Kurnool,3.4,5.86,32.9,292.2
2013-05-08,Vijayawada,3.5,6.22,33.0,337.0
2013-05-08,Vijayawada,12.6,7.67,32.2,743.3
2013-05-08,Vijayawada,5.7,5.75,32.3,381.6
2013-05-09,Amalapuram,6.4,6.03,32.3,354.7
2013-05-09,Ongole,7.6,6.93,31.5,479.9
2013-05-10,Rajahmundry,6.8,6.37,30.2,345.5
2013-05-12,Tirupati,1.1,6.19,30.4,350.8
2013-05-18,Nellore,5.0,6.52,29.6,563.5
2013-05-19,Eluru,0.5,6.19,31.4,404.9
2013-05-19,Nellore,9.9,5.87,31.8,349.7
2013-05-21,Vijayawada,16.2,6.79,31.6,640.3
2013-05-21,Vizianagaram,0.1,6.92,33.7,493.6
2013-05-22,Machilipatnam,0.8,5.82,31.3,310.7
2013-05-22,Vijayawada,1.0,6.48,33.8,393.9
2013-05-23,Machilipatnam,7.2,6.27,32.3,513.2
2013-05-23,Vizianagaram,6.5,5.8,29.2,301.5
2013-05-24,Ongole,1.5,6.19,30.7,439.8
2013-05-25,Machilipatnam,0.6,5.88,32.9,294.3
2013-05-26,Visakhapatnam,1.2,5.66,32.4,343.6
2013-05-27,Machilipatnam,5.9,6.64,30.1,458.4
2013-05-28,Kurnool,1.6,6.33,32.5,341.3
2013-06-01,Rajahmundry,44.3,8.76,30.8,1115.4
2013-06-01,Srikakulam,1.9,6.1,32.4,337.5
2013-06-02,Guntur,16.8,6.67,29.2,493.3
2013-06-02,Machilipatnam,1.5,6.09,33.7,396.4
2013-06-02,Rajahmundry,29.3,8.02,32.1,897.4
2013-06-04,Amalapuram,17.1,6.91,28.9,575.1
2013-06-05,Machilipatnam,10.4,7.6,30.3,710.5
2013-06-05,Tirupati,40.9,8.04,30.7,910.1
2013-06-06,Visakhapatnam,5.3,5.95,33.2,370.1
2013-06-08,Tirupati,6.2,6.94,30.3,572.8
2013-06-09,Amalapuram,6.8,6.39,32.0,426.3
2013-06-11,Eluru,167.3,13.41,30.9,2695.8
2013-06-13,Amalapuram,14.6,5.72,28.1,450.5
2013-06-13,Anantapur,6.2,6.08,32.1,367.9
2013-06-13,Machilipatnam,17.8,5.98,33.4,510.3
2013-06-14,Nellore,30.1,7.71,31.4,942.0
2013-06-14,Visakhapatnam,33.6,7.22,31.1,766.3
2013-06-15,Srikakulam,10.2,6.16,33.1,451.6
2013-06-15,Srikakulam,1.5,5.65,33.8,389.2
2013-06-16,Eluru,26.9,6.71,32.6,601.2
2013-06-17,Amalapuram,2.5,6.94,33.8,477.3
2013-06-17,Eluru,10.7,6.59,30.9,546.9
2013-06-20,Kakinada,44.8,7.35,30.5,836.7
2013-06-21,Vijayawada,5.7,6.19,27.1,409.7
2013-06-23,Eluru,75.9,9.52,32.4,1518.7
2013-06-23,Vizianagaram,2.9,6.52,31.5,411.4
2013-06-24,Amalapuram,2.7,5.9,35.7,360.9
2013-06-25,Eluru,26.6,7.5,32.8,730.9
2013-06-26,Nellore,6.7,7.48,33.6,572.9
2013-06-26,Nellore,10.4,6.43,31.2,509.1
2013-06-26,Vizianagaram,5.5,6.05,32.5,380.9
2013-06-27,Ongole,17.4,6.54,35.9,659.8
2013-06-29,Amalapuram,22.8,6.59,33.1,487.6
2013-06-29,Kadapa,5.3,5.47,32.1,333.2
2013-06-29,Rajahmundry,25.2,7.46,31.5,707.2
2013-06-29,Vijayawada,5.9,6.84,32.6,480.1
2013-07-01,Rajahmundry,3.2,5.32,30.7,256.7
2013-07-03,Kadapa,141.1,12.01,30.6,2299.0
2013-07-04,Kakinada,52.3,8.54,34.0,1098.1
2013-07-05,Machilipatnam,43.0,7.37,32.7,775.3
2013-07-05,Tirupati,19.7,7.42,32.1,626.8
2013-07-06,Kakinada,9.8,5.86,30.9,410.2
2013-07-07,Amalapuram,28.0,7.05,31.5,795.3
2013-07-07,Srikakulam,10.6,7.19,30.2,702.4
2013-07-08,Srikakulam,36.2,7.83,32.8,818.1
2013-07-09,Tirupati,1.9,5.89,29.8,361.1
2013-07-09,Visakhapatnam,12.9,6.17,31.8,492.0
2013-07-10,Anantapur,2.7,6.31,33.6,352.0
2013-07-11,Kadapa,32.3,7.57,32.7,779.3
2013-07-11,Kakinada,2.8,6.72,34.4,421.7
2013-07-11,Srikakulam,35.5,7.53,30.0,852.6
2013-07-13,Amalapuram,16.6,6.67,29.6,585.2
2013-07-13,Rajahmundry,166.9,13.74,27.7,2823.1
2013-07-13,Srikakulam,49.9,7.82,31.8,996.6
2013-07-16,Srikakulam,3.1,6.58,32.2,333.8
2013-07-17,Anantapur,10.6,7.22,32.5,622.4
2013-07-17,Eluru,29.5,6.81,33.2,553.3
2013-07-17,Kakinada,8.0,6.25,33.1,448.3
2013-07-18,Anantapur,33.3,7.47,32.2,723.3
2013-07-18,Kadapa,24.3,7.59,33.4,797.7
2013-07-18,Kadapa,28.0,6.19,29.4,625.8
2013-07-18,Vizianagaram,9.6,6.04,32.2,570.7
2013-07-19,Visakhapatnam,3.4,6.81,32.1,451.8
2013-07-19,Vizianagaram,2.3,4.84,29.3,184.4
2013-07-20,Rajahmundry,39.6,7.29,32.6,862.9
2013-07-22,Kurnool,10.5,6.51,33.7,460.4
2013-07-24,Guntur,40.1,7.28,30.1,799.7
2013-07-24,Machilipatnam,17.7,6.27,29.9,513.7
2013-07-25,Guntur,0.8,6.59,29.2,598.1
2013-07-25,Kurnool,7.9,6.62,31.9,599.9
2013-07-25,Kurnool,3.7,6.56,32.4,519.0
2013-07-26,Kakinada,1.3,5.81,31.6,392.4
2013-07-26,Machilipatnam,3.3,5.74,30.3,330.8
2013-07-27,Machilipatnam,23.2,6.62,30.9,552.3
2013-07-29,Kakinada,11.3,6.37,32.3,543.1
2013-07-30,Amalapuram,23.8,7.08,31.1,602.2
2013-07-30,Kurnool,0.4,6.23,31.3,504.1
2013-08-03,Nellore,54.7,8.53,33.3,1230.6
2013-08-03,Tirupati,19.9,6.93,33.2,623.2
2013-08-04,Kurnool,20.2,6.78,30.7,587.2
2013-08-04,Srikakulam,11.6,6.91,33.0,541.6
2013-08-05,Kakinada,15.4,6.86,29.6,476.7
2013-08-05,Ongole,17.4,6.6,29.1,519.8
2013-08-05,Rajahmundry,14.8,7.22,28.7,683.3
2013-08-05,Srikakulam,9.5,6.36,32.9,585.9
2013-08-08,Tirupati,19.2,7.47,29.6,619.7
2013-08-09,Machilipatnam,29.3,7.26,30.3,730.1
2013-08-10,Srikakulam,7.0,6.29,29.6,386.8
2013-08-11,Machilipatnam,11.3,6.93,32.5,506.4
2013-08-14,Tirupati,32.0,7.12,33.0,780.1
2013-08-14,Vijayawada,38.8,7.74,32.5,890.4
2013-08-14,Vizianagaram,34.1,7.76,26.2,875.8
2013-08-16,Guntur,12.0,6.45,33.2,499.7
2013-08-19,Nellore,52.3,8.89,29.3,1150.8
2013-08-20,Kadapa,167.1,14.26,31.3,2838.4
2013-08-21,Nellore,41.8,8.19,29.5,1019.2
2013-08-23,Amalapuram,13.9,6.47,31.3,396.6
2013-08-24,Ongole,19.4,6.23,29.4,632.7
2013-08-28,Eluru,6.1,6.51,28.5,480.7
2013-08-28,Vizianagaram,4.1,6.15,29.9,459.0
2013-08-29,Kadapa,144.8,13.16,30.3,2508.1
2013-08-30,Kakinada,24.4,6.62,28.8,691.1
2013-09-01,Vijayawada,13.6,6.92,30.5,678.1
2013-09-02,Kadapa,4.1,5.56,29.5,389.0
2013-09-02,Kurnool,28.4,7.29,28.9,763.3
2013-09-03,Kakinada,14.3,6.35,27.4,516.7
2013-09-03,Ongole,3.0,6.07,27.5,372.3
2013-09-05,Guntur,5.3,6.68,29.4,567.8
2013-09-05,Guntur,7.2,6.51,27.0,504.4
2013-09-05,Nellore,40.2,8.25,30.2,903.2
2013-09-06,Tirupati,13.9,5.84,29.7,523.3
2013-09-08,Amalapuram,19.1,7.78,30.0,790.0
2013-09-08,Kadapa,34.4,7.64,29.3,922.3
2013-09-10,Kadapa,8.8,6.55,28.3,471.9
2013-09-10,Vijayawada,4.8,5.95,32.3,388.0
2013-09-11,Machilipatnam,28.5,6.87,28.2,545.1
2013-09-12,Kadapa,37.4,7.08,27.7,741.7
2013-09-12,Machilipatnam,41.5,8.14,26.8,1003.6
2013-09-13,Ongole,20.8,6.77,27.7,670.5
2013-09-14,Amalapuram,14.3,6.39,28.3,506.4
2013-09-15,Anantapur,8.9,6.16,25.8,389.3
2013-09-15,Vizianagaram,65.1,8.19,27.7,1206.4
2013-09-16,Kakinada,40.9,7.49,28.4,848.0
2013-09-17,Kakinada,4.2,5.94,28.7,424.4
2013-09-17,Visakhapatnam,3.7,5.63,30.4,478.3
2013-09-18,Kakinada,196.5,15.04,27.6,3032.6
2013-09-19,Machilipatnam,14.4,6.37,30.0,537.2
2013-09-21,Machilipatnam,5.4,5.95,26.9,354.1
2013-09-22,Kadapa,19.1,6.49,27.2,616.7
2013-09-24,Guntur,11.9,6.16,30.0,414.7
2013-09-25,Kadapa,26.2,7.65,28.3,784.4
2013-09-29,Guntur,22.8,6.68,26.1,612.7
2013-09-30,Visakhapatnam,0.8,5.48,25.4,263.6
2013-10-01,Amalapuram,11.1,7.47,27.8,694.1
2013-10-01,Kakinada,5.7,6.19,30.5,433.8
2013-10-02,Srikakulam,4.5,6.98,26.8,608.0
2013-10-02,Visakhapatnam,1.9,5.91,26.8,294.6
2013-10-03,Anantapur,3.5,5.98,25.9,348.0
2013-10-05,Kakinada,6.8,6.64,28.7,646.3
2013-10-05,Machilipatnam,2.1,6.25,27.6,260.9
2013-10-05,Vizianagaram,8.3,6.34,26.1,513.1
2013-10-06,Ongole,3.5,5.46,26.4,272.9
2013-10-08,Kakinada,5.7,6.42,26.7,495.1
2013-10-08,Nellore,1.0,6.05,26.5,363.6
2013-10-10,Kadapa,3.0,5.99,26.0,551.8
2013-10-10,Machilipatnam,2.8,5.63,26.0,339.4
2013-10-10,Srikakulam,11.8,6.47,25.6,554.7
2013-10-13,Kadapa,174.0,14.27,25.4,2832.8
2013-10-14,Eluru,7.4,6.52,23.8,567.1
2013-10-15,Anantapur,2.0,6.1,24.2,394.6
2013-10-16,Guntur,158.3,12.9,25.1,2529.0
2013-10-16,Kurnool,8.6,6.26,28.3,407.6
2013-10-16,Visakhapatnam,2.3,5.9,27.9,355.9
2013-10-17,Anantapur,4.2,4.99,25.7,373.7
2013-10-18,Eluru,2.0,5.93,26.7,479.4
2013-10-19,Guntur,4.4,7.02,26.5,577.5
2013-10-20,Amalapuram,4.8,7.19,28.4,545.7
2013-10-20,Rajahmundry,7.3,6.07,25.4,426.5
2013-10-22,Eluru,3.1,6.36,25.9,384.7
2013-10-23,Eluru,14.2,6.87,24.4,564.8
2013-10-23,Machilipatnam,1.3,6.03,22.9,447.9
2013-10-24,Amalapuram,4.7,5.38,24.3,266.4
2013-10-24,Rajahmundry,6.6,6.18,25.4,370.0
2013-10-26,Kadapa,1.2,6.05,26.6,385.5
2013-10-27,Eluru,1.5,6.55,26.7,475.7
2013-10-27,Guntur,0.5,6.4,26.2,419.2
2013-10-28,Srikakulam,10.3,6.52,26.4,525.3
2013-10-29,Kakinada,8.1,6.42,23.6,402.3
2013-10-29,Nellore,160.8,13.05,23.0,2543.9
2013-11-02,Machilipatnam,4.8,6.42,22.2,412.1
2013-11-02,Ongole,8.8,5.97,24.1,456.4
2013-11-03,Kadapa,7.6,6.51,24.9,296.5
2013-11-04,Guntur,1.5,6.42,22.5,386.6
2013-11-04,Kakinada,0.1,7.06,25.1,542.9
2013-11-05,Amalapuram,5.5,7.03,26.2,646.5
2013-11-06,Eluru,14.3,5.9,25.8,402.5
2013-11-06,Visakhapatnam,0.8,5.78,23.4,333.6
2013-11-09,Machilipatnam,2.9,6.52,25.2,378.7
2013-11-10,Srikakulam,1.3,6.28,23.5,446.8
2013-11-11,Ongole,2.0,6.47,22.3,316.8
2013-11-13,Guntur,16.1,7.42,21.1,621.3
2013-11-14,Tirupati,3.5,5.85,25.0,333.0
2013-11-15,Machilipatnam,0.4,5.7,25.7,209.1
2013-11-16,Eluru,5.6,6.69,25.4,472.2
2013-11-16,Eluru,7.9,6.23,26.7,349.8
2013-11-16,Tirupati,4.5,6.33,23.5,405.2
2013-11-17,Nellore,73.6,9.16,25.1,1340.3
2013-11-18,Amalapuram,16.6,6.64,24.9,602.3
2013-11-18,Kakinada,2.5,6.26,24.8,482.3
2013-11-19,Kadapa,2.7,5.42,24.7,215.5
2013-11-19,Ongole,2.0,6.07,24.4,384.3
2013-11-20,Eluru,5.8,6.03,25.5,464.5
2013-11-20,Guntur,0.1,6.45,27.0,429.8
2013-11-21,Kadapa,9.6,5.68,24.9,271.8
2013-11-22,Nellore,13.9,7.5,24.3,677.7
2013-11-22,Vijayawada,24.7,7.43,24.5,700.3
2013-11-23,Kadapa,7.9,5.78,25.8,369.9
2013-11-23,Kurnool,0.9,5.5,25.6,309.3
2013-11-23,Vizianagaram,4.4,6.32,24.3,420.8
2013-11-24,Guntur,3.6,6.52,24.7,421.3
2013-11-28,Guntur,2.4,5.81,24.4,411.6
2013-11-29,Kurnool,4.8,5.6,24.6,337.3
2013-11-30,Eluru,4.0,6.66,24.0,600.5
2013-11-30,Tirupati,4.0,6.81,22.9,474.3
2013-12-01,Guntur,2.4,6.09,23.5,347.3
2013-12-02,Srikakulam,12.1,6.63,22.4,528.6
2013-12-03,Eluru,4.8,6.27,24.0,553.4
2013-12-03,Ongole,0.8,6.06,24.2,350.6
2013-12-04,Kadapa,8.5,6.25,24.8,480.7
2013-12-05,Ongole,5.3,6.74,23.5,415.3
2013-12-06,Kadapa,9.4,6.38,22.5,503.9
2013-12-07,Anantapur,3.6,6.34,26.0,524.9
2013-12-07,Nellore,4.9,6.1,25.1,400.5
2013-12-07,Tirupati,10.1,6.12,25.6,484.1
2013-12-09,Kakinada,7.7,5.74,23.7,320.5
2013-12-10,Vijayawada,1.5,6.03,23.3,345.6
2013-12-11,Nellore,7.5,6.09,21.7,495.4
2013-12-11,Visakhapatnam,5.2,6.16,25.8,390.9
2013-12-11,Visakhapatnam,12.4,6.87,28.3,469.5
2013-12-14,Anantapur,23.6,7.04,22.0,721.2
2013-12-15,Srikakulam,12.5,5.79,22.3,420.9
2013-12-15,Tirupati,1.0,5.9,22.0,329.9
2013-12-15,Visakhapatnam,12.6,6.55,22.8,573.8
2013-12-16,Kakinada,1.4,5.61,25.7,241.0
2013-12-16,Kurnool,5.9,6.18,24.1,435.3
2013-12-16,Nellore,13.6,6.45,23.0,525.2
2013-12-17,Eluru,1.4,5.88,26.6,338.3
2013-12-17,Kadapa,6.3,6.69,21.3,587.9
2013-12-17,Ongole,11.8,6.68,18.8,557.1
2013-12-17,Vizianagaram,7.9,5.67,22.7,451.6
2013-12-18,Srikakulam,2.7,6.76,24.8,495.0
2013-12-18,Visakhapatnam,4.0,6.21,24.3,449.8
2013-12-19,Kurnool,0.8,6.15,24.1,401.8
2013-12-20,Tirupati,5.6,5.61,21.3,266.9
2013-12-22,Ongole,4.4,5.15,20.0,181.2
2013-12-22,Visakhapatnam,7.2,6.95,23.4,579.4
2013-12-23,Kurnool,1.0,6.62,24.9,438.8
2013-12-24,Kakinada,3.3,6.42,23.4,467.7
2013-12-26,Eluru,5.4,6.62,24.6,467.8
2013-12-26,Machilipatnam,3.4,5.79,22.4,371.5
2013-12-27,Kadapa,3.9,5.65,24.1,393.3
2013-12-28,Eluru,2.6,6.45,26.3,435.7
2013-12-28,Kurnool,7.2,5.8,22.6,368.5
2013-12-28,Machilipatnam,1.1,5.56,25.7,349.8
2013-12-28,Vijayawada,138.1,12.89,22.5,2284.2
2013-12-30,Ongole,5.3,6.61,24.4,522.8
2013-12-31,Srikakulam,2.7,6.1,24.1,423.1
2014-01-03,Kakinada,1.2,5.78,24.5,359.1
2014-01-03,Ongole,18.7,6.51,25.9,564.3
2014-01-03,Tirupati,3.8,6.14,24.1,436.7
2014-01-05,Vijayawada,3.1,5.62,21.7,313.1
2014-01-07,Eluru,1.1,6.19,24.1,347.2
2014-01-09,Guntur,2.5,6.65,24.4,435.5
2014-01-10,Vijayawada,2.4,6.0,25.4,353.1
2014-01-11,Visakhapatnam,0.3,6.6,24.5,450.4
2014-01-12,Kadapa,3.6,5.78,25.0,266.9
2014-01-13,Kadapa,6.8,6.19,26.1,443.4
2014-01-13,Rajahmundry,5.3,6.39,24.7,448.4
2014-01-14,Amalapuram,0.6,6.36,23.6,412.4
2014-01-14,Guntur,18.4,7.09,26.3,638.8
2014-01-15,Srikakulam,3.3,5.96,24.6,235.9
2014-01-16,Amalapuram,0.9,6.2,26.7,409.0
2014-01-16,Eluru,7.1,5.31,28.1,216.1
2014-01-16,Ongole,10.3,5.84,28.2,452.5
2014-01-17,Kakinada,11.1,6.07,25.0,568.6
2014-01-17,Vijayawada,2.0,6.13,26.0,299.3
2014-01-19,Guntur,2.8,7.05,23.3,481.8
2014-01-20,Rajahmundry,10.2,6.0,27.0,270.8
2014-01-21,Eluru,0.5,5.37,22.3,284.2
2014-01-21,Machilipatnam,15.7,7.18,24.0,592.7
2014-01-23,Guntur,3.1,5.74,25.8,287.5
2014-01-24,Visakhapatnam,3.5,6.64,24.0,529.3
2014-01-25,Kadapa,9.8,6.18,24.2,384.0
2014-01-26,Kadapa,12.5,6.67,24.2,631.8
2014-01-27,Guntur,5.0,6.57,24.0,465.1
2014-01-28,Vijayawada,9.5,6.22,23.5,526.4
2014-01-28,Vijayawada,16.4,6.78,25.4,633.4
2014-01-29,Nellore,7.2,6.84,25.7,532.2
2014-01-29,Srikakulam,2.3,6.21,24.1,435.8
2014-01-29,Vijayawada,9.8,6.5,22.0,559.7
2014-01-30,Vijayawada,9.0,6.76,26.1,576.4
2014-02-01,Amalapuram,1.9,5.84,24.3,335.7
2014-02-01,Nellore,0.9,6.2,24.3,397.2
2014-02-01,Vizianagaram,6.9,5.84,22.8,292.0
2014-02-07,Tirupati,3.5,5.89,26.5,306.2
2014-02-08,Guntur,7.6,6.18,26.1,425.5
2014-02-08,Ongole,12.1,7.25,25.0,592.4
2014-02-08,Ongole,1.3,6.02,23.6,319.0
2014-02-08,Visakhapatnam,25.3,7.34,26.2,741.8
2014-02-09,Guntur,5.0,7.08,23.7,599.6
2014-02-09,Kadapa,58.2,8.54,24.7,1115.9
2014-02-09,Srikakulam,13.4,5.89,27.5,401.7
2014-02-10,Rajahmundry,13.0,7.45,28.1,711.7
2014-02-10,Tirupati,0.2,5.48,24.4,206.5
2014-02-11,Vijayawada,17.1,6.35,26.5,493.1
2014-02-12,Guntur,6.1,5.57,26.1,359.5
2014-02-12,Guntur,4.2,6.76,26.3,490.8
2014-02-12,Nellore,5.8,6.19,26.4,455.9
2014-02-13,Kurnool,3.8,6.17,26.6,362.7
2014-02-13,Tirupati,1.3,5.87,23.9,368.2
2014-02-16,Eluru,10.4,6.34,22.6,424.8
2014-02-18,Kurnool,0.9,5.26,28.0,318.8
2014-02-18,Vizianagaram,13.9,5.87,29.2,467.5
2014-02-18,Vizianagaram,10.4,6.02,26.0,438.4
2014-02-19,Amalapuram,2.5,5.45,26.4,339.0
2014-02-19,Nellore,6.4,6.38,25.0,548.5
2014-02-19,Tirupati,8.7,6.4,26.5,424.3
2014-02-23,Machilipatnam,0.2,5.58,28.9,350.3
2014-02-23,Vizianagaram,3.2,6.23,27.7,423.7
2014-02-23,Vizianagaram,2.2,6.09,29.2,333.7
2014-02-25,Anantapur,1.9,5.47,28.9,231.7
2014-02-26,Vijayawada,17.6,7.37,26.4,745.0
2014-02-27,Kakinada,8.4,6.45,26.6,437.5
2014-02-28,Amalapuram,11.1,6.52,28.4,453.9
2014-03-01,Machilipatnam,0.4,6.13,25.2,387.2
2014-03-01,Machilipatnam,4.7,6.62,27.3,455.2
2014-03-02,Vijayawada,6.1,6.4,28.3,452.0
2014-03-02,Visakhapatnam,11.4,6.63,24.9,514.5
2014-03-03,Srikakulam,4.9,6.58,24.7,497.6
2014-03-03,Srikakulam,1.1,6.97,27.6,490.9
2014-03-08,Kakinada,1.0,6.43,27.9,464.1
2014-03-09,Vizianagaram,1.3,6.29,27.1,417.8
2014-03-10,Kurnool,72.4,9.81,26.4,1535.1
2014-03-11,Amalapuram,4.0,6.43,25.5,475.3
2014-03-12,Anantapur,51.6,7.96,28.8,982.6
2014-03-12,Kakinada,5.3,5.91,29.4,363.6
2014-03-12,Visakhapatnam,5.4,6.91,30.4,665.5
2014-03-12,Vizianagaram,10.6,6.06,27.5,529.4
2014-03-13,Eluru,0.4,5.7,28.4,310.9
2014-03-13,Vijayawada,7.6,5.88,25.8,412.0
2014-03-14,Anantapur,1.0,6.26,27.5,343.6
2014-03-15,Guntur,4.0,6.54,30.8,422.1
2014-03-15,Rajahmundry,13.4,6.42,26.6,515.9
2014-03-16,Eluru,3.3,7.16,28.5,597.8
2014-03-17,Guntur,7.4,6.53,28.6,539.6
2014-03-18,Amalapuram,6.4,5.9,28.4,389.7
2014-03-18,Ongole,2.0,6.17,27.0,339.1
2014-03-18,Ongole,5.0,6.52,28.7,500.0
2014-03-18,Visakhapatnam,4.7,6.21,25.7,398.8
2014-03-19,Machilipatnam,9.2,7.17,26.9,533.3
2014-03-20,Anantapur,10.8,6.98,29.9,594.9
2014-03-22,Ongole,6.9,6.09,28.9,401.9
2014-03-23,Vijayawada,5.8,6.47,27.5,489.6
2014-03-25,Anantapur,2.5,5.62,30.7,333.8
2014-03-26,Ongole,0.6,6.18,30.3,341.8
2014-03-28,Amalapuram,5.3,6.03,32.5,278.6
2014-03-28,Ongole,4.9,6.51,27.2,454.2
2014-03-28,Ongole,3.1,6.34,31.0,511.3
2014-03-28,Vijayawada,10.4,6.37,29.8,505.3
2014-03-29,Eluru,17.4,6.87,27.5,628.9
2014-03-29,Srikakulam,6.2,6.01,26.6,387.2
2014-03-30,Kadapa,1.5,6.51,30.3,497.7
2014-03-30,Tirupati,4.0,5.54,29.4,271.2
2014-03-31,Anantapur,4.7,7.12,29.6,584.7
2014-03-31,Vizianagaram,4.5,5.76,27.3,295.5
2014-04-03,Kurnool,6.7,6.85,31.7,638.7
2014-04-04,Vijayawada,7.1,7.25,29.6,489.8
2014-04-05,Kadapa,2.4,5.89,27.6,297.9
2014-04-05,Kadapa,2.2,6.49,31.7,464.2
2014-04-06,Kadapa,0.5,5.93,29.7,293.6
2014-04-07,Guntur,8.8,7.21,27.7,631.4
2014-04-08,Kadapa,0.8,6.21,29.8,345.7
2014-04-08,Visakhapatnam,156.0,13.62,27.9,2718.1
2014-04-09,Srikakulam,2.8,5.56,29.1,310.8
2014-04-09,Srikakulam,4.4,6.32,30.5,364.5
2014-04-11,Eluru,5.1,6.79,28.2,425.1
2014-04-12,Kurnool,4.0,6.02,29.3,400.0
2014-04-12,Tirupati,6.3,6.24,24.1,408.4
2014-04-12,Vijayawada,7.8,6.25,30.2,308.8
2014-04-14,Eluru,10.2,6.12,30.2,454.7
2014-04-14,Eluru,7.5,5.99,30.1,329.2
2014-04-14,Ongole,2.3,5.69,29.8,320.9
2014-04-16,Vijayawada,0.9,6.98,28.3,520.0
2014-04-18,Guntur,8.5,6.45,28.4,517.3
2014-04-20,Guntur,2.5,5.93,31.0,264.4
2014-04-21,Kakinada,10.0,6.85,31.0,625.6
2014-04-21,Nellore,1.0,6.56,31.8,489.3
2014-04-27,Kakinada,6.0,5.73,32.7,428.6
2014-04-29,Visakhapatnam,0.3,6.44,27.1,393.5
2014-05-02,Visakhapatnam,0.8,5.82,30.4,321.4
2014-05-03,Tirupati,3.0,6.59,31.0,492.2
2014-05-04,Kakinada,0.6,6.03,31.1,339.0
2014-05-04,Tirupati,17.5,6.29,26.6,500.9
2014-05-04,Vijayawada,7.0,6.34,30.0,585.5
2014-05-05,Tirupati,3.7,6.14,30.6,362.9
2014-05-07,Amalapuram,3.6,6.07,30.8,380.0
2014-05-07,Nellore,14.9,7.05,30.3,672.6
2014-05-07,Vizianagaram,13.1,6.65,30.7,479.2
2014-05-08,Kadapa,127.3,11.3,30.5,2070.9
2014-05-08,Rajahmundry,107.9,10.79,29.7,1944.1
2014-05-12,Anantapur,6.6,6.16,29.3,485.3
2014-05-13,Kakinada,2.3,5.49,32.9,357.8
2014-05-13,Tirupati,3.8,6.57,33.2,494.4
2014-05-14,Kadapa,5.5,6.16,33.2,417.1
2014-05-14,Vijayawada,10.5,5.98,29.6,530.8
2014-05-14,Vizianagaram,19.2,6.69,28.8,717.6
2014-05-15,Amalapuram,3.7,6.36,28.9,419.1
2014-05-15,Vizianagaram,1.5,5.63,30.1,262.1
2014-05-16,Ongole,16.7,6.07,32.0,487.0
2014-05-17,Anantapur,0.9,6.41,29.6,496.2
2014-05-17,Tirupati,14.5,6.6,30.8,607.8
2014-05-18,Tirupati,1.4,6.22,28.7,384.2
2014-05-19,Machilipatnam,16.7,7.14,30.1,621.8
2014-05-20,Kakinada,112.1,10.63,30.0,1867.8
2014-05-22,Kakinada,1.1,5.82,33.0,302.1
2014-05-24,Rajahmundry,1.1,6.43,32.8,325.2
2014-05-25,Kakinada,163.0,12.81,30.8,2679.7
2014-05-25,Kurnool,3.1,5.87,31.9,332.5
2014-05-26,Kurnool,14.8,7.1,31.6,642.4
2014-05-26,Vijayawada,13.6,6.89,30.5,661.8
2014-05-28,Vijayawada,8.3,6.16,29.0,425.1
2014-05-28,Visakhapatnam,2.0,5.56,29.8,274.0
2014-05-29,Srikakulam,6.8,6.21,32.5,476.7
2014-05-29,Vizianagaram,5.6,7.39,31.0,602.5
2014-05-30,Anantapur,8.2,6.56,29.5,443.7
2014-05-30,Machilipatnam,167.0,13.55,27.5,2689.9
2014-05-31,Kakinada,6.7,6.74,30.9,572.4
2014-05-31,Vizianagaram,4.2,6.79,29.9,628.3
2014-06-02,Kakinada,19.6,7.41,31.7,628.6
2014-06-02,Visakhapatnam,44.1,7.79,31.9,906.7
2014-06-02,Vizianagaram,9.3,6.27,32.7,435.5
2014-06-03,Amalapuram,7.7,6.45,32.4,501.3
2014-06-03,Machilipatnam,13.0,6.6,29.9,439.5
2014-06-04,Anantapur,40.7,8.35,31.6,896.4
2014-06-04,Guntur,137.6,11.22,29.7,2179.3
2014-06-05,Kadapa,37.8,7.83,35.4,912.0
2014-06-06,Tirupati,2.0,6.94,31.3,573.3
2014-06-06,Vijayawada,9.0,5.68,30.5,566.6
2014-06-08,Vijayawada,54.2,8.25,30.7,1210.8
2014-06-09,Vizianagaram,42.8,7.88,29.8,952.0
2014-06-11,Kakinada,12.9,6.5,29.5,454.7
2014-06-12,Vijayawada,5.3,6.46,31.5,458.5
2014-06-13,Guntur,32.5,7.1,29.9,779.1
2014-06-13,Nellore,2.6,6.27,33.0,381.4
2014-06-14,Machilipatnam,57.4,8.68,32.4,1247.7
2014-06-15,Kakinada,35.7,6.98,33.4,820.2
2014-06-15,Machilipatnam,6.9,5.66,31.6,450.9
2014-06-15,Rajahmundry,7.9,6.19,32.4,464.9
2014-06-16,Guntur,18.7,6.66,32.4,622.8
2014-06-18,Srikakulam,30.9,7.15,34.2,817.5
2014-06-18,Vijayawada,29.7,6.77,31.6,656.0
2014-06-19,Machilipatnam,19.6,7.13,32.7,723.6
2014-06-23,Kadapa,174.4,14.08,30.0,2743.2
2014-06-25,Kakinada,8.0,6.64,33.3,479.9
2014-06-27,Guntur,17.8,6.96,34.4,623.4
2014-06-27,Vizianagaram,12.3,5.66,32.0,417.1
2014-06-28,Nellore,3.2,5.85,33.4,478.3
2014-06-30,Kakinada,28.8,7.08,30.9,785.8
2014-07-01,Rajahmundry,35.6,7.74,28.9,1020.0
2014-07-02,Kakinada,6.8,6.64,32.9,500.4
2014-07-03,Machilipatnam,20.3,6.02,32.9,483.8
2014-07-03,Vijayawada,7.4,6.1,31.0,405.3
2014-07-03,Vizianagaram,16.6,6.72,32.2,581.1
2014-07-05,Vijayawada,32.6,7.38,32.8,812.9
2014-07-07,Srikakulam,12.5,7.01,31.1,584.9
2014-07-08,Nellore,29.1,7.17,32.2,754.2
2014-07-09,Visakhapatnam,16.8,6.92,31.5,704.7
2014-07-10,Eluru,9.3,6.84,32.4,426.0
2014-07-10,Visakhapatnam,12.2,7.1,35.2,517.7
2014-07-10,Vizianagaram,0.9,5.72,30.7,282.0
2014-07-13,Ongole,5.3,7.2,30.3,611.4
2014-07-13,Tirupati,58.6,9.04,32.9,1297.6
2014-07-13,Visakhapatnam,3.1,5.6,31.4,311.0
2014-07-14,Ongole,48.8,7.5,32.7,952.7
2014-07-14,Rajahmundry,134.6,11.13,31.3,2093.7
2014-07-14,Tirupati,13.5,6.92,30.2,516.1
2014-07-14,Visakhapatnam,6.0,7.32,30.9,623.3
2014-07-17,Eluru,14.8,6.62,29.7,530.3
2014-07-18,Kadapa,22.9,6.73,29.8,623.6
2014-07-20,Amalapuram,10.0,6.44,30.8,330.3
2014-07-20,Nellore,16.1,7.36,31.8,722.4
2014-07-20,Srikakulam,1.1,7.89,32.2,648.9
2014-07-20,Vijayawada,17.0,7.1,33.9,591.4
2014-07-21,Rajahmundry,15.7,6.85,34.5,504.2
2014-07-24,Guntur,81.7,10.26,31.6,1560.9
2014-07-24,Machilipatnam,1.1,5.89,31.1,369.9
2014-07-25,Kurnool,6.6,6.47,31.3,427.4
2014-07-27,Anantapur,89.2,10.3,30.0,1520.8
2014-07-28,Amalapuram,7.4,5.13,32.4,248.4
2014-07-28,Eluru,17.9,8.28,28.2,825.6
2014-07-28,Nellore,2.5,5.62,29.7,281.8
2014-07-29,Nellore,19.4,7.37,32.8,697.3
2014-07-29,Srikakulam,20.4,6.87,29.6,651.8
2014-07-30,Amalapuram,26.8,7.15,31.5,610.7
2014-07-31,Srikakulam,11.2,6.09,28.1,499.4
2014-08-02,Eluru,11.9,5.92,28.9,324.2
2014-08-03,Kadapa,19.5,6.35,29.7,492.9
2014-08-04,Guntur,72.1,9.15,30.2,1341.0
2014-08-05,Kakinada,11.2,6.34,32.9,416.8
2014-08-05,Visakhapatnam,9.9,5.92,31.7,389.3
2014-08-06,Anantapur,10.2,5.95,29.9,375.2
2014-08-08,Srikakulam,9.2,6.54,31.3,446.7
2014-08-08,Vijayawada,54.5,7.91,31.2,978.0
2014-08-09,Srikakulam,3.1,6.48,31.7,385.4
2014-08-13,Ongole,10.8,7.01,28.9,621.6
2014-08-14,Kakinada,49.5,8.72,28.2,1138.5
2014-08-16,Kadapa,25.1,7.65,28.5,790.0
2014-08-16,Nellore,2.7,6.93,30.8,488.8
2014-08-17,Guntur,12.2,6.84,29.6,515.8
2014-08-17,Rajahmundry,14.5,7.47,31.8,687.2
2014-08-18,Eluru,9.1,6.46,27.7,578.7
2014-08-18,Kurnool,23.5,6.79,30.0,587.1
2014-08-18,Nellore,1.5,5.36,32.1,252.9
2014-08-19,Srikakulam,6.5,6.55,29.3,477.1
2014-08-19,Visakhapatnam,6.5,5.94,31.6,419.1
2014-08-20,Guntur,4.5,6.02,28.9,345.6
2014-08-20,Vizianagaram,1.3,6.03,33.5,452.5
2014-08-24,Anantapur,12.5,6.13,31.7,465.6
2014-08-25,Guntur,1.5,6.19,29.4,439.6
2014-08-29,Anantapur,19.6,7.3,29.1,625.5
2014-08-29,Ongole,28.0,7.26,27.8,798.4
2014-08-30,Amalapuram,6.6,6.48,27.9,532.3
2014-08-30,Rajahmundry,45.2,7.95,26.3,1138.8
2014-08-30,Visakhapatnam,32.2,7.55,28.8,854.7
2014-08-30,Vizianagaram,183.2,13.75,26.5,3022.9
2014-08-31,Guntur,48.8,7.72,28.9,953.4
2014-08-31,Vijayawada,31.6,7.76,31.3,872.2
2014-09-02,Eluru,13.8,6.64,27.2,474.0
2014-09-02,Ongole,34.2,7.36,29.4,751.6
2014-09-04,Srikakulam,44.1,7.98,29.8,1068.3
2014-09-05,Vizianagaram,15.0,7.04,29.0,614.3
2014-09-06,Visakhapatnam,20.7,6.65,26.7,659.1
2014-09-06,Vizianagaram,13.2,6.61,30.0,512.3
2014-09-08,Srikakulam,18.2,6.61,26.9,510.6
2014-09-09,Rajahmundry,2.3,6.09,25.5,283.7
2014-09-11,Rajahmundry,20.0,6.91,27.9,672.3
2014-09-13,Kakinada,22.2,6.71,29.7,694.5
2014-09-13,Vijayawada,4.3,6.41,31.4,460.1
2014-09-17,Srikakulam,28.2,7.19,29.3,836.4
2014-09-18,Anantapur,0.8,5.98,28.4,401.5
2014-09-18,Rajahmundry,78.6,9.94,24.6,1558.1
2014-09-19,Nellore,6.6,7.05,31.4,509.7
2014-09-19,Vizianagaram,20.8,6.26,29.5,619.8
2014-09-20,Srikakulam,26.7,7.39,26.8,780.6
2014-09-21,Anantapur,10.2,6.13,28.0,518.7
2014-09-23,Machilipatnam,18.4,6.92,28.2,597.3
2014-09-24,Machilipatnam,1.8,5.73,29.6,255.6
2014-09-25,Machilipatnam,95.2,9.69,26.2,1686.9
2014-09-25,Tirupati,23.2,6.99,26.8,683.9
2014-09-26,Kurnool,7.5,6.06,27.7,353.1
2014-09-27,Vizianagaram,27.6,6.88,30.1,544.4
2014-09-28,Rajahmundry,20.8,6.86,27.2,596.7
2014-09-29,Guntur,34.1,7.4,27.5,859.3
2014-09-29,Kadapa,37.4,7.01,29.1,798.0
2014-10-01,Anantapur,58.7,8.25,25.6,1085.1
2014-10-02,Amalapuram,5.8,5.7,25.9,453.5
2014-10-03,Amalapuram,7.1,6.13,23.9,229.3
2014-10-07,Machilipatnam,3.1,7.1,25.7,512.5
2014-10-07,Tirupati,7.0,6.34,26.0,428.7
2014-10-08,Kadapa,14.3,5.97,26.9,459.0
2014-10-08,Visakhapatnam,6.4,5.8,27.0,381.3
2014-10-09,Guntur,35.2,7.73,27.6,824.6
2014-10-09,Srikakulam,2.4,5.94,27.8,351.8
2014-10-09,Tirupati,5.5,6.17,27.3,384.0
2014-10-12,Machilipatnam,0.3,5.81,24.2,294.5
2014-10-12,Visakhapatnam,14.3,6.9,26.4,626.8
2014-10-14,Tirupati,3.4,5.17,28.2,288.8
2014-10-15,Amalapuram,2.3,5.61,27.4,381.8
2014-10-15,Anantapur,18.8,6.34,22.4,533.3
2014-10-16,Nellore,1.8,6.38,22.9,591.3
2014-10-16,Srikakulam,13.5,6.37,25.2,489.1
2014-10-17,Kurnool,16.6,7.29,27.6,636.0
2014-10-17,Nellore,1.7,6.35,26.9,320.0
2014-10-19,Eluru,2.8,6.43,26.0,393.4
2014-10-19,Kurnool,2.0,5.75,25.4,409.0
2014-10-19,Rajahmundry,2.6,6.2,27.6,354.3
2014-10-20,Visakhapatnam,9.0,6.65,27.1,480.0
2014-10-20,Visakhapatnam,8.0,6.01,24.9,410.3
2014-10-21,Vizianagaram,1.4,5.9,26.6,297.5
2014-10-23,Rajahmundry,11.8,6.47,24.3,595.8
2014-10-24,Tirupati,3.6,6.12,24.2,312.1
2014-10-25,Anantapur,3.7,6.62,25.1,529.2
2014-10-25,Rajahmundry,7.3,6.83,23.8,532.4
2014-10-28,Vizianagaram,12.0,7.13,25.3,619.2
2014-10-29,Kakinada,8.6,6.35,23.5,378.5
2014-10-29,Ongole,0.8,6.29,25.7,319.9
2014-10-29,Vizianagaram,5.9,6.43,26.4,458.2
2014-10-30,Eluru,2.5,6.02,26.2,403.6
2014-10-31,Anantapur,3.3,6.3,25.1,409.7
2014-10-31,Kurnool,15.8,7.12,25.1,581.4
2014-11-01,Eluru,2.8,5.12,23.8,79.4
2014-11-01,Guntur,5.6,5.81,25.3,363.9
2014-11-02,Amalapuram,4.7,5.86,25.5,318.0
2014-11-02,Machilipatnam,4.0,6.3,24.2,434.5
2014-11-02,Ongole,1.5,6.48,26.8,451.0
2014-11-02,Tirupati,5.6,6.45,25.6,416.3
2014-11-04,Kadapa,10.8,5.59,26.2,451.9
2014-11-04,Kurnool,7.5,6.53,28.0,494.3
2014-11-04,Ongole,8.5,6.51,24.1,408.7
2014-11-04,Ongole,7.2,5.96,25.3,331.6
2014-11-06,Kakinada,7.8,6.46,26.7,464.5
2014-11-06,Srikakulam,128.6,11.48,22.3,2201.0
2014-11-07,Nellore,4.5,6.11,23.4,401.1
2014-11-08,Kurnool,1.9,5.65,27.7,348.8
2014-11-09,Vizianagaram,3.6,5.33,24.6,212.8
2014-11-10,Amalapuram,7.3,6.39,24.4,435.8
2014-11-10,Tirupati,5.7,5.9,25.7,352.6
2014-11-11,Vijayawada,8.4,5.88,22.7,298.6
2014-11-12,Kadapa,2.6,5.37,22.8,204.2
2014-11-13,Vijayawada,7.1,5.68,23.5,359.2
2014-11-15,Kakinada,2.0,7.14,25.7,455.7
2014-11-15,Srikakulam,1.2,6.24,25.6,436.6
2014-11-16,Amalapuram,16.4,7.01,22.4,606.1
2014-11-18,Guntur,1.5,6.28,24.5,452.3
2014-11-19,Amalapuram,1.9,6.11,22.3,318.7
2014-11-20,Anantapur,6.0,5.81,24.3,381.9
2014-11-21,Vijayawada,4.3,6.32,24.0,413.2
2014-11-22,Kakinada,2.9,6.39,20.7,397.2
2014-11-23,Amalapuram,3.8,6.11,26.1,361.9
2014-11-23,Nellore,2.4,6.51,23.8,427.7
2014-11-23,Visakhapatnam,32.6,7.55,22.8,791.0
2014-11-24,Rajahmundry,1.6,6.37,23.4,439.0
2014-11-24,Srikakulam,1.7,6.29,24.6,517.0
2014-11-27,Nellore,12.4,5.5,21.2,433.6
2014-11-28,Anantapur,14.2,6.57,22.9,612.7
2014-11-29,Ongole,3.2,5.88,23.5,395.1
2014-11-29,Vijayawada,1.8,6.94,23.0,573.3
2014-12-02,Ongole,4.7,5.76,24.2,351.3
2014-12-03,Amalapuram,12.9,6.8,21.2,549.3
2014-12-03,Eluru,5.4,6.3,24.5,404.7
2014-12-03,Kadapa,13.3,6.92,23.4,637.4
2014-12-06,Guntur,3.8,5.78,24.5,353.0
2014-12-06,Tirupati,0.6,6.29,23.5,384.5
2014-12-07,Kurnool,6.6,5.59,22.2,340.1
2014-12-10,Kakinada,7.9,6.5,25.0,542.9
2014-12-14,Guntur,2.5,5.77,22.4,396.6
2014-12-15,Amalapuram,6.4,6.48,22.9,378.4
2014-12-15,Rajahmundry,10.1,6.9,23.3,510.4
2014-12-15,Vijayawada,13.4,7.24,22.2,604.4
2014-12-18,Anantapur,26.4,6.86,25.5,633.0
2014-12-18,Anantapur,5.1,6.13,23.8,394.9
2014-12-18,Guntur,2.6,5.22,24.1,273.4
2014-12-20,Nellore,11.3,6.39,22.1,438.7
2014-12-22,Rajahmundry,0.8,5.72,23.4,303.7
2014-12-23,Nellore,6.9,6.87,25.5,465.9
2014-12-24,Anantapur,9.4,7.48,24.6,664.2
2014-12-25,Guntur,0.6,5.7,23.8,371.7
2014-12-26,Tirupati,8.3,6.04,24.8,349.7
2014-12-27,Visakhapatnam,23.2,6.72,26.9,612.5
2014-12-28,Eluru,1.4,6.43,25.0,461.2
2014-12-28,Kurnool,15.3,6.93,26.2,581.9
2014-12-29,Vijayawada,8.5,6.07,23.6,398.4
2014-12-30,Vizianagaram,5.8,6.54,22.8,407.2
2015-01-03,Kadapa,0.9,6.52,25.3,488.9
2015-01-04,Kurnool,2.0,6.31,23.5,458.3
2015-01-06,Anantapur,3.1,6.3,24.6,428.2
2015-01-07,Nellore,2.7,6.64,26.8,525.4
2015-01-08,Eluru,3.1,5.93,23.0,399.2
2015-01-09,Vijayawada,21.8,6.86,24.0,647.6
2015-01-11,Amalapuram,4.4,5.87,25.2,372.3
2015-01-11,Anantapur,0.4,6.37,23.7,277.5
2015-01-12,Kakinada,11.1,6.82,24.6,482.3
2015-01-13,Eluru,11.4,5.94,22.1,437.9
2015-01-14,Tirupati,6.4,6.63,22.8,447.8
2015-01-16,Vijayawada,1.3,6.08,23.7,362.7
2015-01-17,Rajahmundry,2.9,5.54,25.6,260.8
2015-01-17,Visakhapatnam,3.6,6.24,25.1,421.1
2015-01-18,Kakinada,6.9,6.61,26.2,521.0
2015-01-18,Kakinada,12.0,7.21,23.2,678.1
2015-01-18,Visakhapatnam,8.7,6.8,25.4,514.8
2015-01-21,Nellore,2.5,7.05,24.5,513.1
2015-01-21,Srikakulam,6.1,6.42,26.2,487.6
2015-01-21,Tirupati,4.8,6.71,23.5,456.9
2015-01-21,Vijayawada,3.4,6.99,24.1,504.9
2015-01-21,Visakhapatnam,3.6,6.0,25.8,465.8
2015-01-21,Vizianagaram,4.4,6.2,23.0,313.1
2015-01-22,Rajahmundry,5.3,5.98,27.8,427.4
2015-01-23,Kadapa,1.3,6.34,23.5,430.7
2015-01-24,Vijayawada,1.1,5.94,22.9,362.2
2015-01-26,Kakinada,3.8,6.05,25.7,448.6
2015-01-26,Rajahmundry,8.2,6.91,25.1,509.6
2015-01-26,Vizianagaram,2.5,6.24,26.2,448.9
2015-01-29,Kadapa,7.6,6.13,24.0,442.2
2015-01-29,Rajahmundry,7.4,6.44,27.4,550.4
2015-01-31,Ongole,4.5,6.31,25.4,548.6
2015-02-01,Guntur,0.4,4.69,25.8,138.7
2015-02-02,Guntur,2.4,6.26,26.3,388.8
2015-02-03,Anantapur,4.1,6.46,24.9,449.8
2015-02-03,Guntur,18.4,7.16,26.8,622.8
2015-02-03,Kadapa,9.0,6.96,25.1,485.1
2015-02-05,Anantapur,4.9,7.05,23.6,564.0
2015-02-05,Kakinada,5.6,6.41,26.4,574.9
2015-02-09,Kurnool,6.4,6.07,26.1,390.5
2015-02-09,Rajahmundry,3.7,5.97,24.7,432.5
2015-02-10,Machilipatnam,14.1,6.04,27.1,491.0
2015-02-11,Nellore,14.5,6.14,25.0,404.4
2015-02-11,Vizianagaram,6.3,6.14,25.9,433.7
2015-02-12,Guntur,13.4,6.3,27.1,541.7
2015-02-12,Rajahmundry,5.4,6.61,26.4,428.6
2015-02-13,Anantapur,6.8,6.81,26.0,473.2
2015-02-13,Tirupati,2.1,6.5,25.1,470.0
2015-02-14,Amalapuram,2.8,5.79,26.4,282.9
2015-02-14,Kakinada,4.6,6.25,23.8,419.8
2015-02-14,Srikakulam,9.4,7.22,22.6,698.2
2015-02-14,Visakhapatnam,7.4,6.11,24.7,406.7
2015-02-17,Kakinada,14.7,6.13,24.7,518.9
2015-02-17,Tirupati,2.0,6.26,25.9,408.5
2015-02-18,Ongole,4.4,6.84,26.8,455.2
2015-02-22,Vizianagaram,1.1,5.84,25.2,416.9
2015-02-23,Guntur,3.1,6.68,23.4,474.9
2015-02-23,Machilipatnam,7.7,5.9,24.9,376.2
2015-02-24,Ongole,8.4,5.72,25.8,316.9
2015-02-26,Kakinada,6.0,6.33,24.1,453.1
2015-02-27,Anantapur,144.5,12.14,26.5,2341.2
2015-02-28,Amalapuram,7.9,6.22,25.0,403.8
2015-02-28,Srikakulam,12.1,6.0,27.0,404.4
2015-02-28,Vijayawada,2.3,6.08,26.5,347.6
2015-03-02,Machilipatnam,1.4,5.81,26.6,266.9
2015-03-02,Nellore,2.5,5.93,25.3,431.7
2015-03-03,Srikakulam,0.4,6.26,28.0,509.7
2015-03-03,Vizianagaram,2.5,5.69,26.6,336.2
2015-03-04,Machilipatnam,6.1,6.44,29.1,456.8
2015-03-04,Tirupati,2.1,5.18,26.1,245.7
2015-03-05,Anantapur,6.6,6.0,25.8,407.1
2015-03-05,Tirupati,2.6,6.0,24.2,319.8
2015-03-06,Vijayawada,8.3,6.52,26.8,612.2
2015-03-08,Kurnool,0.1,6.04,25.7,363.3
2015-03-08,Visakhapatnam,0.8,6.63,27.2,409.7
2015-03-09,Kakinada,8.9,6.13,27.8,445.8
2015-03-09,Kurnool,2.3,5.55,26.7,306.4
2015-03-09,Rajahmundry,2.9,6.29,28.7,492.4
2015-03-10,Tirupati,7.4,7.28,26.1,668.7
2015-03-12,Srikakulam,147.9,12.66,27.5,2468.0
2015-03-13,Nellore,20.1,6.1,25.2,514.2
2015-03-15,Ongole,17.2,6.6,29.2,670.8
2015-03-16,Eluru,4.4,4.67,28.4,217.1
2015-03-16,Visakhapatnam,4.7,6.27,27.7,419.8
2015-03-18,Srikakulam,1.1,5.89,27.5,340.1
2015-03-18,Vizianagaram,9.9,6.48,28.0,461.7
2015-03-19,Vizianagaram,4.4,5.62,25.2,298.0
2015-03-19,Vizianagaram,5.5,5.6,26.9,314.9
2015-03-20,Eluru,2.4,6.3,27.7,480.1
2015-03-23,Visakhapatnam,9.4,6.2,28.3,392.4
2015-03-27,Guntur,1.6,6.14,28.8,332.5
2015-03-27,Kakinada,4.7,6.09,29.3,475.7
2015-03-27,Kurnool,4.5,5.19,28.8,196.9
2015-03-29,Kadapa,2.4,6.21,28.8,386.4
2015-03-30,Rajahmundry,173.6,13.86,28.5,2804.4
2015-03-30,Vizianagaram,6.2,6.37,26.4,415.3
2015-04-04,Anantapur,4.0,6.79,26.7,504.2
2015-04-06,Guntur,1.1,5.63,25.9,338.2
2015-04-06,Rajahmundry,0.7,6.09,29.3,389.6
2015-04-08,Rajahmundry,0.1,7.02,30.0,571.1
2015-04-09,Amalapuram,3.1,6.03,31.5,372.2
2015-04-11,Anantapur,0.4,6.58,27.9,439.2
2015-04-11,Kakinada,2.0,5.57,30.5,292.3
2015-04-11,Machilipatnam,144.6,12.91,28.3,2434.9
2015-04-11,Vizianagaram,12.2,6.49,32.0,395.8
2015-04-12,Anantapur,1.7,5.67,29.5,245.2
2015-04-13,Kadapa,127.5,12.22,30.5,2137.7
2015-04-13,Machilipatnam,10.7,5.77,32.3,257.8
2015-04-14,Kurnool,5.1,5.46,29.0,366.1
2015-04-14,Kurnool,1.9,5.64,29.4,284.6
2015-04-15,Anantapur,10.2,6.64,31.5,598.7
2015-04-16,Machilipatnam,0.4,5.76,28.7,288.2
2015-04-17,Guntur,8.6,6.61,26.7,519.5
2015-04-18,Nellore,2.0,6.2,29.1,343.4
2015-04-19,Visakhapatnam,1.2,6.22,30.6,471.1
2015-04-20,Kadapa,7.3,6.35,30.9,493.1
2015-04-20,Kakinada,11.2,5.92,28.7,363.8
2015-04-20,Nellore,9.6,6.29,28.4,497.6
2015-04-21,Kadapa,3.6,6.29,28.8,400.4
2015-04-23,Anantapur,103.2,10.45,30.1,1692.0
2015-04-23,Kurnool,20.8,6.39,27.8,584.9
2015-04-23,Kurnool,1.1,5.65,29.5,380.8
2015-04-26,Anantapur,1.4,6.94,33.3,493.2
2015-04-28,Visakhapatnam,7.4,6.44,31.5,440.5
2015-05-02,Visakhapatnam,7.2,6.63,29.3,570.2
2015-05-03,Amalapuram,3.1,6.97,29.6,461.0
2015-05-04,Guntur,5.2,6.4,31.6,540.7
2015-05-05,Kurnool,1.8,6.27,32.8,414.3
2015-05-07,Rajahmundry,5.2,6.38,29.4,462.0
2015-05-08,Kadapa,4.0,6.12,30.3,435.1
2015-05-09,Eluru,4.5,5.99,31.4,424.3
2015-05-11,Kakinada,0.9,5.9,31.4,321.2
2015-05-11,Srikakulam,0.9,6.51,33.6,489.6
2015-05-11,Tirupati,1.1,5.3,31.2,329.1
2015-05-12,Guntur,4.5,5.93,31.4,340.2
2015-05-14,Srikakulam,6.5,5.98,30.8,419.8
2015-05-14,Vizianagaram,4.4,5.95,31.1,328.5
2015-05-15,Kurnool,12.6,6.49,33.4,517.1
2015-05-16,Guntur,3.6,6.81,32.5,501.9
2015-05-16,Kurnool,3.0,6.01,31.2,255.7
2015-05-17,Kurnool,3.4,6.01,33.4,327.4
2015-05-17,Ongole,1.2,6.15,31.0,296.1
2015-05-20,Nellore,0.8,6.34,31.5,387.2
2015-05-21,Tirupati,23.5,6.12,31.9,616.7
2015-05-23,Guntur,108.4,10.67,30.4,1868.3
2015-05-24,Kakinada,8.3,6.74,31.3,535.0
2015-05-25,Kurnool,4.2,5.49,32.7,263.0
2015-05-26,Anantapur,178.6,13.87,31.6,2915.8
2015-05-26,Anantapur,5.2,6.03,34.1,426.4
2015-05-26,Srikakulam,13.4,6.47,31.2,462.2
2015-05-27,Kurnool,2.1,6.22,29.7,442.7
2015-06-05,Kakinada,133.1,11.77,31.9,2225.7
2015-06-06,Eluru,34.9,8.49,30.0,910.9
2015-06-10,Rajahmundry,6.4,7.28,33.3,604.9
2015-06-11,Anantapur,1.4,6.01,30.2,514.4
2015-06-11,Visakhapatnam,15.3,6.87,32.4,589.1
2015-06-15,Kadapa,3.4,6.08,31.0,347.8
2015-06-17,Kakinada,12.5,6.77,31.3,628.5
2015-06-17,Rajahmundry,13.4,6.52,32.4,558.9
2015-06-18,Kadapa,21.2,6.23,34.0,508.4
2015-06-19,Kadapa,20.7,6.74,32.3,599.0
2015-06-20,Kurnool,33.4,7.8,35.9,820.0
2015-06-21,Amalapuram,5.4,6.48,31.4,358.7
2015-06-22,Kakinada,13.5,5.82,33.3,400.7
2015-06-24,Rajahmundry,16.3,7.1,30.5,655.0
2015-06-24,Vizianagaram,4.1,5.79,30.1,273.1
2015-06-25,Anantapur,4.3,5.56,32.6,349.6
2015-06-26,Anantapur,12.9,6.62,31.3,510.8
2015-06-26,Nellore,7.1,5.96,32.3,265.8
2015-06-26,Srikakulam,8.4,5.83,33.3,401.4
2015-06-28,Anantapur,23.8,6.86,30.5,641.0
2015-06-28,Nellore,40.9,7.87,31.1,932.6
2015-06-28,Rajahmundry,17.2,6.26,31.4,539.5
2015-06-29,Rajahmundry,24.1,7.69,32.5,757.4
2015-06-30,Machilipatnam,4.3,6.22,31.4,493.8
2015-07-02,Kadapa,14.3,6.8,32.4,619.6
2015-07-03,Anantapur,5.6,6.36,31.7,386.6
2015-07-03,Guntur,2.2,6.24,29.9,373.9
2015-07-03,Kadapa,32.6,7.87,31.7,919.5
2015-07-03,Nellore,11.1,5.41,31.4,313.8
2015-07-05,Anantapur,12.6,6.09,31.2,487.1
2015-07-07,Vizianagaram,43.5,7.95,32.6,930.5
2015-07-08,Rajahmundry,11.0,7.08,31.7,602.0
2015-07-10,Rajahmundry,41.8,8.46,31.3,1018.3
2015-07-12,Ongole,157.2,13.7,32.1,2626.1
2015-07-14,Nellore,6.3,5.63,29.8,324.1
2015-07-14,Visakhapatnam,19.3,6.72,30.6,560.1
2015-07-15,Anantapur,13.7,6.4,33.2,490.7
2015-07-16,Eluru,50.8,7.69,31.6,1040.2
2015-07-16,Kakinada,7.7,6.42,33.0,474.7
2015-07-17,Amalapuram,13.7,7.07,31.6,626.4
2015-07-18,Kurnool,17.2,7.17,34.7,609.7
2015-07-18,Visakhapatnam,6.1,6.47,36.7,528.9
2015-07-21,Ongole,7.4,7.03,31.4,637.1
2015-07-22,Guntur,8.9,6.23,34.6,446.0
2015-07-23,Anantapur,13.7,6.97,31.2,517.1
2015-07-24,Tirupati,5.6,6.37,32.6,479.2
2015-07-25,Vijayawada,16.4,7.31,31.2,641.9
2015-07-25,Vijayawada,7.5,5.65,30.0,348.3
2015-07-27,Kurnool,50.9,8.31,29.6,1054.6
2015-07-28,Amalapuram,52.6,8.55,28.8,1108.3
2015-07-28,Machilipatnam,33.6,7.21,28.9,802.8
2015-07-29,Guntur,2.2,5.98,28.5,379.6
2015-07-30,Visakhapatnam,41.8,7.29,30.7,916.1
2015-07-31,Machilipatnam,9.0,6.17,30.5,426.6
2015-07-31,Vizianagaram,34.1,6.91,29.6,746.9
2015-08-01,Anantapur,9.7,5.89,28.5,418.7
2015-08-01,Nellore,6.8,6.67,32.1,508.7
2015-08-02,Kurnool,31.9,6.82,29.3,673.2
2015-08-03,Kadapa,14.8,6.43,30.9,533.9
2015-08-03,Kurnool,8.8,6.57,29.1,442.9
2015-08-04,Kakinada,42.0,8.97,30.1,1054.7
2015-08-11,Kadapa,2.5,6.14,27.8,427.7
2015-08-15,Amalapuram,16.7,6.77,28.8,638.0
2015-08-15,Tirupati,5.9,6.05,26.8,390.3
2015-08-16,Anantapur,0.3,4.99,29.1,241.2
2015-08-16,Eluru,26.0,6.61,31.7,614.8
2015-08-16,Machilipatnam,10.9,5.77,29.8,388.0
2015-08-17,Amalapuram,8.4,5.85,29.3,412.7
2015-08-19,Eluru,19.2,6.62,30.6,717.0
2015-08-19,Kadapa,109.2,10.58,29.7,1856.6
2015-08-20,Nellore,8.2,6.03,32.2,430.1
2015-08-21,Rajahmundry,3.0,6.71,29.5,563.2
2015-08-24,Visakhapatnam,3.7,5.82,27.3,260.4
2015-08-25,Nellore,15.1,5.86,30.6,408.6
2015-08-26,Tirupati,7.9,7.54,27.3,672.7
2015-08-27,Eluru,14.9,6.55,29.6,474.5
2015-08-30,Ongole,25.4,7.66,29.1,821.0
2015-08-31,Vizianagaram,3.8,6.48,27.8,551.1
2015-09-02,Kadapa,21.4,6.86,28.0,574.9
2015-09-04,Anantapur,21.2,6.62,30.5,663.3
2015-09-04,Kurnool,11.9,6.88,31.1,649.5
2015-09-04,Kurnool,4.0,5.9,31.1,375.9
2015-09-04,Machilipatnam,32.9,6.65,27.3,744.3
2015-09-06,Kakinada,15.2,5.59,30.6,415.8
2015-09-06,Visakhapatnam,28.9,7.43,29.9,791.6
2015-09-07,Machilipatnam,22.3,6.87,29.0,575.2
2015-09-10,Visakhapatnam,58.9,9.2,27.2,1356.8
2015-09-13,Vijayawada,10.1,6.44,28.8,501.5
2015-09-14,Eluru,138.7,11.73,26.7,2223.4
2015-09-14,Eluru,17.5,6.19,30.5,529.6
2015-09-16,Srikakulam,47.8,7.31,25.4,976.0
2015-09-17,Kurnool,13.7,6.23,28.2,498.4
2015-09-17,Kurnool,0.9,5.5,25.9,283.8
2015-09-17,Nellore,6.2,6.43,31.4,501.3
2015-09-17,Vizianagaram,42.8,8.0,26.8,1000.1
2015-09-18,Guntur,25.0,6.84,27.6,637.8
2015-09-19,Amalapuram,15.9,7.1,24.6,699.8
2015-09-19,Ongole,59.4,8.88,25.0,1241.6
2015-09-20,Machilipatnam,12.3,6.27,27.7,493.4
2015-09-24,Nellore,10.8,6.71,26.2,532.1
2015-09-25,Eluru,30.4,7.53,28.7,843.8
2015-09-25,Srikakulam,10.6,6.22,29.9,496.3
2015-09-25,Vijayawada,4.6,6.15,26.7,462.2
2015-09-25,Vizianagaram,41.9,7.67,28.9,911.5
2015-09-26,Eluru,22.4,6.53,28.2,576.3
2015-09-28,Amalapuram,2.9,6.06,28.1,432.8
2015-09-28,Anantapur,4.8,6.17,28.8,392.6
2015-09-30,Kadapa,15.4,7.01,24.4,669.5
2015-09-30,Machilipatnam,18.9,6.54,28.7,453.1
2015-09-30,Ongole,4.9,6.11,26.9,374.1
2015-09-30,Visakhapatnam,24.4,7.22,26.7,722.1
2015-10-02,Ongole,10.8,5.94,29.8,359.4
2015-10-02,Rajahmundry,1.7,6.0,26.9,346.8
2015-10-02,Tirupati,1.6,5.91,26.1,321.6
2015-10-02,Vizianagaram,11.9,6.06,25.9,492.4
2015-10-03,Vizianagaram,4.4,6.64,28.6,478.7
2015-10-05,Guntur,3.2,6.12,25.0,299.4
2015-10-05,Srikakulam,0.2,6.33,24.5,408.0
2015-10-07,Amalapuram,9.2,7.38,27.3,748.9
2015-10-07,Amalapuram,2.6,5.29,27.6,334.1
2015-10-07,Machilipatnam,1.8,6.15,25.7,342.1
2015-10-07,Rajahmundry,1.8,6.65,28.1,514.9
2015-10-08,Amalapuram,0.8,6.08,26.6,432.0
2015-10-08,Kakinada,3.0,5.25,26.5,258.7
2015-10-09,Kakinada,1.5,5.68,27.6,297.2
2015-10-10,Eluru,4.1,5.96,27.2,395.1
2015-10-10,Kakinada,4.7,6.02,27.5,386.4
2015-10-11,Rajahmundry,1.8,7.22,28.6,563.5
2015-10-11,Tirupati,5.4,5.86,24.8,431.8
2015-10-12,Anantapur,4.6,6.83,25.9,507.4
2015-10-14,Ongole,1.6,5.97,28.3,314.1
2015-10-14,Vizianagaram,8.3,6.26,24.4,492.3
2015-10-15,Anantapur,1.0,5.25,25.9,301.1
2015-10-15,Ongole,3.2,5.23,26.8,271.2
2015-10-15,Rajahmundry,8.0,6.09,26.8,451.8
2015-10-17,Ongole,2.8,5.75,26.1,228.3
2015-10-19,Kurnool,9.7,6.94,25.2,582.5
2015-10-20,Eluru,6.7,7.69,24.2,709.2
2015-10-21,Vizianagaram,1.5,6.41,25.8,537.8
2015-10-22,Eluru,9.1,5.66,27.8,338.5
2015-10-22,Nellore,5.3,5.84,24.3,386.2
2015-10-23,Guntur,14.7,6.51,28.4,474.8
2015-10-23,Nellore,2.0,5.92,25.2,469.9
2015-10-24,Machilipatnam,2.7,5.89,25.4,335.2
2015-10-25,Machilipatnam,7.6,6.68,23.8,456.5
2015-10-26,Vizianagaram,10.8,5.45,26.9,277.5
2015-10-31,Kurnool,1.4,5.38,24.7,203.6
2015-11-01,Eluru,183.2,13.69,25.2,2932.4
2015-11-02,Kadapa,4.4,5.98,24.7,358.5
2015-11-02,Ongole,2.8,5.95,23.9,336.2
2015-11-02,Vizianagaram,3.1,6.32,25.8,427.8
2015-11-03,Ongole,8.2,6.34,26.9,509.1
2015-11-06,Nellore,3.9,5.72,25.0,362.6
2015-11-07,Machilipatnam,6.2,6.94,25.6,633.9
2015-11-09,Vizianagaram,15.5,6.92,24.4,554.9
2015-11-10,Anantapur,6.0,6.51,22.7,533.6
2015-11-11,Eluru,1.8,6.02,26.9,251.7
2015-11-13,Kakinada,2.1,5.78,25.1,302.4
2015-11-14,Guntur,2.5,5.73,22.8,286.5
2015-11-14,Srikakulam,13.4,6.47,24.6,511.2
2015-11-15,Anantapur,4.3,6.64,24.7,566.5
2015-11-16,Anantapur,6.0,6.32,24.4,455.4
2015-11-17,Visakhapatnam,0.7,6.62,23.4,464.4
2015-11-17,Vizianagaram,15.9,6.22,24.9,418.3
2015-11-18,Ongole,10.1,5.36,25.5,211.9
2015-11-20,Kurnool,10.8,6.84,25.0,631.8
2015-11-21,Srikakulam,5.3,6.84,23.4,524.6
2015-11-22,Nellore,0.3,6.77,26.6,391.1
2015-11-23,Machilipatnam,5.6,6.12,22.9,422.9
2015-11-24,Vizianagaram,3.1,6.26,23.8,384.4
2015-11-25,Nellore,2.6,6.08,22.0,465.4
2015-11-26,Guntur,6.2,5.92,24.2,308.4
2015-11-27,Amalapuram,20.2,6.97,25.0,692.0
2015-11-27,Amalapuram,13.0,6.64,20.3,576.5
2015-11-27,Vijayawada,4.3,6.37,24.0,366.7
2015-12-01,Machilipatnam,5.0,6.17,25.0,355.5
2015-12-01,Visakhapatnam,5.0,6.06,23.2,439.4
2015-12-01,Vizianagaram,7.4,6.62,24.5,473.8
2015-12-02,Anantapur,5.6,5.97,24.7,384.2
2015-12-02,Ongole,3.7,4.99,21.7,285.4
2015-12-03,Amalapuram,13.3,6.5,24.6,471.7
2015-12-04,Kakinada,0.6,5.72,25.5,304.1
2015-12-05,Anantapur,2.3,5.9,23.7,376.2
2015-12-05,Ongole,17.4,7.18,21.5,553.6
2015-12-06,Kadapa,7.8,6.63,27.1,510.2
2015-12-07,Nellore,5.9,6.33,21.7,409.0
2015-12-07,Visakhapatnam,3.8,6.37,23.7,368.1
2015-12-08,Nellore,3.3,6.03,22.4,294.0
2015-12-10,Anantapur,2.0,6.14,23.7,386.0
2015-12-12,Amalapuram,3.4,5.62,25.6,358.2
2015-12-13,Kakinada,9.8,6.19,24.1,470.3
2015-12-14,Kakinada,0.7,6.31,20.9,442.2
2015-12-16,Kurnool,3.3,6.34,20.9,413.3
2015-12-17,Rajahmundry,3.8,6.54,25.7,399.3
2015-12-18,Vijayawada,4.7,6.61,24.0,474.2
2015-12-20,Kurnool,10.3,7.21,25.3,622.3
2015-12-22,Vijayawada,3.5,6.28,23.8,353.0
2015-12-23,Eluru,2.1,6.26,21.2,401.1
2015-12-23,Nellore,6.1,5.38,24.4,244.8
2015-12-23,Tirupati,11.2,6.54,23.6,505.9
2015-12-24,Anantapur,6.3,6.7,23.8,524.5
2015-12-27,Kurnool,3.0,6.18,23.5,372.3
2015-12-27,Machilipatnam,8.9,5.97,21.6,355.0
2015-12-28,Machilipatnam,1.7,6.46,26.5,495.6
2015-12-28,Ongole,4.3,6.24,23.6,448.7
2015-12-30,Amalapuram,15.2,7.27,25.3,617.4
2015-12-30,Eluru,2.1,5.44,23.0,338.6
2015-12-30,Ongole,17.5,7.08,22.7,679.7
2015-12-30,Visakhapatnam,7.9,6.72,20.2,506.1
2015-12-31,Vizianagaram,8.0,5.9,22.8,504.5
2016-01-02,Srikakulam,3.6,6.1,23.5,310.0
2016-01-03,Tirupati,4.2,5.75,23.8,398.7
2016-01-03,Vijayawada,0.9,5.57,23.9,378.0
2016-01-06,Vijayawada,3.6,5.47,23.2,325.9
2016-01-06,Vizianagaram,0.8,6.83,23.4,488.4
2016-01-08,Srikakulam,2.5,5.16,22.9,212.4
2016-01-11,Machilipatnam,0.7,6.85,21.8,511.3
2016-01-12,Amalapuram,1.1,5.93,22.4,316.6
2016-01-12,Kadapa,8.5,6.17,23.3,474.7
2016-01-13,Guntur,3.6,5.57,27.3,242.4
2016-01-14,Kakinada,6.4,6.34,25.0,427.6
2016-01-14,Srikakulam,8.5,5.87,23.8,313.5
2016-01-17,Ongole,134.2,12.14,26.7,2346.5
2016-01-20,Kakinada,10.8,5.53,25.3,390.9
2016-01-24,Anantapur,6.8,6.65,22.1,505.5
2016-01-24,Visakhapatnam,13.2,6.62,26.3,481.2
2016-01-25,Guntur,9.2,6.71,26.8,543.8
2016-01-26,Vijayawada,12.0,6.82,26.2,566.0
2016-01-31,Eluru,9.6,7.3,25.2,588.1
2016-01-31,Vizianagaram,154.6,14.02,24.1,2712.5
2016-02-02,Kakinada,4.5,7.43,22.7,641.5
2016-02-02,Rajahmundry,1.5,6.36,22.6,422.1
2016-02-04,Nellore,6.9,7.01,27.0,592.4
2016-02-04,Srikakulam,2.9,5.13,26.4,283.7
2016-02-06,Anantapur,3.2,5.75,25.8,335.9
2016-02-06,Guntur,5.4,6.15,27.5,368.9
2016-02-07,Guntur,0.8,6.4,24.9,392.7
2016-02-08,Kurnool,79.1,9.44,22.0,1386.4
2016-02-09,Srikakulam,4.1,6.07,27.0,451.7
2016-02-10,Amalapuram,1.0,6.76,26.0,380.8
2016-02-10,Vizianagaram,0.0,6.2,25.9,446.9
2016-02-11,Guntur,8.5,5.83,25.1,306.4
2016-02-11,Rajahmundry,4.4,5.58,21.2,357.5
2016-02-12,Kurnool,3.2,5.74,22.6,365.3
2016-02-12,Machilipatnam,9.9,5.76,27.1,335.5
2016-02-12,Ongole,2.8,6.22,23.8,324.6
2016-02-14,Amalapuram,11.3,6.88,26.5,558.1
2016-02-14,Machilipatnam,11.7,6.26,25.3,329.5
2016-02-17,Guntur,3.9,6.01,26.7,468.4
2016-02-18,Vizianagaram,10.0,6.37,26.7,381.5
2016-02-19,Eluru,6.4,6.22,22.1,444.7
2016-02-20,Kurnool,6.3,6.02,25.8,351.0
2016-02-20,Tirupati,3.0,5.96,25.9,412.0
2016-02-21,Kadapa,21.4,7.02,24.8,580.5
2016-02-24,Rajahmundry,0.6,6.59,26.1,390.7
2016-02-24,Tirupati,16.5,7.11,27.8,561.9
2016-02-25,Vizianagaram,13.0,5.77,24.9,325.6
2016-02-27,Guntur,13.2,6.44,26.4,560.6
2016-02-27,Guntur,5.2,6.45,27.7,486.6
2016-02-27,Kakinada,5.9,6.3,27.3,465.4
2016-02-28,Machilipatnam,9.0,6.09,26.9,415.6
2016-02-28,Visakhapatnam,11.1,5.69,24.5,357.9
2016-03-01,Amalapuram,6.2,5.61,25.7,319.3
2016-03-03,Ongole,0.7,5.49,27.4,210.1
2016-03-04,Rajahmundry,6.5,5.88,25.3,298.8
2016-03-05,Vizianagaram,13.6,6.85,26.1,601.0
2016-03-07,Guntur,3.8,5.77,28.4,334.5
2016-03-08,Ongole,6.6,5.64,28.4,384.8
2016-03-10,Guntur,7.1,7.42,26.8,671.1
2016-03-15,Amalapuram,4.6,5.98,29.8,376.8
2016-03-15,Amalapuram,8.2,6.81,28.6,543.3
2016-03-16,Visakhapatnam,8.9,6.22,27.4,425.7
2016-03-18,Ongole,18.4,6.85,28.8,569.6
2016-03-18,Rajahmundry,7.0,6.36,28.7,397.3
2016-03-18,Vizianagaram,8.5,6.23,30.4,440.8
2016-03-19,Kadapa,4.5,5.83,28.3,356.1
2016-03-19,Kurnool,19.7,7.23,28.8,698.4
2016-03-19,Tirupati,0.6,5.4,27.6,302.3
2016-03-21,Kakinada,1.8,6.84,28.1,613.7
2016-03-21,Kurnool,7.7,6.91,27.2,541.2
2016-03-21,Kurnool,7.2,7.14,27.5,583.3
2016-03-27,Kurnool,8.9,6.34,27.6,428.2
2016-03-28,Kadapa,10.4,7.06,26.9,538.2
2016-03-28,Vizianagaram,190.5,14.34,28.6,3121.4
2016-03-29,Anantapur,132.0,10.99,26.1,2001.1
2016-03-29,Kakinada,5.6,6.01,29.6,386.3
2016-04-01,Rajahmundry,10.2,6.89,31.2,658.7
2016-04-01,Vizianagaram,0.8,6.27,28.4,274.9
2016-04-02,Visakhapatnam,0.2,5.69,26.4,358.1
2016-04-02,Vizianagaram,3.2,6.32,26.6,385.7
2016-04-04,Guntur,4.4,6.11,29.0,405.6
2016-04-05,Kurnool,17.9,6.44,28.1,532.1
2016-04-06,Kurnool,11.9,6.77,29.9,523.0
2016-04-06,Ongole,5.1,6.12,29.4,348.1
2016-04-07,Anantapur,3.4,5.94,29.2,281.5
2016-04-07,Tirupati,17.4,6.41,28.2,581.9
2016-04-08,Vijayawada,0.8,5.87,27.7,317.0
2016-04-10,Kadapa,11.6,6.02,30.3,379.3
2016-04-11,Amalapuram,5.8,6.14,29.2,373.4
2016-04-12,Srikakulam,4.5,6.11,29.4,380.1
2016-04-12,Vizianagaram,5.2,7.43,30.5,554.9
2016-04-12,Vizianagaram,10.3,7.1,30.0,715.9
2016-04-18,Srikakulam,15.2,6.81,30.7,548.4
2016-04-18,Tirupati,4.6,6.2,28.0,371.9
2016-04-21,Srikakulam,8.2,5.63,29.8,289.5
2016-04-22,Anantapur,6.9,6.74,28.6,457.7
2016-04-22,Eluru,0.3,6.25,30.4,406.8
2016-04-24,Srikakulam,2.2,5.52,30.4,245.1
2016-04-25,Machilipatnam,0.6,6.69,28.9,499.2
2016-04-25,Machilipatnam,3.2,5.99,29.6,334.3
2016-04-26,Guntur,7.0,6.49,31.8,534.4
2016-04-27,Amalapuram,1.2,5.44,31.2,208.1
2016-04-27,Kakinada,60.3,8.39,30.1,1077.3
2016-04-28,Visakhapatnam,12.6,7.32,31.8,645.1
2016-04-28,Vizianagaram,8.0,7.17,29.8,696.1
2016-04-29,Anantapur,26.2,6.72,30.5,635.8
2016-04-29,Kurnool,4.2,6.22,31.8,381.6
2016-04-30,Ongole,7.2,6.12,31.8,429.4
2016-05-02,Kakinada,3.0,6.04,32.7,364.6
2016-05-02,Srikakulam,5.5,6.64,29.3,495.4
2016-05-03,Amalapuram,5.1,7.23,32.1,617.4
2016-05-03,Eluru,0.8,5.55,28.8,235.2
2016-05-04,Srikakulam,0.4,5.3,29.2,224.7
2016-05-04,Tirupati,3.3,6.59,30.7,582.4
2016-05-05,Srikakulam,1.4,6.18,32.2,500.0
2016-05-06,Machilipatnam,7.8,6.29,33.0,387.7
2016-05-07,Eluru,1.8,6.06,29.8,448.3
2016-05-08,Nellore,6.0,6.49,29.5,456.8
2016-05-08,Nellore,2.0,5.75,31.8,317.6
2016-05-09,Kadapa,2.0,6.45,29.2,367.2
2016-05-11,Eluru,3.4,5.52,34.9,297.4
2016-05-11,Nellore,3.5,6.46,29.8,516.4
2016-05-12,Tirupati,24.0,6.87,30.3,629.7
2016-05-12,Visakhapatnam,6.0,6.0,32.1,362.9
2016-05-13,Guntur,11.0,5.75,30.9,463.3
2016-05-16,Kakinada,4.7,6.34,29.8,418.9
2016-05-16,Vijayawada,3.1,6.27,32.1,497.1
2016-05-17,Kakinada,14.1,7.03,29.8,590.8
2016-05-18,Kakinada,5.8,7.59,29.4,638.7
2016-05-18,Kakinada,7.5,6.03,30.5,455.3
2016-05-18,Kakinada,2.3,5.95,30.4,354.2
2016-05-18,Kurnool,0.4,5.13,33.9,155.7
2016-05-18,Nellore,11.1,5.82,32.6,340.8
2016-05-18,Visakhapatnam,3.7,6.29,32.1,430.2
2016-05-20,Eluru,5.0,6.29,31.7,436.4
2016-05-20,Vizianagaram,0.9,5.57,32.4,393.0
2016-05-24,Anantapur,3.4,5.53,30.7,309.9
2016-05-26,Kadapa,3.1,6.44,31.4,355.5
2016-05-28,Rajahmundry,10.3,6.55,31.5,443.4
2016-05-29,Guntur,19.8,7.44,30.5,716.5
2016-05-29,Kakinada,1.3,6.45,34.1,426.1
2016-05-29,Ongole,1.0,6.06,30.6,395.0
2016-05-31,Amalapuram,5.8,6.58,31.1,367.0
2016-05-31,Machilipatnam,3.5,6.04,32.8,504.9
2016-05-31,Vijayawada,2.9,5.84,28.7,233.2
2016-06-01,Kurnool,16.3,7.24,31.4,592.2
2016-06-02,Machilipatnam,5.3,5.14,30.7,297.7
2016-06-04,Amalapuram,42.9,7.85,30.0,935.6
2016-06-04,Kadapa,4.9,6.86,32.1,648.0
2016-06-05,Machilipatnam,27.4,7.62,31.2,787.4
2016-06-06,Kakinada,49.8,7.95,32.3,1131.1
2016-06-06,Kakinada,21.4,6.69,32.7,558.0
2016-06-06,Vijayawada,5.8,6.11,29.6,431.9
2016-06-08,Srikakulam,21.1,6.65,31.0,630.5
2016-06-08,Visakhapatnam,160.9,12.79,30.7,2515.8
2016-06-08,Vizianagaram,23.2,6.91,33.2,780.1
2016-06-09,Eluru,24.5,6.8,32.6,694.6
2016-06-09,Kakinada,3.1,6.45,33.5,461.3
2016-06-12,Kurnool,5.0,6.82,32.4,540.1
2016-06-13,Vijayawada,0.5,5.47,31.5,305.0
2016-06-13,Vizianagaram,3.7,6.25,30.9,524.2
2016-06-14,Machilipatnam,17.1,6.5,33.6,505.6
2016-06-14,Nellore,3.2,5.99,32.5,317.4
2016-06-16,Kakinada,7.0,6.27,28.4,425.9
2016-06-17,Nellore,10.5,6.7,34.3,508.1
2016-06-17,Ongole,23.3,6.86,32.4,690.6
2016-06-18,Rajahmundry,58.5,8.59,34.0,1185.0
2016-06-22,Vizianagaram,11.5,5.9,33.4,464.8
2016-06-23,Guntur,4.1,6.69,32.9,477.8
2016-06-24,Tirupati,61.2,8.93,31.8,1295.4
2016-06-25,Rajahmundry,2.7,6.27,31.8,388.5
2016-06-26,Machilipatnam,14.1,6.81,29.7,673.3
2016-06-26,Rajahmundry,2.6,5.96,30.1,451.0
2016-06-28,Kadapa,5.4,5.5,33.3,280.5
2016-06-28,Kakinada,3.4,6.61,30.1,481.0
2016-06-28,Machilipatnam,58.0,8.77,30.2,1177.0
2016-06-29,Rajahmundry,9.9,7.08,33.6,575.4
2016-06-29,Visakhapatnam,7.8,6.48,30.5,405.5
2016-06-30,Machilipatnam,2.0,5.76,32.3,338.6
2016-07-02,Visakhapatnam,5.3,5.37,31.0,293.9
2016-07-03,Anantapur,20.6,6.91,31.1,670.9
2016-07-03,Srikakulam,1.4,6.3,30.7,383.1
2016-07-04,Kakinada,34.3,7.5,30.0,845.5
2016-07-05,Machilipatnam,112.4,11.44,30.2,1996.0
2016-07-05,Ongole,35.9,6.99,32.5,850.1
2016-07-05,Srikakulam,5.2,6.4,30.7,472.1
2016-07-06,Rajahmundry,8.9,5.91,33.1,462.5
2016-07-08,Amalapuram,13.9,7.02,30.7,601.0
2016-07-08,Rajahmundry,20.6,6.66,32.1,508.8
2016-07-08,Rajahmundry,3.5,5.88,31.9,405.6
2016-07-09,Eluru,27.9,6.75,32.0,699.6
2016-07-09,Guntur,7.7,6.41,29.3,426.7
2016-07-09,Guntur,32.3,7.54,32.6,782.3
2016-07-09,Srikakulam,18.9,6.43,31.2,600.2
2016-07-10,Vijayawada,1.3,6.12,32.2,354.1
2016-07-12,Kurnool,9.7,6.51,31.3,488.4
2016-07-15,Amalapuram,3.7,5.98,31.2,433.4
2016-07-15,Kakinada,39.0,7.8,32.2,918.8
2016-07-16,Amalapuram,9.9,6.34,33.2,409.1
2016-07-18,Guntur,4.4,5.32,29.0,329.6
2016-07-18,Vizianagaram,13.5,6.4,33.1,529.4
2016-07-20,Kakinada,37.4,7.04,30.4,777.7
2016-07-20,Kurnool,25.4,6.95,28.6,610.0
2016-07-22,Guntur,21.3,6.8,32.6,582.2
2016-07-22,Kurnool,4.1,5.93,33.3,339.9
2016-07-23,Vijayawada,15.4,6.02,30.1,412.9
2016-07-23,Vizianagaram,7.1,6.06,30.3,388.9
2016-07-26,Machilipatnam,14.1,6.64,30.4,562.7
2016-07-27,Eluru,12.7,7.11,31.5,605.5
2016-07-28,Guntur,1.6,6.1,32.5,366.3
2016-07-28,Kakinada,24.8,7.09,28.4,750.4
2016-07-28,Kurnool,2.0,6.02,33.3,457.9
2016-07-28,Vizianagaram,4.3,6.04,30.8,304.5
2016-07-30,Tirupati,19.2,6.93,30.5,600.7
2016-07-30,Visakhapatnam,15.9,7.2,30.4,768.5
2016-07-31,Rajahmundry,6.8,5.69,32.2,337.8
2016-07-31,Vizianagaram,0.6,5.93,29.4,413.1
2016-08-01,Anantapur,16.1,6.76,30.5,568.4
2016-08-01,Guntur,2.5,6.55,30.5,387.5
2016-08-01,Visakhapatnam,7.5,5.2,32.6,177.5
2016-08-01,Vizianagaram,40.0,7.5,29.5,929.5
2016-08-03,Vizianagaram,11.3,6.5,31.2,475.3
2016-08-05,Visakhapatnam,9.3,7.03,31.8,549.5
2016-08-08,Ongole,14.3,7.15,27.7,636.4
2016-08-09,Tirupati,15.1,6.51,30.2,494.6
2016-08-09,Tirupati,21.3,6.95,32.1,699.0
2016-08-09,Visakhapatnam,29.5,7.52,30.6,800.9
2016-08-12,Tirupati,28.0,7.5,30.0,735.1
2016-08-14,Kakinada,30.7,7.45,29.6,786.7
2016-08-14,Vijayawada,41.3,7.96,31.0,997.9
2016-08-17,Guntur,2.6,6.24,31.7,382.3
2016-08-17,Kakinada,5.5,6.49,30.1,409.4
2016-08-17,Srikakulam,1.0,5.84,29.7,327.3
2016-08-18,Kurnool,34.8,7.52,30.0,855.9
2016-08-18,Kurnool,8.3,7.14,27.7,652.9
2016-08-18,Nellore,8.6,6.21,30.2,414.3
2016-08-18,Visakhapatnam,25.0,7.56,30.5,771.3
2016-08-26,Guntur,26.1,7.3,31.4,725.6
2016-08-26,Machilipatnam,50.0,8.18,26.9,1173.1
2016-08-26,Nellore,19.2,6.8,29.5,723.7
2016-08-28,Kadapa,7.5,6.22,27.3,510.8
2016-08-29,Machilipatnam,11.0,5.86,30.7,454.8
2016-08-30,Tirupati,38.5,8.46,29.6,1101.5
2016-08-30,Vizianagaram,19.1,7.18,31.1,685.4
2016-09-01,Kakinada,0.6,5.53,29.4,344.6
2016-09-02,Tirupati,5.8,5.69,27.9,241.8
2016-09-03,Eluru,0.6,6.0,28.0,325.8
2016-09-03,Kadapa,10.1,5.73,28.0,340.2
2016-09-03,Machilipatnam,45.4,8.0,26.0,946.9
2016-09-04,Nellore,7.9,6.76,26.7,546.0
2016-09-11,Eluru,14.8,7.07,30.0,634.9
2016-09-11,Vizianagaram,14.6,6.08,28.5,455.4
2016-09-15,Machilipatnam,16.8,6.96,25.2,617.3
2016-09-16,Machilipatnam,4.1,5.79,29.3,329.4
2016-09-17,Visakhapatnam,6.2,6.07,30.5,353.1
2016-09-21,Guntur,12.5,6.61,28.0,524.8
2016-09-22,Visakhapatnam,86.1,10.05,28.2,1705.2
2016-09-25,Anantapur,7.2,6.14,28.3,269.1
2016-09-25,Rajahmundry,17.9,6.67,25.5,506.1
2016-09-27,Eluru,8.1,6.49,27.1,479.3
2016-09-27,Kakinada,10.0,6.88,27.3,670.4
2016-09-28,Kurnool,35.4,8.12,24.6,818.7
2016-09-28,Machilipatnam,19.0,7.84,29.2,746.3
2016-09-29,Kadapa,10.7,6.61,26.2,507.4
2016-09-29,Machilipatnam,12.8,7.56,25.4,608.0
2016-10-01,Machilipatnam,0.3,6.39,25.7,446.7
2016-10-01,Tirupati,2.4,6.16,26.5,318.6
2016-10-04,Amalapuram,4.3,5.88,27.7,303.1
2016-10-04,Kadapa,10.2,6.71,27.9,494.9
2016-10-04,Kakinada,2.8,6.35,26.7,467.8
2016-10-04,Ongole,7.0,6.45,27.2,451.0
2016-10-05,Eluru,6.1,6.76,28.6,534.9
2016-10-05,Eluru,14.2,6.93,29.0,588.9
2016-10-05,Kadapa,19.7,6.22,27.2,533.7
2016-10-05,Kakinada,7.5,6.18,28.0,584.1
2016-10-06,Kadapa,6.3,5.89,27.5,470.0
2016-10-07,Visakhapatnam,4.4,5.93,26.9,425.1
2016-10-08,Anantapur,1.9,5.45,28.5,228.4
2016-10-10,Kadapa,6.9,6.31,25.9,442.6
2016-10-10,Kadapa,10.2,6.34,29.2,529.8
2016-10-11,Kurnool,9.6,6.12,22.3,402.6
2016-10-12,Nellore,7.3,6.5,27.2,445.4
2016-10-14,Guntur,24.5,6.84,27.7,693.6
2016-10-14,Vijayawada,2.1,6.73,28.0,537.3
2016-10-15,Rajahmundry,7.4,6.81,24.0,556.0
2016-10-21,Guntur,7.5,6.27,26.3,370.5
2016-10-21,Srikakulam,12.6,6.77,25.3,560.2
2016-10-24,Guntur,3.7,5.93,27.1,352.0
2016-10-24,Ongole,3.5,6.76,25.5,580.4
2016-10-26,Machilipatnam,96.5,10.83,25.2,1741.1
2016-10-26,Ongole,130.2,11.77,26.0,2150.4
2016-10-26,Vizianagaram,3.2,5.86,24.4,340.4
2016-10-27,Nellore,9.3,6.23,25.2,357.5
2016-10-28,Anantapur,8.1,6.46,28.1,292.1
2016-10-28,Machilipatnam,4.1,5.67,23.7,306.6
2016-10-30,Guntur,1.1,6.9,23.9,498.5
2016-11-01,Anantapur,9.4,7.34,24.5,769.7
2016-11-03,Kakinada,0.9,5.95,26.2,400.4
2016-11-03,Kurnool,2.6,6.78,26.0,477.5
2016-11-05,Rajahmundry,12.5,6.51,26.3,573.0
2016-11-07,Kakinada,2.5,6.08,21.2,421.7
2016-11-08,Ongole,3.3,6.87,26.9,481.1
2016-11-08,Vijayawada,6.3,6.16,26.0,383.1
2016-11-12,Rajahmundry,3.2,5.73,25.7,397.5
2016-11-13,Eluru,2.1,5.85,24.4,434.2
2016-11-14,Srikakulam,10.9,6.61,21.8,502.0
2016-11-15,Srikakulam,0.7,5.53,27.4,244.9
2016-11-16,Amalapuram,9.5,6.28,21.9,499.6
2016-11-16,Kakinada,2.2,5.82,23.1,310.6
2016-11-18,Kadapa,1.5,5.93,23.6,427.6
2016-11-21,Ongole,2.4,5.74,26.0,324.7
2016-11-21,Vizianagaram,4.4,6.32,24.3,434.4
2016-11-22,Anantapur,2.1,6.01,24.7,469.4
2016-11-22,Nellore,2.8,5.88,25.3,365.9
2016-11-22,Ongole,4.8,6.68,23.5,517.0
2016-11-25,Anantapur,1.2,6.25,23.7,403.9
2016-11-26,Srikakulam,33.9,7.33,22.3,786.9
2016-11-27,Rajahmundry,0.3,5.83,26.7,255.0
2016-11-28,Amalapuram,1.2,5.87,22.9,300.3
2016-11-28,Nellore,8.0,6.39,22.8,367.5
2016-11-29,Eluru,71.5,9.63,25.3,1437.2
2016-11-29,Vizianagaram,0.8,6.07,23.3,385.9
2016-11-30,Kakinada,2.9,5.71,20.1,273.7
2016-12-01,Anantapur,20.9,7.33,23.4,732.9
2016-12-02,Vijayawada,2.9,5.91,24.8,403.2
2016-12-03,Vijayawada,1.9,5.61,24.7,266.1
2016-12-04,Amalapuram,6.2,6.14,24.5,594.7
2016-12-06,Guntur,4.5,6.57,23.4,446.9
2016-12-06,Visakhapatnam,2.0,5.2,22.8,172.1
2016-12-06,Vizianagaram,2.5,5.99,25.4,353.3
2016-12-11,Kakinada,5.3,6.66,19.9,396.4
2016-12-12,Amalapuram,94.3,10.76,24.0,1794.6
2016-12-12,Ongole,2.3,6.64,24.0,531.3
2016-12-14,Rajahmundry,2.4,5.52,25.0,338.7
2016-12-17,Amalapuram,3.5,5.08,23.5,213.2
2016-12-17,Rajahmundry,1.1,6.2,21.9,399.6
2016-12-17,Visakhapatnam,2.4,6.7,23.1,461.6
2016-12-18,Tirupati,25.0,7.57,23.6,731.3
2016-12-19,Vizianagaram,1.6,5.62,21.1,291.1
2016-12-20,Visakhapatnam,2.3,6.18,24.1,479.0
2016-12-21,Kurnool,5.2,6.36,23.2,402.2
2016-12-21,Machilipatnam,7.9,6.39,27.9,552.2
2016-12-21,Ongole,10.6,7.03,24.3,598.7
2016-12-23,Kadapa,4.4,6.44,22.5,360.5
2016-12-23,Vijayawada,3.5,5.37,25.2,302.5
2016-12-27,Srikakulam,4.1,6.32,24.9,466.7
2016-12-27,Tirupati,12.3,6.72,24.8,657.6
2016-12-28,Vijayawada,6.2,6.21,23.8,381.9
2016-12-29,Visakhapatnam,151.4,12.34,24.5,2459.6
2016-12-30,Kadapa,3.4,5.63,23.0,321.7
2016-12-30,Kakinada,3.0,7.19,22.9,476.8
2016-12-30,Srikakulam,3.5,6.23,25.2,401.9
2016-12-31,Amalapuram,3.3,5.76,23.8,306.8
2017-01-02,Kakinada,1.0,6.54,22.4,456.5
2017-01-05,Kadapa,2.1,5.82,23.5,309.9
2017-01-07,Kurnool,0.3,5.65,23.8,290.0
2017-01-07,Kurnool,5.7,6.3,26.9,427.7
2017-01-09,Nellore,3.6,6.36,25.7,435.2
2017-01-10,Vizianagaram,4.1,6.29,24.5,407.8
2017-01-12,Kurnool,6.5,6.52,24.9,546.4
2017-01-13,Nellore,5.3,6.62,23.7,510.5
2017-01-13,Visakhapatnam,1.7,6.2,24.8,413.1
2017-01-15,Srikakulam,10.1,6.67,25.9,495.7
2017-01-16,Vizianagaram,11.2,6.41,27.3,643.4
2017-01-18,Eluru,2.1,6.49,26.7,548.0
2017-01-18,Srikakulam,3.7,5.87,20.6,362.6
2017-01-19,Kadapa,6.4,7.31,28.3,651.2
2017-01-20,Tirupati,7.3,6.05,25.3,501.2
2017-01-22,Kurnool,1.0,5.75,22.9,336.0
2017-01-22,Vijayawada,1.1,5.26,23.5,153.8
2017-01-23,Guntur,13.8,6.89,25.4,617.8
2017-01-23,Machilipatnam,0.7,6.65,24.5,418.8
2017-01-24,Ongole,1.3,5.86,23.8,361.1
2017-01-25,Anantapur,3.4,6.22,25.8,408.4
2017-01-25,Kakinada,7.5,6.49,24.3,479.5
2017-01-25,Kurnool,6.5,5.83,27.2,346.7
2017-01-25,Visakhapatnam,3.5,5.54,24.8,284.3
2017-01-26,Kurnool,6.8,6.12,24.8,361.2
2017-01-27,Tirupati,7.4,5.6,22.6,328.0
2017-01-28,Vizianagaram,0.6,5.9,24.6,418.3
2017-01-30,Amalapuram,3.6,5.73,27.2,419.7
2017-01-30,Eluru,1.9,6.44,25.3,369.8
2017-01-30,Nellore,14.4,6.08,24.9,535.9
2017-02-01,Srikakulam,12.2,6.85,23.2,621.0
2017-02-02,Machilipatnam,6.3,6.39,27.0,472.9
2017-02-03,Eluru,0.3,7.01,28.2,621.8
2017-02-03,Kadapa,8.5,6.96,26.3,517.3
2017-02-04,Kakinada,1.9,5.88,26.8,346.7
2017-02-05,Eluru,4.9,6.46,27.2,471.6
2017-02-06,Ongole,6.0,5.34,25.3,295.0
2017-02-07,Vijayawada,7.3,6.28,27.3,472.7
2017-02-07,Vizianagaram,2.7,5.95,25.8,370.2
2017-02-10,Tirupati,3.4,6.6,24.4,492.4
2017-02-10,Vizianagaram,2.4,6.59,26.4,554.4
2017-02-13,Vijayawada,3.5,5.56,27.0,304.9
2017-02-14,Rajahmundry,7.6,6.53,26.1,508.8
2017-02-15,Guntur,22.6,7.06,27.0,690.9
2017-02-15,Guntur,1.7,5.56,26.8,276.5
2017-02-16,Visakhapatnam,7.4,5.79,25.3,290.1
2017-02-17,Vijayawada,13.1,6.47,27.4,437.6
2017-02-20,Guntur,9.3,6.61,24.4,338.7
2017-02-20,Kadapa,8.4,6.15,24.3,431.0
2017-02-26,Machilipatnam,7.5,7.4,25.0,621.4
2017-02-26,Ongole,1.6,5.72,27.7,323.2
2017-02-26,Rajahmundry,7.2,6.49,25.5,523.7
2017-02-27,Vizianagaram,4.0,5.83,27.4,306.3
2017-03-01,Anantapur,7.5,7.1,27.2,521.1
2017-03-03,Vijayawada,1.6,5.99,25.2,395.0
2017-03-05,Kurnool,9.3,6.0,28.3,405.2
2017-03-06,Amalapuram,9.8,6.44,27.6,477.5
2017-03-07,Kadapa,7.8,6.12,27.0,482.7
2017-03-07,Tirupati,6.5,6.15,25.3,430.6
2017-03-08,Eluru,0.7,6.26,24.4,491.2
2017-03-08,Ongole,4.3,6.03,26.0,275.5
2017-03-08,Vizianagaram,22.9,7.3,25.9,769.3
2017-03-10,Amalapuram,9.7,7.33,28.1,538.0
2017-03-10,Guntur,1.4,6.3,29.4,373.6
2017-03-10,Vijayawada,2.4,6.47,27.6,502.1
2017-03-12,Kurnool,6.5,6.24,26.9,454.6
2017-03-14,Kakinada,7.7,6.61,27.1,560.9
2017-03-18,Eluru,5.5,6.72,28.0,508.6
2017-03-18,Srikakulam,11.1,6.45,28.3,472.6
2017-03-20,Anantapur,4.7,7.1,29.6,619.6
2017-03-20,Kurnool,2.3,6.49,29.1,382.6
2017-03-20,Nellore,8.2,5.67,26.6,338.7
2017-03-21,Vizianagaram,1.4,5.98,29.1,312.4
2017-03-22,Guntur,9.7,5.71,29.2,323.4
2017-03-22,Vijayawada,1.5,5.7,31.6,312.2
2017-03-23,Kakinada,8.1,7.06,31.0,551.8
2017-03-26,Tirupati,2.8,5.97,27.8,339.0
2017-03-29,Kakinada,2.3,5.85,28.5,382.6
2017-03-30,Vijayawada,180.1,13.62,28.5,2776.0
2017-03-31,Ongole,3.2,5.56,28.4,238.6
2017-04-03,Amalapuram,8.3,6.38,30.5,573.6
2017-04-05,Guntur,0.5,5.33,28.7,201.4
2017-04-05,Kadapa,4.2,6.85,28.5,584.6
2017-04-09,Anantapur,6.8,6.3,30.0,391.1
2017-04-09,Kadapa,8.1,6.68,29.8,436.1
2017-04-10,Tirupati,4.3,5.87,29.4,315.5
2017-04-11,Rajahmundry,21.3,7.5,28.2,696.4
2017-04-12,Kurnool,7.2,5.88,28.9,422.6
2017-04-12,Visakhapatnam,6.2,6.4,28.5,439.5
2017-04-13,Ongole,0.1,6.13,29.3,380.6
2017-04-15,Visakhapatnam,4.4,6.34,30.1,361.3
2017-04-16,Kurnool,30.2,7.07,30.9,739.0
2017-04-17,Kadapa,3.6,6.31,32.0,400.9
2017-04-18,Kakinada,4.6,6.25,32.0,526.5
2017-04-18,Srikakulam,2.5,6.19,32.7,358.0
2017-04-20,Guntur,3.6,6.22,32.4,351.5
2017-04-21,Nellore,3.3,5.83,30.0,362.9
2017-04-22,Kakinada,3.4,6.25,30.2,451.8
2017-04-24,Anantapur,0.7,5.57,29.4,299.1
2017-04-24,Ongole,5.0,6.22,30.6,313.7
2017-04-27,Kadapa,0.4,5.77,32.6,376.6
2017-04-27,Kurnool,8.8,6.33,32.4,455.7
2017-04-27,Visakhapatnam,6.5,6.43,31.8,354.5
2017-04-29,Srikakulam,12.8,6.72,30.8,612.3
2017-04-29,Vijayawada,3.1,6.99,30.1,526.7
2017-04-30,Anantapur,0.8,5.93,28.7,304.2
2017-04-30,Rajahmundry,1.4,6.23,30.5,291.0
2017-04-30,Srikakulam,4.4,6.09,30.6,421.8
2017-05-01,Vizianagaram,5.1,6.78,31.1,447.7
2017-05-02,Ongole,9.0,6.86,28.1,510.3
2017-05-04,Amalapuram,3.1,6.74,30.3,352.5
2017-05-05,Eluru,2.1,6.36,30.0,433.2
2017-05-05,Kurnool,49.3,8.28,30.2,1002.7
2017-05-05,Srikakulam,1.6,6.31,29.1,343.3
2017-05-06,Eluru,5.3,6.34,30.8,478.0
2017-05-07,Vijayawada,1.7,5.55,30.5,252.6
2017-05-08,Eluru,13.7,6.21,29.6,491.3
2017-05-08,Kadapa,8.3,6.78,31.4,498.4
2017-05-09,Nellore,2.0,6.4,32.6,377.4
2017-05-11,Anantapur,4.6,6.89,30.3,534.7
2017-05-11,Vijayawada,6.1,5.89,31.0,347.3
2017-05-12,Nellore,3.1,6.15,31.9,453.2
2017-05-12,Visakhapatnam,6.0,6.28,28.9,413.6
2017-05-14,Ongole,0.4,6.5,31.2,379.8
2017-05-15,Rajahmundry,3.5,6.02,32.8,396.0
2017-05-16,Nellore,8.5,6.55,32.4,474.1
2017-05-17,Vijayawada,2.1,6.0,32.3,431.4
2017-05-18,Anantapur,12.9,6.76,29.8,548.1
2017-05-18,Machilipatnam,8.6,6.48,30.9,499.9
2017-05-18,Rajahmundry,0.8,5.96,32.9,432.6
2017-05-21,Kakinada,14.1,7.23,31.3,511.1
2017-05-21,Kurnool,9.0,5.68,32.9,297.1
2017-05-24,Kurnool,5.5,6.39,31.9,451.5
2017-05-26,Visakhapatnam,3.2,5.82,32.4,311.1
2017-05-27,Vijayawada,6.8,6.83,32.1,490.6
2017-05-28,Amalapuram,6.4,5.56,32.3,276.2
2017-05-28,Srikakulam,4.6,5.86,30.8,356.4
2017-05-29,Kakinada,2.3,5.85,33.4,328.2
2017-05-29,Tirupati,1.0,5.94,30.9,391.6
2017-06-01,Nellore,15.3,6.03,31.5,382.5
2017-06-02,Srikakulam,6.2,5.77,34.3,387.9
2017-06-02,Tirupati,18.4,6.23,30.7,553.4
2017-06-04,Kurnool,12.6,6.93,33.9,611.9
2017-06-05,Guntur,30.6,7.85,31.8,926.8
2017-06-05,Kurnool,4.9,5.79,31.8,419.9
2017-06-06,Kurnool,9.0,7.37,31.8,612.8
2017-06-07,Anantapur,13.1,6.86,30.3,655.2
2017-06-07,Nellore,13.0,5.99,31.8,449.2
2017-06-08,Anantapur,10.3,6.55,31.7,478.7
2017-06-08,Kurnool,2.9,5.57,27.4,204.2
2017-06-09,Visakhapatnam,38.6,7.5,32.2,891.0
2017-06-10,Nellore,30.8,6.59,34.3,716.3
2017-06-11,Anantapur,46.3,8.15,31.9,974.3
2017-06-11,Srikakulam,30.5,7.48,30.1,770.7
2017-06-12,Visakhapatnam,7.3,6.33,33.4,475.3
2017-06-13,Tirupati,13.7,6.91,30.5,499.8
2017-06-14,Amalapuram,9.5,5.51,34.1,291.4
2017-06-14,Eluru,11.4,6.27,31.6,484.7
2017-06-14,Rajahmundry,5.3,6.23,31.4,372.2
2017-06-14,Srikakulam,13.7,6.57,33.8,538.5
2017-06-14,Vijayawada,6.8,5.54,33.8,402.3
2017-06-15,Vijayawada,34.7,7.09,30.5,680.5
2017-06-16,Kakinada,0.8,5.76,32.0,352.1
2017-06-16,Vijayawada,3.4,6.36,33.5,390.6
2017-06-17,Vizianagaram,38.3,8.83,31.1,1152.8
2017-06-19,Nellore,18.4,6.51,31.3,650.4
2017-06-19,Ongole,8.6,6.98,33.7,519.5
2017-06-20,Guntur,20.4,6.84,31.2,686.7
2017-06-21,Tirupati,12.7,5.98,28.9,520.6
2017-06-22,Anantapur,2.9,6.24,31.7,436.0
2017-06-22,Eluru,11.6,6.18,30.3,384.0
2017-06-22,Ongole,2.4,7.18,32.4,602.5
2017-06-22,Srikakulam,21.3,6.49,31.3,572.7
2017-06-23,Kakinada,6.1,6.02,31.5,391.7
2017-06-23,Vijayawada,16.9,6.66,32.0,589.7
2017-06-25,Vizianagaram,13.8,5.9,34.2,583.9
2017-06-27,Visakhapatnam,14.7,6.37,30.4,502.8
2017-06-28,Anantapur,18.5,7.69,32.2,810.3
2017-06-28,Vizianagaram,8.2,6.13,33.6,453.8
2017-06-29,Anantapur,12.5,6.41,31.3,553.0
2017-06-30,Vizianagaram,19.5,6.93,32.9,584.2
2017-07-02,Amalapuram,3.3,5.52,31.7,275.1
2017-07-03,Kurnool,10.8,5.75,30.9,352.3
2017-07-03,Vizianagaram,18.8,6.27,27.8,531.1
2017-07-04,Kadapa,4.2,6.0,33.5,462.5
2017-07-05,Machilipatnam,21.4,7.14,31.7,634.2
2017-07-06,Machilipatnam,18.3,6.58,33.0,621.2
2017-07-08,Guntur,19.8,6.94,32.2,643.9
2017-07-09,Amalapuram,21.4,6.87,30.5,565.0
2017-07-11,Vizianagaram,5.5,6.01,33.4,483.0
2017-07-12,Anantapur,12.5,6.85,32.2,499.2
2017-07-12,Visakhapatnam,13.1,7.05,33.2,632.0
2017-07-13,Kurnool,30.9,7.96,32.8,941.8
2017-07-13,Visakhapatnam,32.7,6.71,32.3,632.0
2017-07-14,Vizianagaram,12.6,6.15,31.8,435.1
2017-07-16,Guntur,1.5,5.41,33.4,345.9
2017-07-16,Ongole,3.9,6.39,31.8,476.6
2017-07-17,Kakinada,4.9,6.42,31.0,526.6
2017-07-17,Machilipatnam,12.8,6.88,31.0,679.7
2017-07-18,Amalapuram,4.6,6.36,31.8,448.1
2017-07-18,Nellore,10.5,6.1,28.7,556.7
2017-07-18,Vizianagaram,22.9,7.09,31.4,665.6
2017-07-20,Kadapa,26.7,8.03,29.9,965.1
2017-07-20,Rajahmundry,2.6,6.4,33.8,445.7
2017-07-20,Vizianagaram,29.1,7.24,30.5,833.0
2017-07-22,Kadapa,61.1,9.28,34.5,1300.7
2017-07-23,Kadapa,29.0,6.95,32.8,682.5
2017-07-23,Rajahmundry,32.1,7.84,31.0,842.3
2017-07-23,Tirupati,8.8,6.65,32.3,464.7
2017-07-24,Vizianagaram,3.3,6.07,30.9,378.3
2017-07-26,Machilipatnam,1.3,6.36,34.7,341.3
2017-07-27,Guntur,9.3,6.11,31.1,508.0
2017-07-27,Vijayawada,22.2,6.38,31.7,506.9
2017-07-30,Eluru,19.9,6.14,32.2,482.0
2017-07-30,Kurnool,25.0,7.3,27.9,870.0
2017-07-31,Tirupati,76.6,9.7,28.8,1392.2
2017-07-31,Vizianagaram,22.6,7.96,30.4,834.5
2017-08-02,Rajahmundry,5.8,6.24,29.7,387.5
2017-08-02,Srikakulam,12.5,5.89,29.3,387.5
2017-08-04,Anantapur,9.6,6.98,30.3,588.4
2017-08-05,Guntur,36.5,7.24,28.9,736.0
2017-08-06,Kurnool,2.6,7.53,31.9,580.9
2017-08-08,Eluru,19.1,6.17,31.2,525.6
2017-08-08,Kadapa,39.5,7.34,27.7,783.1
2017-08-11,Eluru,21.1,7.28,30.2,701.9
2017-08-11,Kadapa,1.0,6.21,32.0,370.0
2017-08-11,Kakinada,30.9,7.57,32.1,823.6
2017-08-11,Ongole,28.0,7.02,29.6,591.4
2017-08-12,Vizianagaram,23.9,7.15,28.7,709.9
2017-08-13,Tirupati,12.2,5.77,31.1,407.2
2017-08-13,Visakhapatnam,14.6,6.22,28.9,461.4
2017-08-14,Kurnool,9.6,6.47,30.4,521.1
2017-08-14,Machilipatnam,52.5,8.82,31.0,1196.7
2017-08-15,Visakhapatnam,30.6,7.74,30.2,886.0
2017-08-16,Kurnool,9.9,6.43,29.7,478.0
2017-08-17,Kurnool,16.2,5.98,29.4,457.9
2017-08-18,Nellore,42.8,6.66,29.5,830.9
2017-08-18,Ongole,2.4,5.87,29.9,387.4
2017-08-19,Rajahmundry,23.9,6.58,28.0,686.7
2017-08-20,Kurnool,9.4,6.58,27.7,554.4
2017-08-20,Machilipatnam,25.3,6.53,32.6,587.6
2017-08-22,Kakinada,29.4,7.31,30.3,836.8
2017-08-25,Kadapa,13.5,6.26,26.7,548.9
2017-08-25,Rajahmundry,20.9,7.19,30.2,627.7
2017-08-25,Vijayawada,18.6,6.53,28.6,530.4
2017-08-25,Vizianagaram,14.2,6.33,29.1,518.1
2017-08-26,Kurnool,30.0,8.02,30.9,1049.6
2017-08-27,Guntur,21.8,6.45,30.4,624.7
2017-08-30,Kurnool,54.8,7.96,31.7,960.0
2017-08-30,Kurnool,7.2,6.07,27.6,342.6
2017-08-30,Visakhapatnam,27.3,6.9,27.9,640.2
2017-08-31,Eluru,38.4,7.41,27.3,784.3
2017-08-31,Tirupati,0.3,6.19,29.0,415.9
2017-09-01,Machilipatnam,1.3,6.5,34.0,513.2
2017-09-01,Srikakulam,2.1,5.77,29.6,278.6
2017-09-02,Nellore,15.1,6.26,26.7,540.5
2017-09-02,Ongole,147.6,12.58,27.8,2340.2
2017-09-03,Eluru,20.9,7.01,29.6,674.4
2017-09-05,Rajahmundry,23.2,7.09,28.7,659.7
2017-09-10,Guntur,5.7,6.55,28.8,550.3
2017-09-10,Nellore,30.3,7.13,28.8,800.7
2017-09-11,Kakinada,50.7,7.47,27.7,916.0
2017-09-13,Rajahmundry,1.1,5.26,28.8,212.4
2017-09-14,Guntur,14.7,6.2,30.8,562.9
2017-09-14,Ongole,19.9,7.02,29.4,776.1
2017-09-16,Vijayawada,143.6,12.73,26.8,2500.3
2017-09-19,Kurnool,36.5,7.37,26.4,836.6
2017-09-20,Rajahmundry,21.4,7.88,24.9,746.9
2017-09-21,Eluru,60.9,9.16,28.2,1220.2
2017-09-22,Guntur,30.3,6.84,27.0,644.6
2017-09-23,Anantapur,17.1,6.99,28.3,589.0
2017-09-23,Rajahmundry,11.9,6.83,28.0,579.3
2017-09-23,Visakhapatnam,13.3,6.41,27.6,529.3
2017-09-27,Kadapa,23.0,7.14,26.7,705.0
2017-09-27,Vijayawada,24.2,6.72,25.7,652.3
2017-09-27,Vijayawada,13.7,6.79,23.4,603.2
2017-09-28,Tirupati,28.3,7.36,28.7,810.8
2017-09-29,Ongole,2.4,6.51,26.9,389.6
2017-09-30,Nellore,16.0,6.72,25.7,593.2
2017-10-01,Guntur,6.6,5.96,27.6,358.6
2017-10-03,Tirupati,4.9,6.76,30.1,546.5
2017-10-06,Visakhapatnam,23.1,7.01,26.0,678.4
2017-10-07,Guntur,3.4,6.23,26.7,419.6
2017-10-07,Rajahmundry,2.4,5.97,27.5,181.6
2017-10-09,Nellore,5.0,7.41,27.8,552.2
2017-10-09,Vizianagaram,4.6,6.54,27.6,469.0
2017-10-10,Nellore,6.6,6.85,31.2,528.1
2017-10-12,Tirupati,7.1,6.31,25.9,397.8
2017-10-12,Tirupati,9.8,6.7,24.0,489.8
2017-10-13,Vijayawada,6.5,5.58,27.8,335.9
2017-10-15,Amalapuram,3.8,6.66,25.2,572.4
2017-10-15,Vijayawada,3.8,6.12,27.0,359.3
2017-10-15,Visakhapatnam,4.6,5.49,26.5,268.1
2017-10-20,Rajahmundry,1.5,6.05,27.9,361.8
2017-10-21,Visakhapatnam,7.7,6.54,27.4,455.7
2017-10-23,Anantapur,2.1,5.78,26.5,316.5
2017-10-23,Vijayawada,3.7,6.18,26.8,448.0
2017-10-24,Vijayawada,5.8,7.03,23.6,528.5
2017-10-25,Guntur,141.6,12.79,24.8,2374.0
2017-10-25,Visakhapatnam,1.7,5.49,25.0,347.3
2017-10-30,Machilipatnam,3.4,6.11,24.8,461.9
2017-10-31,Ongole,0.7,6.53,24.4,478.7
2017-11-01,Amalapuram,4.2,6.8,26.3,522.2
2017-11-01,Kakinada,2.8,6.31,24.2,503.8
2017-11-06,Vijayawada,16.9,7.1,24.7,705.2
2017-11-07,Anantapur,6.3,6.16,25.9,485.8
2017-11-07,Guntur,3.0,6.36,24.1,387.1
2017-11-08,Ongole,3.2,6.03,25.2,353.9
2017-11-10,Amalapuram,1.4,6.19,25.7,435.1
2017-11-11,Guntur,4.0,6.38,26.3,438.1
2017-11-11,Vizianagaram,5.3,5.87,25.4,308.4
2017-11-13,Ongole,16.9,7.08,26.2,597.2
2017-11-15,Amalapuram,1.6,5.94,25.7,318.0
2017-11-15,Kadapa,5.8,7.13,23.6,609.7
2017-11-16,Eluru,15.6,6.61,21.7,546.6
2017-11-16,Kakinada,1.7,5.96,24.4,319.9
2017-11-16,Machilipatnam,26.0,6.39,25.0,618.7
2017-11-17,Guntur,12.7,6.52,24.8,595.2
2017-11-17,Rajahmundry,8.1,5.49,28.5,372.4
2017-11-18,Visakhapatnam,2.2,5.65,23.7,380.1
2017-11-19,Vizianagaram,1.5,5.21,26.9,281.7
2017-11-21,Rajahmundry,0.6,5.78,25.5,427.3
2017-11-22,Ongole,4.4,6.7,25.1,455.2
2017-11-23,Nellore,10.7,6.54,22.6,496.9
2017-11-23,Ongole,49.1,8.24,22.6,1030.8
2017-11-25,Visakhapatnam,7.0,6.24,22.3,436.8
2017-11-26,Kakinada,0.4,5.66,24.4,250.1
2017-11-29,Amalapuram,3.7,5.75,24.9,326.9
2017-12-02,Vijayawada,7.2,6.39,21.7,420.0
2017-12-03,Kadapa,19.2,6.53,23.4,578.7
2017-12-03,Ongole,2.7,6.0,22.1,312.1
2017-12-09,Rajahmundry,9.3,6.91,23.7,520.8
2017-12-10,Eluru,6.2,6.43,24.5,386.1
2017-12-10,Machilipatnam,15.8,7.31,26.3,656.5
2017-12-12,Ongole,135.9,12.52,22.3,2317.9
2017-12-13,Vijayawada,3.1,6.25,23.8,374.3
2017-12-15,Kurnool,2.4,5.9,25.9,386.4
2017-12-16,Srikakulam,8.7,5.59,23.5,270.3
2017-12-17,Eluru,2.4,5.95,26.2,297.4
2017-12-17,Kurnool,14.3,6.42,27.0,565.2
2017-12-18,Kadapa,3.4,6.7,28.3,487.3
2017-12-19,Rajahmundry,0.5,6.14,24.8,297.1
2017-12-19,Tirupati,1.1,6.21,24.1,277.1
2017-12-19,Vizianagaram,5.3,6.45,26.3,453.1
2017-12-20,Kadapa,5.4,5.64,21.2,276.6
2017-12-20,Vijayawada,4.7,6.25,22.6,372.3
2017-12-21,Anantapur,0.2,6.48,24.1,442.2
2017-12-21,Eluru,8.8,6.22,24.5,464.1
2017-12-21,Rajahmundry,10.1,6.49,26.2,428.4
2017-12-22,Vizianagaram,1.4,6.64,24.4,502.4
2017-12-23,Guntur,3.2,5.73,22.0,242.2
2017-12-23,Kadapa,4.2,5.92,24.2,369.4
2017-12-24,Kadapa,8.8,6.49,24.8,401.9
2017-12-24,Srikakulam,2.7,5.7,21.9,350.4
2017-12-25,Srikakulam,11.1,6.03,22.9,345.8
2017-12-26,Machilipatnam,7.0,5.99,23.1,408.7
2017-12-29,Kakinada,2.8,5.59,26.1,292.4
2017-12-30,Ongole,19.9,5.71,23.6,468.0
2018-01-01,Kadapa,3.1,6.39,23.8,423.4
2018-01-02,Tirupati,5.1,6.74,23.2,503.2
2018-01-03,Kakinada,15.2,6.08,24.1,501.4
2018-01-04,Kurnool,5.9,6.51,21.3,442.1
2018-01-04,Visakhapatnam,2.5,5.49,27.1,268.6
2018-01-05,Eluru,1.1,6.43,23.9,484.5
2018-01-09,Kurnool,7.8,6.26,24.0,445.1
2018-01-11,Anantapur,3.1,5.56,23.2,303.2
2018-01-11,Kakinada,0.3,5.52,24.3,246.8
2018-01-11,Ongole,6.7,5.61,25.0,344.3
2018-01-14,Guntur,0.4,6.13,22.2,386.5
2018-01-14,Vijayawada,8.8,6.11,23.6,515.9
2018-01-14,Vizianagaram,18.9,6.12,23.0,465.4
2018-01-15,Kakinada,3.8,5.86,26.2,403.8
2018-01-16,Machilipatnam,4.2,6.53,23.7,480.1
2018-01-16,Srikakulam,4.9,6.26,23.1,515.9
2018-01-17,Kadapa,8.1,6.39,27.2,498.6
2018-01-17,Rajahmundry,13.0,6.94,26.2,655.6
2018-01-18,Kadapa,130.0,11.8,21.9,2182.4
2018-01-18,Ongole,5.3,6.46,27.4,509.3
2018-01-19,Anantapur,16.3,7.01,25.5,633.8
2018-01-19,Eluru,0.9,6.27,25.1,451.6
2018-01-21,Kurnool,2.3,5.7,24.3,256.6
2018-01-22,Guntur,18.2,6.27,23.9,491.8
2018-01-22,Rajahmundry,3.4,6.37,25.5,437.9
2018-01-22,Vizianagaram,1.4,6.76,26.0,421.5
2018-01-24,Guntur,3.8,6.33,26.1,476.1
2018-01-26,Rajahmundry,0.3,5.99,25.0,359.8
2018-01-28,Eluru,10.0,6.99,25.7,619.0
2018-01-28,Visakhapatnam,5.0,5.78,23.9,367.1
2018-01-29,Vijayawada,2.4,6.68,25.4,473.9
2018-02-01,Guntur,3.5,5.33,26.0,249.1
2018-02-01,Visakhapatnam,2.6,5.89,27.8,307.3
2018-02-02,Vijayawada,4.3,6.04,25.9,480.1
2018-02-02,Vizianagaram,6.5,6.83,25.0,591.9
2018-02-03,Guntur,0.8,6.32,24.6,324.2
2018-02-04,Tirupati,8.0,6.45,26.4,471.2
2018-02-06,Machilipatnam,2.2,5.48,28.7,394.0
2018-02-09,Kadapa,3.0,5.85,25.2,379.3
2018-02-10,Machilipatnam,5.9,7.33,26.8,607.9
2018-02-13,Guntur,3.7,6.09,27.6,376.5
2018-02-13,Ongole,2.5,5.79,26.4,336.0
2018-02-13,Tirupati,1.8,6.19,27.2,343.1
2018-02-14,Amalapuram,2.6,5.75,26.1,301.9
2018-02-14,Guntur,3.3,6.97,26.6,558.0
2018-02-14,Srikakulam,3.5,6.11,24.6,525.4
2018-02-16,Kadapa,12.8,6.56,27.4,572.3
2018-02-16,Kurnool,13.7,7.02,25.1,621.3
2018-02-17,Eluru,23.7,6.8,26.0,596.4
2018-02-17,Rajahmundry,20.1,6.72,26.8,584.4
2018-02-17,Srikakulam,5.0,6.25,25.6,377.8
2018-02-17,Vijayawada,3.4,5.21,24.0,274.5
2018-02-18,Nellore,1.9,5.98,28.2,364.8
2018-02-18,Tirupati,4.3,6.08,28.2,370.5
2018-02-20,Rajahmundry,10.2,7.11,27.5,613.2
2018-02-22,Kakinada,1.6,7.08,25.4,502.5
2018-02-22,Vijayawada,5.4,6.76,26.9,412.2
2018-02-23,Anantapur,3.9,6.32,28.5,314.0
2018-02-26,Amalapuram,0.5,6.74,24.8,450.4
2018-02-27,Kadapa,4.9,6.41,28.5,406.1
2018-02-27,Kakinada,1.1,6.23,26.8,448.1
2018-02-27,Vizianagaram,7.9,6.15,25.0,439.3
2018-02-28,Guntur,10.5,6.28,26.7,527.6
2018-02-28,Ongole,4.1,6.81,27.8,476.9
2018-02-28,Vijayawada,2.5,6.2,27.1,442.7
2018-03-01,Vizianagaram,11.9,6.35,27.5,558.4
2018-03-02,Amalapuram,31.6,8.19,25.1,922.3
2018-03-02,Machilipatnam,13.7,6.91,25.5,617.1
2018-03-02,Srikakulam,45.0,7.89,27.4,895.6
2018-03-03,Kakinada,11.3,6.12,28.3,351.5
2018-03-03,Srikakulam,11.4,6.71,26.4,540.8
2018-03-04,Guntur,11.9,6.27,27.1,439.9
2018-03-04,Nellore,2.5,5.84,28.4,340.2
2018-03-09,Kakinada,4.0,6.13,30.7,458.4
2018-03-09,Srikakulam,6.5,6.04,27.4,390.7
2018-03-09,Tirupati,8.5,6.82,27.7,590.8
2018-03-11,Ongole,5.4,5.65,28.0,295.4
2018-03-12,Eluru,4.9,6.18,25.1,431.2
2018-03-13,Amalapuram,4.8,6.38,25.4,525.3
2018-03-13,Rajahmundry,6.6,6.81,27.3,532.3
2018-03-13,Visakhapatnam,1.7,6.18,29.6,447.7
2018-03-15,Kurnool,2.5,6.24,27.3,376.8
2018-03-15,Machilipatnam,9.4,6.19,27.0,405.5
2018-03-15,Srikakulam,6.1,5.71,27.7,385.8
2018-03-16,Eluru,2.0,5.35,32.7,253.2
2018-03-16,Vizianagaram,24.5,7.55,27.4,802.1
2018-03-18,Guntur,10.2,6.09,30.6,489.1
2018-03-19,Kakinada,1.9,6.42,25.3,511.9
2018-03-19,Kurnool,0.6,5.8,27.7,282.0
2018-03-19,Tirupati,3.9,5.09,27.8,241.8
2018-03-20,Rajahmundry,12.3,6.4,27.3,385.8
2018-03-21,Visakhapatnam,6.5,5.69,27.4,307.9
2018-03-22,Anantapur,13.4,7.23,26.9,646.8
2018-03-22,Rajahmundry,16.0,6.97,26.8,544.4
2018-03-22,Vizianagaram,7.0,5.23,27.3,249.2
2018-03-25,Kadapa,14.0,6.47,29.5,564.7
2018-03-26,Vijayawada,4.5,6.26,28.4,506.3
2018-03-27,Machilipatnam,0.9,6.24,27.9,273.0
2018-03-27,Vijayawada,11.4,5.98,29.0,323.1
2018-03-28,Visakhapatnam,4.4,5.81,26.1,355.4
2018-03-30,Rajahmundry,2.5,5.94,29.0,353.4
2018-03-31,Kadapa,32.7,8.29,30.1,963.3
2018-03-31,Nellore,5.3,6.38,30.3,406.4
2018-04-02,Kakinada,1.4,6.16,29.2,461.3
2018-04-02,Kurnool,13.5,7.03,27.5,523.9
2018-04-02,Ongole,8.0,5.54,29.9,257.5
2018-04-03,Amalapuram,3.6,5.99,28.1,364.0
2018-04-03,Anantapur,8.3,6.57,29.5,598.6
2018-04-03,Kadapa,4.3,6.72,30.0,525.0
2018-04-03,Tirupati,1.6,6.39,29.4,345.7
2018-04-05,Eluru,10.2,7.03,30.7,639.7
2018-04-07,Ongole,14.8,6.18,28.7,524.8
2018-04-08,Rajahmundry,2.1,6.7,28.1,400.7
2018-04-10,Kakinada,2.3,6.3,30.6,369.3
2018-04-10,Rajahmundry,8.0,6.02,29.9,415.1
2018-04-11,Machilipatnam,0.3,6.92,27.2,467.6
2018-04-11,Vijayawada,3.3,6.38,30.2,449.3
2018-04-14,Nellore,4.6,5.83,28.7,374.1
2018-04-14,Tirupati,11.5,6.76,30.0,511.9
2018-04-15,Ongole,10.0,6.74,30.5,524.3
2018-04-17,Amalapuram,5.5,5.36,30.2,216.3
2018-04-18,Visakhapatnam,10.9,6.04,29.7,415.8
2018-04-20,Kakinada,10.8,7.43,31.3,725.4
2018-04-21,Amalapuram,4.5,5.15,31.7,294.2
2018-04-22,Amalapuram,0.6,6.52,29.5,474.6
2018-04-22,Kakinada,6.2,6.62,29.4,488.0
2018-04-22,Rajahmundry,13.3,6.61,30.8,554.6
2018-04-22,Srikakulam,2.7,6.62,30.9,409.3
2018-04-28,Ongole,1.9,6.26,29.3,390.4
2018-04-28,Tirupati,3.8,6.45,31.6,442.4
2018-04-29,Guntur,20.8,6.61,29.0,568.5
2018-04-29,Vizianagaram,3.4,5.37,27.8,236.5
2018-04-30,Vijayawada,0.7,6.64,31.4,573.6
2018-05-01,Vijayawada,174.0,13.79,29.6,2824.2
2018-05-02,Kurnool,9.2,6.04,29.5,355.9
2018-05-04,Anantapur,122.8,10.95,28.4,2052.9
2018-05-04,Vijayawada,11.8,6.02,31.8,426.8
2018-05-05,Amalapuram,0.6,5.51,34.3,236.5
2018-05-05,Anantapur,4.6,6.91,31.5,524.6
2018-05-07,Kadapa,28.7,7.56,31.7,805.0
2018-05-07,Rajahmundry,0.1,5.74,31.1,298.0
2018-05-08,Kakinada,6.4,6.34,30.2,451.5
2018-05-08,Machilipatnam,3.0,6.96,28.4,682.2
2018-05-08,Vizianagaram,4.5,5.8,29.0,346.9
2018-05-11,Eluru,20.2,6.31,31.1,536.6
2018-05-11,Eluru,5.8,6.39,32.5,407.6
2018-05-14,Tirupati,0.4,5.66,34.0,380.2
2018-05-15,Kadapa,6.2,6.6,33.7,464.7
2018-05-17,Kadapa,54.9,7.99,31.6,1124.3
2018-05-18,Ongole,4.6,5.64,32.2,277.9
2018-05-20,Eluru,0.8,5.44,33.3,255.9
2018-05-21,Tirupati,2.2,5.34,30.4,295.1
2018-05-21,Tirupati,21.4,7.1,33.1,638.0
2018-05-23,Nellore,3.1,5.42,33.3,188.2
2018-05-26,Rajahmundry,1.3,5.95,29.6,359.8
2018-05-27,Amalapuram,4.4,6.34,33.5,406.2
2018-05-27,Ongole,174.4,12.52,31.8,2543.9
2018-05-31,Guntur,7.6,5.38,32.5,313.5
2018-06-02,Vijayawada,11.1,5.93,32.1,380.6
2018-06-04,Amalapuram,33.4,7.93,34.5,891.8
2018-06-04,Ongole,34.2,8.36,32.5,990.3
2018-06-05,Guntur,11.9,6.42,31.8,446.5
2018-06-05,Nellore,58.4,9.33,33.3,1198.3
2018-06-06,Kakinada,22.0,7.37,30.7,713.7
2018-06-08,Kurnool,57.9,9.41,30.5,1146.5
2018-06-08,Srikakulam,41.5,7.48,31.3,875.1
2018-06-09,Anantapur,1.7,6.22,30.8,351.0
2018-06-11,Vizianagaram,8.4,7.79,31.4,683.5
2018-06-12,Anantapur,187.4,14.32,29.3,2982.6
2018-06-12,Eluru,21.1,6.67,30.2,612.5
2018-06-15,Eluru,33.7,7.24,32.3,845.4
2018-06-16,Kadapa,7.4,5.91,31.4,253.5
2018-06-16,Kurnool,26.2,6.64,33.1,679.0
2018-06-16,Visakhapatnam,1.1,6.18,30.2,313.9
2018-06-18,Eluru,24.7,6.86,32.4,743.6
2018-06-18,Nellore,2.3,6.22,32.3,251.5
2018-06-19,Kadapa,4.7,6.39,31.3,506.9
2018-06-21,Kurnool,40.1,7.31,30.3,895.6
2018-06-22,Anantapur,4.5,6.14,30.6,467.6
2018-06-22,Vizianagaram,111.5,11.04,29.9,1950.0
2018-06-23,Kurnool,29.7,6.76,31.8,665.1
2018-06-25,Amalapuram,10.4,7.11,32.8,567.1
2018-06-25,Tirupati,2.3,6.37,32.0,487.5
2018-06-30,Machilipatnam,15.6,6.88,31.8,605.8
2018-06-30,Tirupati,4.9,5.41,32.0,214.7
2018-07-01,Srikakulam,9.5,5.43,32.8,349.4
2018-07-02,Kakinada,13.3,6.88,32.9,579.9
2018-07-02,Machilipatnam,4.2,6.58,31.9,527.1
2018-07-03,Vizianagaram,5.4,6.29,33.6,400.3
2018-07-03,Vizianagaram,5.0,5.25,32.0,313.5
2018-07-04,Nellore,12.7,6.38,32.4,522.4
2018-07-04,Ongole,17.1,7.11,33.1,648.0
2018-07-04,Tirupati,11.0,6.76,31.3,519.4
2018-07-04,Vizianagaram,16.0,6.69,30.7,562.4
2018-07-05,Eluru,1.9,6.36,32.3,435.0
2018-07-10,Kadapa,14.2,5.92,32.4,400.2
2018-07-11,Vijayawada,18.3,6.4,32.0,599.7
2018-07-12,Tirupati,20.8,7.33,33.8,804.4
2018-07-13,Rajahmundry,30.4,6.88,31.9,769.8
2018-07-15,Anantapur,5.5,6.04,30.2,272.8
2018-07-16,Anantapur,9.9,6.06,29.2,452.6
2018-07-16,Vizianagaram,13.7,6.08,31.0,412.8
2018-07-19,Kadapa,16.4,6.8,32.6,566.0
2018-07-19,Vijayawada,6.2,6.76,29.6,512.7
2018-07-22,Tirupati,4.4,5.98,29.9,351.8
2018-07-24,Rajahmundry,152.2,13.61,29.8,2620.3
2018-07-25,Vizianagaram,24.9,6.58,32.2,600.8
2018-07-26,Visakhapatnam,20.6,6.69,31.8,603.1
2018-07-29,Kurnool,11.9,7.02,31.3,547.8
2018-07-30,Srikakulam,38.7,7.81,30.1,956.3
2018-07-31,Kadapa,19.0,7.5,30.2,719.6
2018-07-31,Nellore,1.7,6.29,33.0,436.9
2018-08-01,Rajahmundry,34.2,8.22,31.5,942.9
2018-08-02,Kadapa,1.3,5.92,31.5,306.0
2018-08-03,Anantapur,16.0,7.06,28.9,643.2
2018-08-04,Ongole,19.1,6.89,30.5,617.1
2018-08-06,Kadapa,28.0,6.92,32.1,737.7
2018-08-08,Srikakulam,30.7,7.07,29.9,753.4
2018-08-11,Kurnool,11.8,5.96,28.6,421.3
2018-08-13,Rajahmundry,6.1,7.28,29.2,673.1
2018-08-14,Tirupati,3.2,6.31,29.2,443.3
2018-08-15,Visakhapatnam,27.4,6.47,29.9,512.3
2018-08-17,Machilipatnam,1.1,5.53,26.6,282.7
2018-08-17,Srikakulam,16.8,6.52,31.2,546.4
2018-08-19,Kurnool,13.4,6.81,28.0,596.2
2018-08-20,Guntur,26.8,7.43,31.0,775.8
2018-08-24,Guntur,16.7,6.95,28.6,634.4
2018-08-25,Eluru,21.8,6.56,27.8,508.0
2018-08-25,Kadapa,4.4,6.65,30.7,452.3
2018-08-25,Vizianagaram,55.9,7.87,27.6,1069.3
2018-08-27,Machilipatnam,3.3,6.29,28.7,385.6
2018-08-29,Vijayawada,32.3,7.72,28.0,865.6
2018-08-30,Kadapa,37.9,7.38,32.8,800.9
2018-09-02,Kakinada,8.1,6.41,26.6,488.3
2018-09-02,Kakinada,2.9,6.26,29.6,466.1
2018-09-02,Srikakulam,4.6,6.57,26.8,459.0
2018-09-02,Visakhapatnam,22.1,7.46,26.4,857.9
2018-09-04,Nellore,10.5,7.08,29.7,573.5
2018-09-05,Vijayawada,11.3,6.57,31.9,519.8
2018-09-07,Guntur,5.1,5.85,27.3,353.7
2018-09-08,Tirupati,4.4,6.0,29.8,488.2
2018-09-10,Rajahmundry,30.6,7.03,30.7,727.9
2018-09-12,Machilipatnam,47.8,8.3,30.1,1081.4
2018-09-13,Ongole,3.7,5.92,29.7,287.3
2018-09-13,Vizianagaram,5.1,5.88,27.9,341.2
2018-09-14,Guntur,13.8,6.35,29.7,495.8
2018-09-14,Visakhapatnam,14.3,7.27,31.3,706.5
2018-09-15,Visakhapatnam,32.7,7.04,27.8,693.4
2018-09-16,Kadapa,14.9,6.66,27.0,496.1
2018-09-16,Ongole,19.7,6.72,27.7,463.1
2018-09-17,Kurnool,12.2,6.74,26.3,549.9
2018-09-18,Amalapuram,6.0,6.49,27.5,403.7
2018-09-18,Nellore,42.5,8.29,27.8,1070.2
2018-09-18,Rajahmundry,13.9,6.72,28.6,570.9
2018-09-19,Amalapuram,24.5,7.37,27.4,768.3
2018-09-19,Srikakulam,0.3,6.73,29.7,405.2
2018-09-19,Vizianagaram,8.2,6.9,27.5,539.9
2018-09-20,Anantapur,9.5,5.99,27.5,339.0
2018-09-20,Srikakulam,11.9,6.99,30.1,545.4
2018-09-23,Tirupati,17.5,6.99,29.0,661.5
2018-09-25,Visakhapatnam,9.4,6.6,28.1,532.2
2018-09-28,Srikakulam,7.2,5.83,26.6,339.8
2018-09-29,Eluru,12.7,6.74,24.6,457.4
2018-09-30,Visakhapatnam,6.3,6.76,29.0,526.2
2018-10-02,Kakinada,6.6,6.3,28.1,520.0
2018-10-03,Vizianagaram,1.1,5.99,26.2,433.3
2018-10-04,Anantapur,3.9,5.93,25.7,387.7
2018-10-04,Kadapa,6.5,5.94,26.9,307.2
2018-10-05,Rajahmundry,101.2,10.57,28.1,1849.6
2018-10-06,Ongole,2.2,7.01,28.6,483.5
2018-10-10,Srikakulam,0.8,6.37,27.7,393.9
2018-10-11,Kadapa,1.2,6.12,25.4,358.4
2018-10-11,Srikakulam,8.8,6.6,24.2,521.4
2018-10-12,Eluru,2.5,5.67,26.1,382.0
2018-10-18,Tirupati,8.3,6.11,26.5,402.7
2018-10-20,Nellore,5.2,6.27,30.1,414.7
2018-10-20,Vijayawada,3.9,5.82,24.4,342.6
2018-10-21,Tirupati,2.8,6.56,25.2,505.8
2018-10-26,Srikakulam,8.2,6.46,24.1,461.9
2018-10-27,Amalapuram,10.2,6.9,23.3,646.0
2018-10-27,Kakinada,10.4,6.25,22.5,487.1
2018-10-27,Kurnool,5.5,6.42,26.2,515.1
2018-10-28,Kakinada,13.4,6.73,26.6,563.0
2018-10-28,Machilipatnam,4.9,6.89,23.8,473.6
2018-10-29,Nellore,10.4,6.6,28.1,467.9
2018-10-29,Ongole,5.7,7.17,23.4,501.4
2018-10-30,Machilipatnam,8.2,6.29,26.9,495.1
2018-11-01,Kakinada,0.6,6.84,24.8,550.8
2018-11-02,Vizianagaram,15.9,6.97,25.4,576.3
2018-11-03,Amalapuram,1.8,6.33,28.2,505.9
2018-11-03,Nellore,9.0,6.33,22.8,527.8
2018-11-04,Guntur,4.2,6.33,26.8,515.0
2018-11-04,Kakinada,9.5,5.84,25.0,276.6
2018-11-05,Kakinada,6.9,6.45,26.0,466.5
2018-11-06,Ongole,1.7,5.75,26.3,246.8
2018-11-07,Anantapur,3.9,6.43,23.9,276.2
2018-11-07,Ongole,2.9,5.71,25.7,296.8
2018-11-08,Tirupati,3.1,5.85,25.1,238.4
2018-11-09,Kadapa,10.6,6.64,22.7,451.5
2018-11-09,Machilipatnam,1.5,5.76,24.6,419.4
2018-11-10,Amalapuram,4.8,6.38,25.4,511.8
2018-11-10,Tirupati,2.5,5.7,23.5,381.5
2018-11-11,Eluru,5.6,5.17,24.3,245.4
2018-11-12,Ongole,20.3,6.23,27.7,550.7
2018-11-12,Visakhapatnam,2.6,5.51,26.7,264.4
2018-11-14,Ongole,10.8,5.88,24.2,443.8
2018-11-16,Amalapuram,2.6,5.88,26.3,339.2
2018-11-19,Guntur,7.5,6.85,23.6,493.3
2018-11-19,Nellore,6.0,6.49,24.5,422.8
2018-11-19,Vijayawada,6.9,6.72,26.1,494.1
2018-11-19,Visakhapatnam,11.8,7.2,23.5,536.5
2018-11-20,Kadapa,2.5,5.66,25.5,338.0
2018-11-20,Machilipatnam,8.5,6.44,25.1,472.3
2018-11-23,Amalapuram,165.3,13.83,21.1,2723.8
2018-11-25,Rajahmundry,0.4,7.13,25.0,512.0
2018-11-25,Vijayawada,4.5,6.14,24.4,429.9
2018-11-26,Kurnool,11.5,6.53,23.1,564.8
2018-11-28,Kadapa,3.4,6.35,24.3,490.3
2018-11-28,Nellore,4.7,6.07,25.3,431.6
2018-11-30,Anantapur,0.8,6.39,22.1,375.4
2018-11-30,Tirupati,1.4,5.77,23.8,347.0
2018-12-03,Nellore,3.5,5.78,22.8,377.8
2018-12-03,Nellore,6.1,6.48,24.3,514.6
2018-12-04,Rajahmundry,3.9,6.84,25.7,523.9
2018-12-06,Guntur,11.2,6.97,22.8,553.2
2018-12-06,Visakhapatnam,0.9,5.99,24.3,321.5
2018-12-08,Srikakulam,5.0,5.9,22.6,348.4
2018-12-09,Amalapuram,1.4,6.79,26.5,414.4
2018-12-09,Amalapuram,2.1,6.29,22.9,429.6
2018-12-11,Kadapa,72.3,8.75,24.1,1230.8
2018-12-16,Eluru,5.7,5.38,21.3,243.0
2018-12-16,Guntur,0.9,6.01,24.8,384.7
2018-12-16,Ongole,2.4,6.1,22.6,337.0
2018-12-17,Kurnool,13.3,6.9,26.5,605.2
2018-12-17,Vizianagaram,3.4,6.35,24.0,477.0
2018-12-19,Guntur,1.9,6.3,25.2,412.5
2018-12-20,Kakinada,33.9,7.53,23.1,699.5
2018-12-21,Rajahmundry,12.3,6.15,20.1,462.4
2018-12-22,Anantapur,0.6,5.8,24.9,308.5
2018-12-22,Kadapa,12.9,6.89,22.8,587.1
2018-12-23,Amalapuram,8.8,6.86,27.5,474.5
2018-12-23,Amalapuram,6.2,5.43,24.0,399.9
2018-12-23,Srikakulam,8.7,6.27,22.8,455.7
2018-12-23,Vijayawada,1.1,6.09,22.6,366.8
2018-12-26,Eluru,4.8,6.39,24.7,467.5
2018-12-26,Kadapa,3.5,6.55,23.8,483.3
2018-12-27,Kakinada,11.7,6.34,22.0,435.0
2018-12-27,Vizianagaram,4.4,6.61,24.4,532.1
2018-12-28,Ongole,0.8,6.12,24.2,256.5
2018-12-28,Rajahmundry,4.5,6.48,25.1,378.9
2018-12-29,Tirupati,4.4,5.88,24.6,310.4
2018-12-30,Kadapa,5.9,6.81,22.0,453.5
2018-12-30,Vizianagaram,0.4,6.53,22.7,425.8
2018-12-31,Vizianagaram,4.9,5.91,23.8,417.5
2019-01-01,Machilipatnam,14.8,6.1,24.1,357.5
2019-01-01,Tirupati,3.7,5.53,23.3,394.5
2019-01-03,Ongole,7.7,6.47,25.5,471.7
2019-01-04,Kurnool,2.3,5.65,25.1,295.0
2019-01-05,Vijayawada,6.6,5.77,23.0,370.1
2019-01-06,Machilipatnam,11.8,6.49,21.5,455.1
2019-01-07,Vizianagaram,3.9,6.19,24.8,370.0
2019-01-08,Ongole,0.7,4.99,24.6,170.8
2019-01-09,Rajahmundry,1.0,6.2,23.5,438.1
2019-01-10,Kakinada,34.6,7.75,26.1,993.5
2019-01-10,Rajahmundry,120.8,11.53,23.3,2012.5
2019-01-11,Eluru,2.4,6.41,25.3,397.9
2019-01-12,Vijayawada,3.9,6.1,25.6,398.7
2019-01-13,Anantapur,6.7,5.55,23.4,343.4
2019-01-13,Eluru,9.7,6.92,26.2,490.6
2019-01-15,Eluru,4.6,5.32,21.8,216.5
2019-01-15,Rajahmundry,6.4,6.4,23.5,512.2
2019-01-16,Rajahmundry,6.2,6.38,24.2,504.6
2019-01-17,Eluru,12.3,6.54,22.2,533.8
2019-01-19,Rajahmundry,2.7,6.31,26.4,400.2
2019-01-20,Eluru,9.1,6.34,25.4,472.1
2019-01-20,Ongole,4.7,6.07,24.5,390.8
2019-01-23,Vijayawada,3.6,6.84,27.1,576.9
2019-01-24,Kurnool,5.9,5.62,25.1,273.8
2019-01-24,Ongole,2.5,6.46,26.1,518.8
2019-01-24,Ongole,2.4,5.57,25.4,244.2
2019-01-26,Srikakulam,4.6,6.46,23.7,450.1
2019-01-27,Amalapuram,5.5,6.13,24.0,434.6
2019-01-27,Srikakulam,1.4,6.37,25.2,537.6
2019-01-27,Vijayawada,0.7,6.92,23.6,437.7
2019-01-28,Nellore,8.6,5.6,23.2,357.3
2019-01-30,Ongole,5.1,6.95,22.6,555.6
2019-01-30,Srikakulam,2.4,6.58,23.4,400.1
2019-01-30,Tirupati,5.1,6.28,27.3,388.2
2019-01-31,Vizianagaram,0.4,5.77,24.2,422.2
2019-02-01,Kakinada,14.5,7.06,24.2,639.6
2019-02-02,Kakinada,4.1,6.22,23.9,388.0
2019-02-05,Vijayawada,7.1,5.94,28.4,435.2
2019-02-05,Vizianagaram,4.9,6.38,24.3,453.5
2019-02-06,Guntur,10.4,6.62,25.5,495.8
2019-02-07,Anantapur,6.1,5.88,23.5,319.1
2019-02-07,Kadapa,5.3,5.66,26.4,394.1
2019-02-07,Rajahmundry,4.2,5.94,26.0,336.1
2019-02-08,Kakinada,4.6,5.97,23.9,384.2
2019-02-09,Rajahmundry,6.7,6.14,25.4,340.5
2019-02-09,Visakhapatnam,2.0,5.92,26.5,374.7
2019-02-10,Kakinada,6.0,6.15,24.5,503.6
2019-02-13,Eluru,2.9,6.51,26.0,591.7
2019-02-13,Vizianagaram,4.6,6.5,25.8,495.4
2019-02-15,Guntur,16.4,6.56,28.2,484.3
2019-02-16,Kurnool,2.5,5.63,26.2,340.1
2019-02-18,Ongole,6.5,5.87,26.9,450.7
2019-02-21,Amalapuram,3.4,6.72,26.1,478.5
2019-02-21,Vijayawada,7.0,6.38,26.6,374.5
2019-02-24,Visakhapatnam,1.2,6.38,27.0,454.2
2019-02-25,Srikakulam,7.5,6.52,26.9,523.8
2019-02-26,Ongole,5.8,4.85,28.1,223.3
2019-02-26,Tirupati,6.8,5.91,29.4,396.7
2019-03-01,Kadapa,9.0,5.98,27.5,428.7
2019-03-02,Anantapur,5.7,6.43,23.9,397.0
2019-03-03,Vizianagaram,0.9,6.39,28.2,365.0
2019-03-04,Tirupati,0.5,6.66,25.4,452.6
2019-03-04,Visakhapatnam,2.6,5.78,27.1,429.1
2019-03-04,Visakhapatnam,7.1,6.8,26.3,619.2
2019-03-05,Guntur,5.7,5.62,29.0,395.8
2019-03-06,Amalapuram,9.5,7.11,27.1,578.8
2019-03-06,Srikakulam,128.2,12.18,26.0,2195.5
2019-03-07,Machilipatnam,7.4,6.18,28.4,459.1
2019-03-08,Anantapur,3.7,5.48,28.7,203.7
2019-03-10,Guntur,0.6,5.96,27.3,334.1
2019-03-10,Kadapa,81.5,10.23,27.7,1607.9
2019-03-10,Kurnool,8.1,6.95,27.4,629.0
2019-03-11,Anantapur,12.9,6.33,26.1,489.9
2019-03-11,Tirupati,3.9,6.35,27.3,392.6
2019-03-11,Vizianagaram,9.5,5.74,26.3,348.0
2019-03-12,Kadapa,3.5,6.47,24.2,521.4
2019-03-13,Eluru,135.2,11.89,25.0,2233.4
2019-03-13,Ongole,0.9,6.26,29.1,475.1
2019-03-15,Kakinada,2.4,5.81,27.9,361.6
2019-03-15,Visakhapatnam,4.9,5.18,25.6,348.5
2019-03-16,Anantapur,11.4,6.8,28.3,485.5
2019-03-16,Guntur,28.1,7.1,27.4,708.4
2019-03-16,Vijayawada,6.2,6.27,27.9,446.8
2019-03-17,Kurnool,22.8,7.13,31.3,711.6
2019-03-17,Rajahmundry,8.0,6.15,26.9,327.4
2019-03-18,Kadapa,22.0,6.57,24.3,587.9
2019-03-22,Anantapur,12.9,6.71,27.8,546.8
2019-03-24,Vijayawada,8.3,6.43,29.4,489.5
2019-03-25,Vijayawada,1.1,5.9,28.8,208.5
2019-03-28,Rajahmundry,5.7,5.09,27.5,290.9
2019-03-29,Vizianagaram,4.5,6.44,24.5,434.5
2019-03-30,Visakhapatnam,6.3,6.19,28.2,413.8
2019-03-31,Visakhapatnam,0.9,5.61,29.5,399.2
2019-03-31,Vizianagaram,181.0,14.04,27.5,2903.2
2019-04-01,Machilipatnam,4.9,5.88,28.9,353.2
2019-04-02,Visakhapatnam,1.5,6.04,30.3,364.8
2019-04-03,Kakinada,13.7,5.06,28.3,342.0
2019-04-03,Nellore,4.8,6.27,28.2,376.7
2019-04-03,Ongole,6.0,5.43,29.8,201.9
2019-04-05,Eluru,5.4,5.75,31.2,400.4
2019-04-06,Machilipatnam,14.6,7.06,32.6,523.1
2019-04-08,Vizianagaram,0.3,5.84,27.5,348.5
2019-04-10,Tirupati,69.8,8.1,31.3,1181.9
2019-04-14,Rajahmundry,4.1,5.79,32.6,289.7
2019-04-15,Srikakulam,12.3,7.27,29.0,639.7
2019-04-16,Guntur,5.3,5.31,33.3,308.1
2019-04-16,Visakhapatnam,8.8,6.43,29.2,518.4
2019-04-17,Anantapur,8.0,6.76,28.1,435.3
2019-04-17,Machilipatnam,54.1,8.05,27.1,1064.6
2019-04-18,Kurnool,6.8,6.79,30.8,553.3
2019-04-18,Tirupati,16.3,7.4,29.3,736.3
2019-04-19,Anantapur,4.6,5.98,30.3,267.6
2019-04-19,Kadapa,11.6,6.77,29.7,458.7
2019-04-20,Kakinada,0.2,7.12,27.8,452.1
2019-04-21,Srikakulam,0.2,6.07,29.8,328.1
2019-04-22,Anantapur,2.2,5.72,27.5,315.0
2019-04-22,Kurnool,3.1,5.91,27.2,374.1
2019-04-24,Anantapur,2.1,6.31,29.5,343.8
2019-04-25,Anantapur,15.7,5.58,31.3,463.1
2019-04-26,Kurnool,1.2,5.48,30.2,285.2
2019-04-27,Vizianagaram,3.3,6.65,32.3,462.5
2019-04-28,Vijayawada,1.4,5.86,30.2,357.0
2019-04-29,Machilipatnam,1.6,5.06,30.1,214.4
2019-04-30,Ongole,6.7,6.93,29.8,512.1
2019-05-02,Srikakulam,9.3,6.53,31.7,483.3
2019-05-04,Guntur,5.0,6.47,30.5,483.5
2019-05-05,Amalapuram,6.8,5.97,31.3,434.4
2019-05-06,Anantapur,5.8,6.82,29.9,589.8
2019-05-06,Kurnool,2.4,5.61,31.9,301.9
2019-05-06,Visakhapatnam,0.5,5.95,31.0,387.5
2019-05-07,Kakinada,4.3,5.34,31.0,206.0
2019-05-07,Kurnool,9.9,5.97,31.0,415.0
2019-05-08,Nellore,7.0,6.03,32.0,401.1
2019-05-09,Machilipatnam,4.1,5.86,31.6,330.7
2019-05-09,Vizianagaram,14.2,6.94,28.0,642.2
2019-05-10,Kadapa,5.9,5.44,34.9,335.4
2019-05-11,Guntur,4.1,6.47,31.4,509.5
2019-05-13,Machilipatnam,14.6,6.17,32.1,369.0
2019-05-14,Kurnool,7.6,6.0,32.4,403.1
2019-05-14,Tirupati,7.0,7.42,32.1,591.5
2019-05-16,Machilipatnam,11.9,5.76,30.8,401.7
2019-05-17,Amalapuram,9.4,6.3,32.1,445.9
2019-05-20,Kakinada,4.2,5.85,28.9,335.0
2019-05-21,Rajahmundry,3.2,5.96,31.2,448.2
2019-05-22,Eluru,2.4,5.97,32.2,356.3
2019-05-23,Vijayawada,7.7,6.74,33.7,508.3
2019-05-24,Ongole,0.9,5.71,31.2,264.8
2019-05-28,Amalapuram,14.8,6.9,32.0,613.2
2019-05-28,Kakinada,9.8,6.46,30.8,405.7
2019-05-29,Kadapa,0.6,5.87,31.5,288.3
2019-05-29,Machilipatnam,11.9,6.09,30.7,434.3
2019-05-29,Tirupati,1.5,5.85,29.6,276.5
2019-05-30,Eluru,2.2,6.46,32.8,483.3
2019-05-30,Guntur,3.2,6.09,29.7,486.1
2019-05-30,Tirupati,1.9,6.74,30.6,583.0
2019-06-01,Amalapuram,10.7,6.61,30.9,465.7
2019-06-01,Kurnool,5.4,6.31,29.7,477.6
2019-06-01,Kurnool,16.0,7.65,29.8,748.9
2019-06-03,Rajahmundry,27.2,7.31,32.2,840.6
2019-06-08,Visakhapatnam,7.3,5.79,29.8,385.1
2019-06-10,Guntur,2.9,5.45,30.9,294.3
2019-06-11,Kadapa,6.3,7.01,32.2,564.2
2019-06-11,Kakinada,6.2,5.84,32.6,320.1
2019-06-11,Rajahmundry,1.2,6.6,30.5,422.5
2019-06-12,Amalapuram,10.8,6.55,32.4,558.2
2019-06-13,Amalapuram,20.6,6.47,30.8,601.6
2019-06-13,Tirupati,35.0,7.29,33.8,825.3
2019-06-17,Eluru,19.0,7.0,31.7,610.5
2019-06-17,Machilipatnam,6.2,6.68,31.6,547.3
2019-06-18,Ongole,66.0,9.18,28.9,1383.2
2019-06-19,Eluru,28.5,7.22,32.8,679.3
2019-06-19,Machilipatnam,3.4,5.49,31.6,208.0
2019-06-19,Nellore,65.3,9.02,30.3,1292.0
2019-06-20,Vizianagaram,6.4,6.88,32.7,511.0
2019-06-23,Visakhapatnam,6.5,5.85,33.5,309.8
2019-06-24,Amalapuram,1.9,6.07,34.6,380.8
2019-06-24,Vizianagaram,13.1,6.48,31.0,537.8
2019-06-25,Machilipatnam,45.2,8.33,31.9,1017.3
2019-06-25,Tirupati,12.8,6.85,30.4,614.8
2019-06-25,Vijayawada,29.3,6.89,33.6,734.1
2019-06-26,Amalapuram,3.4,5.78,30.7,337.4
2019-06-28,Rajahmundry,17.3,6.76,29.9,523.5
2019-06-29,Guntur,3.5,5.61,30.5,311.4
2019-06-29,Vijayawada,44.7,8.76,33.1,1242.6
2019-06-29,Vizianagaram,17.2,6.18,32.2,475.8
2019-07-03,Rajahmundry,50.0,8.93,30.9,1205.5
2019-07-04,Kakinada,42.2,7.85,31.4,944.5
2019-07-04,Kurnool,15.5,6.39,31.5,464.9
2019-07-05,Eluru,10.3,6.23,34.1,475.9
2019-07-06,Vijayawada,6.2,6.0,31.8,332.4
2019-07-07,Eluru,74.1,8.94,32.2,1381.8
2019-07-07,Kadapa,8.5,6.77,30.5,533.2
2019-07-07,Visakhapatnam,6.6,6.21,31.8,453.3
2019-07-08,Kurnool,10.2,7.31,33.2,558.5
2019-07-08,Srikakulam,7.7,6.14,33.5,504.9
2019-07-08,Visakhapatnam,0.4,5.7,34.1,284.0
2019-07-09,Eluru,20.6,7.78,31.7,854.9
2019-07-09,Rajahmundry,3.6,6.53,31.8,433.5
2019-07-11,Guntur,30.9,8.28,31.5,902.4
2019-07-12,Kurnool,0.7,6.0,28.9,369.2
2019-07-13,Eluru,75.0,9.28,31.2,1419.5
2019-07-13,Kadapa,4.6,6.21,31.1,394.5
2019-07-13,Nellore,11.8,5.8,30.3,550.0
2019-07-14,Vijayawada,21.4,7.07,31.3,678.8
2019-07-15,Kurnool,3.5,6.39,30.8,447.0
2019-07-15,Machilipatnam,41.4,7.42,27.8,794.9
2019-07-15,Tirupati,19.7,6.62,31.8,640.0
2019-07-15,Visakhapatnam,28.8,7.15,30.4,671.9
2019-07-18,Amalapuram,31.8,7.66,29.9,920.8
2019-07-19,Eluru,24.4,7.13,31.8,810.4
2019-07-20,Kakinada,3.8,5.94,29.9,432.1
2019-07-21,Machilipatnam,7.5,6.24,30.1,424.8
2019-07-21,Rajahmundry,44.8,8.23,32.0,1087.8
2019-07-23,Kadapa,3.4,6.85,31.6,424.1
2019-07-24,Kadapa,30.5,6.6,33.7,609.3
2019-07-26,Amalapuram,6.7,6.91,29.9,599.4
2019-08-02,Anantapur,6.8,6.07,32.1,495.0
2019-08-02,Ongole,25.3,7.01,29.5,588.6
2019-08-03,Machilipatnam,5.1,4.9,31.1,236.3
2019-08-03,Nellore,8.6,6.35,28.8,380.7
2019-08-04,Ongole,8.2,6.31,33.2,463.1
2019-08-04,Visakhapatnam,21.1,6.67,32.7,649.7
2019-08-09,Srikakulam,17.5,7.22,31.2,740.2
2019-08-09,Vizianagaram,15.9,6.44,32.1,520.9
2019-08-09,Vizianagaram,1.6,6.49,29.5,441.2
2019-08-10,Anantapur,5.5,7.58,31.9,701.9
2019-08-10,Visakhapatnam,3.6,6.73,29.1,497.9
2019-08-12,Rajahmundry,9.4,6.68,30.1,514.8
2019-08-12,Visakhapatnam,19.8,7.01,29.4,631.5
2019-08-13,Amalapuram,12.9,6.13,29.9,482.2
2019-08-13,Kadapa,8.7,7.04,29.6,610.8
2019-08-13,Kurnool,6.0,5.97,30.1,345.1
2019-08-14,Visakhapatnam,2.6,6.5,28.9,413.0
2019-08-16,Amalapuram,39.5,8.38,32.1,1021.4
2019-08-16,Amalapuram,9.1,6.88,30.1,518.8
2019-08-16,Guntur,8.0,6.01,34.1,376.4
2019-08-18,Kurnool,14.1,6.73,28.9,571.8
2019-08-18,Visakhapatnam,6.5,7.05,28.8,596.7
2019-08-20,Kakinada,0.2,5.21,32.4,299.2
2019-08-20,Srikakulam,6.5,6.98,29.4,621.1
2019-08-20,Vijayawada,42.2,8.06,30.2,1003.0
2019-08-24,Vijayawada,14.9,6.15,28.7,490.5
2019-08-25,Guntur,10.6,6.1,27.7,550.4
2019-08-25,Srikakulam,3.5,5.56,27.8,271.4
2019-08-25,Tirupati,8.1,6.23,27.3,480.6
2019-08-25,Vijayawada,52.2,8.31,31.0,1108.0
2019-08-26,Vijayawada,46.5,8.33,30.0,921.8
2019-08-27,Kakinada,60.6,9.02,29.2,1324.6
2019-08-27,Machilipatnam,6.1,5.76,31.1,378.0
2019-08-28,Vizianagaram,24.0,7.81,26.6,771.3
2019-08-29,Machilipatnam,9.8,6.33,29.1,414.1
2019-08-29,Rajahmundry,3.2,5.66,28.8,303.0
2019-09-04,Anantapur,12.5,7.2,30.6,640.0
2019-09-06,Kurnool,11.0,6.47,28.5,592.7
2019-09-07,Amalapuram,14.4,7.04,27.8,578.8
2019-09-07,Guntur,1.7,6.32,30.1,426.7
2019-09-10,Amalapuram,4.7,6.68,27.9,447.6
2019-09-12,Kakinada,17.2,6.81,30.0,547.4
2019-09-12,Machilipatnam,4.4,6.16,26.9,392.3
2019-09-13,Srikakulam,16.9,6.55,28.7,716.8
2019-09-14,Kurnool,13.6,6.19,28.0,546.1
2019-09-16,Guntur,19.8,7.01,29.5,680.5
2019-09-16,Machilipatnam,0.1,5.62,30.8,353.4
2019-09-18,Machilipatnam,6.9,6.32,28.9,419.2
2019-09-18,Vizianagaram,4.0,6.13,28.3,347.6
2019-09-19,Kakinada,58.9,8.07,26.8,1128.2
2019-09-21,Eluru,15.9,7.32,28.8,642.1
2019-09-21,Srikakulam,24.8,7.19,27.8,751.2
2019-09-21,Tirupati,28.0,6.39,25.1,652.7
2019-09-22,Guntur,16.0,6.56,29.5,573.5
2019-09-22,Kakinada,224.2,16.88,28.3,3664.1
2019-09-24,Amalapuram,124.1,11.55,27.5,2055.7
2019-09-24,Tirupati,6.5,5.95,27.8,405.2
2019-09-25,Amalapuram,4.4,6.95,28.3,551.8
2019-09-25,Vizianagaram,2.7,6.61,25.8,520.3
2019-09-26,Amalapuram,41.1,7.8,27.3,880.0
2019-09-27,Eluru,36.9,7.95,30.3,928.6
2019-09-28,Guntur,32.4,7.76,25.5,790.5
2019-09-29,Kakinada,42.3,8.3,28.3,928.8
2019-09-29,Kurnool,11.4,6.97,28.9,566.8
2019-10-01,Eluru,4.4,5.89,27.4,388.6
2019-10-02,Anantapur,1.9,6.15,26.6,396.2
2019-10-02,Ongole,3.8,6.87,28.8,574.7
2019-10-06,Eluru,0.1,5.7,26.6,315.9
2019-10-06,Ongole,70.0,9.58,26.0,1376.6
2019-10-07,Eluru,9.5,6.0,25.5,329.7
2019-10-07,Kurnool,0.2,5.9,27.3,237.0
2019-10-08,Anantapur,22.5,7.58,26.9,745.0
2019-10-08,Kadapa,2.7,6.6,27.0,500.8
2019-10-08,Ongole,7.4,6.55,27.6,567.1
2019-10-09,Ongole,13.7,7.73,26.8,672.2
2019-10-10,Rajahmundry,10.5,6.83,25.2,548.5
2019-10-14,Amalapuram,7.1,7.3,26.2,667.3
2019-10-14,Srikakulam,18.8,6.72,24.2,572.6
2019-10-14,Vizianagaram,5.6,6.3,27.8,404.3
2019-10-15,Guntur,2.5,5.77,27.5,319.1
2019-10-15,Machilipatnam,21.9,7.12,27.3,612.5
2019-10-17,Kadapa,6.4,6.9,27.2,527.1
2019-10-19,Tirupati,7.4,6.53,27.2,439.7
2019-10-20,Kakinada,3.5,5.5,26.1,179.3
2019-10-20,Vijayawada,13.9,7.11,23.4,579.7
2019-10-20,Vijayawada,7.1,5.79,25.1,326.9
2019-10-24,Srikakulam,8.2,6.51,26.0,542.0
2019-10-26,Vijayawada,17.8,7.8,24.5,729.2
2019-10-28,Nellore,6.1,6.05,25.8,372.9
2019-10-30,Vijayawada,10.6,7.44,24.7,618.4
2019-10-31,Kadapa,6.2,6.45,25.0,493.6
2019-10-31,Ongole,184.6,14.21,23.9,2975.0
2019-11-01,Ongole,7.9,6.39,28.8,497.1
2019-11-01,Rajahmundry,8.3,6.76,24.5,468.1
2019-11-02,Eluru,14.7,6.29,26.1,728.9
2019-11-02,Ongole,13.9,6.99,25.6,597.6
2019-11-03,Vizianagaram,17.5,6.67,23.4,524.9
2019-11-07,Kurnool,12.7,6.26,26.4,462.1
2019-11-07,Ongole,35.6,7.61,26.2,953.2
2019-11-08,Machilipatnam,10.0,6.22,27.4,424.5
2019-11-09,Eluru,6.3,6.85,23.5,609.8
2019-11-10,Ongole,13.7,6.47,23.8,614.2
2019-11-10,Visakhapatnam,1.7,5.95,24.2,346.8
2019-11-11,Nellore,17.4,7.07,24.7,641.6
2019-11-12,Machilipatnam,0.7,5.29,24.5,262.0
2019-11-13,Rajahmundry,2.3,6.05,23.0,288.4
2019-11-14,Kadapa,2.6,5.99,22.3,362.4
2019-11-16,Srikakulam,0.9,5.7,27.7,285.6
2019-11-18,Vijayawada,15.2,6.51,23.3,484.8
2019-11-19,Kurnool,1.0,6.85,25.9,591.0
2019-11-19,Srikakulam,3.4,6.42,23.0,535.4
2019-11-20,Tirupati,10.1,6.34,24.3,458.3
2019-11-21,Srikakulam,3.8,6.2,23.7,456.1
2019-11-22,Nellore,0.2,5.07,24.8,120.8
2019-11-23,Amalapuram,1.2,6.09,24.5,363.7
2019-11-24,Rajahmundry,12.2,6.01,22.5,438.3
2019-11-28,Amalapuram,1.8,5.47,26.1,134.8
2019-11-28,Nellore,4.3,6.81,23.3,462.8
2019-11-30,Eluru,6.3,6.09,20.9,383.4
2019-11-30,Nellore,6.0,6.74,24.9,558.5
2019-12-01,Amalapuram,4.1,5.33,24.4,137.5
2019-12-01,Anantapur,8.6,6.36,23.8,510.3
2019-12-01,Visakhapatnam,5.2,6.01,23.2,477.0
2019-12-02,Tirupati,4.2,6.04,25.2,526.7
2019-12-03,Srikakulam,9.2,6.03,22.8,335.2
2019-12-04,Tirupati,5.0,7.02,23.2,585.5
2019-12-05,Anantapur,3.5,5.98,22.6,378.1
2019-12-06,Anantapur,116.7,12.01,23.1,2037.1
2019-12-06,Ongole,3.1,5.61,23.3,347.1
2019-12-08,Anantapur,7.3,6.68,25.4,548.3
2019-12-09,Amalapuram,3.7,7.13,22.7,460.1
2019-12-09,Guntur,10.5,6.38,23.2,607.0
2019-12-09,Ongole,1.6,6.5,23.9,543.6
2019-12-10,Ongole,9.0,5.56,23.2,339.8
2019-12-10,Tirupati,0.5,5.81,23.1,400.4
2019-12-10,Vijayawada,14.7,7.79,22.5,746.8
2019-12-10,Vijayawada,4.7,6.07,26.6,317.5
2019-12-11,Guntur,3.5,6.37,21.0,432.4
2019-12-12,Ongole,6.9,6.06,23.8,448.8
2019-12-12,Srikakulam,1.2,6.75,25.2,426.1
2019-12-13,Nellore,6.1,5.85,21.0,311.8
2019-12-13,Ongole,12.8,6.44,19.2,443.6
2019-12-14,Amalapuram,22.2,7.36,24.6,808.1
2019-12-14,Vijayawada,2.7,6.11,25.2,395.1
2019-12-14,Vizianagaram,1.4,6.56,24.2,492.7
2019-12-15,Rajahmundry,1.6,6.27,26.9,330.9
2019-12-15,Srikakulam,13.8,6.59,25.3,581.1
2019-12-15,Vijayawada,7.7,6.35,23.0,463.7
2019-12-15,Vijayawada,6.4,6.67,22.4,418.7
2019-12-16,Ongole,2.4,5.58,21.5,257.2
2019-12-17,Srikakulam,1.6,6.65,25.2,381.6
2019-12-19,Kurnool,15.7,6.91,22.0,533.1
2019-12-20,Kadapa,28.6,6.79,25.8,614.9
2019-12-20,Kurnool,4.4,6.2,24.1,419.7
2019-12-21,Kakinada,4.4,5.97,22.8,278.2
2019-12-21,Kakinada,1.6,5.3,24.5,195.5
2019-12-21,Vijayawada,3.6,6.49,24.1,428.9
2019-12-21,Vizianagaram,1.2,5.45,23.1,314.4
2019-12-23,Rajahmundry,7.8,6.18,22.7,526.1
2019-12-24,Anantapur,2.6,6.86,22.8,489.5
2019-12-24,Kurnool,2.5,5.63,25.2,358.7
2019-12-24,Vizianagaram,6.8,6.89,24.4,519.3
2019-12-25,Kadapa,5.1,6.11,24.9,409.9
2019-12-26,Eluru,0.8,5.63,25.1,252.8
2019-12-28,Visakhapatnam,6.0,5.98,28.6,334.3
2019-12-29,Amalapuram,5.3,5.3,24.6,269.2
2019-12-31,Vijayawada,8.7,6.92,23.9,545.5
2019-12-31,Visakhapatnam,6.7,6.68,25.1,473.0
2020-01-01,Rajahmundry,7.7,5.8,25.1,415.7
2020-01-02,Amalapuram,11.8,6.23,23.7,467.7
2020-01-02,Vijayawada,12.1,6.09,22.7,493.3
2020-01-03,Nellore,1.4,6.15,25.6,381.6
2020-01-07,Ongole,14.6,6.3,23.6,496.1
2020-01-08,Nellore,13.6,6.61,24.0,668.0
2020-01-10,Kadapa,2.0,6.59,24.2,473.6
2020-01-10,Ongole,2.1,6.85,24.3,519.8
2020-01-10,Srikakulam,8.2,6.49,22.9,538.2
2020-01-12,Amalapuram,17.2,6.85,22.8,623.4
2020-01-13,Kadapa,168.9,13.73,25.6,2767.6
2020-01-15,Vijayawada,16.5,6.79,26.3,506.9
2020-01-16,Kakinada,8.5,6.21,23.4,475.9
2020-01-17,Srikakulam,6.7,5.74,24.6,427.1
2020-01-18,Guntur,5.2,5.85,24.3,493.4
2020-01-18,Kadapa,9.7,6.11,24.3,528.1
2020-01-19,Eluru,12.7,6.6,22.7,516.8
2020-01-19,Visakhapatnam,12.1,6.71,24.0,502.4
2020-01-21,Rajahmundry,5.9,6.12,24.2,442.0
2020-01-23,Visakhapatnam,4.0,6.71,23.6,432.0
2020-01-24,Tirupati,3.3,6.13,22.4,285.6
2020-01-26,Anantapur,7.4,5.93,27.0,502.0
2020-01-27,Kadapa,5.5,5.68,24.1,349.5
2020-01-28,Vijayawada,10.2,5.51,24.8,299.5
2020-01-29,Eluru,4.2,5.94,24.6,383.7
2020-01-29,Srikakulam,3.1,6.01,24.1,334.3
2020-01-30,Amalapuram,10.0,6.79,27.0,525.2
2020-01-30,Kurnool,7.9,6.34,25.0,479.3
2020-01-30,Ongole,5.3,5.86,23.8,389.3
2020-01-31,Eluru,2.9,5.14,24.4,272.8
2020-01-31,Visakhapatnam,4.2,5.72,27.5,355.1
2020-02-01,Kadapa,2.4,5.86,26.4,329.9
2020-02-01,Visakhapatnam,1.3,5.97,26.5,375.3
2020-02-02,Machilipatnam,10.5,6.79,25.3,496.0
2020-02-03,Kurnool,1.5,6.34,27.1,425.1
2020-02-03,Machilipatnam,4.8,6.74,26.4,510.0
2020-02-03,Tirupati,9.4,6.95,25.8,526.0
2020-02-03,Visakhapatnam,6.3,6.46,25.1,422.4
2020-02-03,Vizianagaram,2.6,5.87,27.0,356.7
2020-02-05,Kakinada,9.8,6.79,24.2,603.9
2020-02-05,Vizianagaram,14.8,5.76,26.7,408.5
2020-02-07,Kurnool,1.3,5.29,24.9,180.6
2020-02-08,Vijayawada,5.5,6.82,25.2,521.7
2020-02-09,Amalapuram,12.1,6.5,26.4,567.0
2020-02-10,Anantapur,0.8,6.29,30.2,392.3
2020-02-10,Rajahmundry,81.1,9.78,25.7,1413.7
2020-02-10,Vizianagaram,2.6,5.84,23.7,444.2
2020-02-13,Anantapur,7.7,5.58,26.3,313.8
2020-02-17,Kadapa,3.1,5.99,26.5,330.9
2020-02-19,Kurnool,3.9,5.85,24.3,319.0
2020-02-19,Nellore,0.5,6.94,24.3,501.3
2020-02-20,Kadapa,4.8,5.36,25.4,217.9
2020-02-21,Eluru,4.8,5.06,27.5,220.1
2020-02-21,Kadapa,0.1,6.0,26.4,314.6
2020-02-21,Tirupati,1.5,6.28,24.7,458.4
2020-02-22,Guntur,2.5,6.19,25.0,388.5
2020-02-22,Rajahmundry,1.4,5.62,28.5,333.2
2020-02-23,Tirupati,0.9,5.97,25.8,343.7
2020-02-24,Guntur,5.3,5.73,26.2,324.4
2020-02-25,Amalapuram,0.6,6.29,27.5,422.0
2020-02-25,Kadapa,5.0,6.28,23.2,423.6
2020-02-25,Visakhapatnam,1.3,6.39,26.2,360.3
2020-02-27,Kakinada,0.5,5.94,26.2,358.3
2020-02-27,Visakhapatnam,18.9,6.79,30.5,600.2
2020-02-29,Visakhapatnam,1.2,5.64,26.4,402.7
2020-03-01,Kurnool,3.5,5.67,27.2,363.6
2020-03-03,Visakhapatnam,6.6,7.04,26.0,598.0
2020-03-04,Kadapa,7.6,5.65,27.0,402.4
2020-03-05,Visakhapatnam,5.9,5.6,26.3,265.5
2020-03-06,Eluru,7.9,5.82,28.8,349.9
2020-03-06,Kadapa,2.2,5.91,28.4,386.6
2020-03-06,Machilipatnam,6.0,5.95,27.8,381.8
2020-03-06,Srikakulam,9.7,6.3,27.6,418.4
2020-03-11,Eluru,0.6,5.52,28.3,345.4
2020-03-13,Amalapuram,13.5,6.69,26.6,533.6
2020-03-13,Kurnool,0.9,6.2,29.7,439.3
2020-03-14,Amalapuram,3.5,5.92,27.2,355.1
2020-03-14,Tirupati,4.8,5.66,26.2,391.2
2020-03-16,Ongole,5.3,5.11,25.2,243.4
2020-03-18,Amalapuram,5.1,6.64,29.7,514.0
2020-03-19,Guntur,7.6,6.19,26.9,533.8
2020-03-19,Kurnool,11.7,7.19,25.1,577.6
2020-03-21,Amalapuram,1.3,5.92,24.7,370.3
2020-03-21,Guntur,14.7,7.12,26.1,643.4
2020-03-21,Kakinada,4.2,6.33,27.5,419.8
2020-03-23,Kadapa,7.7,6.38,28.1,440.5
2020-03-23,Kurnool,9.3,6.33,29.9,516.8
2020-03-23,Srikakulam,3.0,6.04,28.2,410.7
2020-03-25,Eluru,8.9,6.02,27.6,522.7
2020-03-25,Kurnool,3.0,6.42,30.8,436.0
2020-03-25,Machilipatnam,1.9,6.53,27.3,579.6
2020-03-25,Rajahmundry,19.2,6.65,27.1,674.6
2020-03-25,Visakhapatnam,0.5,5.82,25.9,329.5
2020-03-26,Srikakulam,14.2,6.63,28.3,469.6
2020-03-29,Kakinada,162.5,12.46,27.6,2499.1
2020-03-29,Nellore,3.4,6.57,29.8,461.1
2020-03-29,Visakhapatnam,10.4,7.08,27.6,652.3
2020-03-30,Tirupati,3.4,5.75,30.8,392.0
2020-04-02,Srikakulam,19.0,7.06,29.8,629.9
2020-04-03,Anantapur,1.5,6.9,27.2,651.3
2020-04-04,Tirupati,8.5,6.13,27.7,394.0
2020-04-06,Rajahmundry,3.8,7.1,29.0,514.1
2020-04-08,Nellore,3.9,6.0,28.4,425.5
2020-04-09,Guntur,0.5,6.96,29.2,483.3
2020-04-09,Machilipatnam,2.6,5.37,28.0,253.1
2020-04-09,Visakhapatnam,3.8,6.09,29.6,289.8
2020-04-10,Amalapuram,21.0,6.85,28.1,655.0
2020-04-10,Kakinada,8.0,6.37,29.8,474.7
2020-04-10,Tirupati,8.8,6.19,29.5,423.4
2020-04-12,Amalapuram,0.2,6.61,31.0,579.9
2020-04-12,Amalapuram,0.7,6.68,27.5,421.2
2020-04-12,Eluru,9.3,5.92,28.0,468.4
2020-04-12,Kakinada,13.5,6.14,29.6,485.2
2020-04-12,Srikakulam,1.2,5.92,29.6,320.9
2020-04-13,Kurnool,1.0,6.17,29.1,270.6
2020-04-13,Srikakulam,2.2,5.79,28.7,270.8
2020-04-14,Visakhapatnam,4.0,6.23,32.1,351.2
2020-04-15,Anantapur,5.9,6.71,27.4,516.1
2020-04-15,Nellore,0.5,5.44,29.0,259.4
2020-04-22,Vizianagaram,0.4,6.11,31.3,376.9
2020-04-23,Kurnool,18.4,7.05,26.7,630.0
2020-04-25,Kakinada,4.0,6.11,27.8,292.9
2020-04-25,Srikakulam,4.6,7.13,29.4,573.3
2020-04-25,Vizianagaram,8.5,6.11,29.5,420.0
2020-04-25,Vizianagaram,3.9,6.18,28.6,300.8
2020-04-26,Anantapur,6.5,6.53,31.2,548.9
2020-04-27,Kakinada,57.9,8.63,30.3,1166.1
2020-04-27,Ongole,6.0,5.83,28.3,340.8
2020-04-28,Amalapuram,10.8,7.1,29.4,632.9
2020-04-28,Nellore,17.9,6.79,29.2,597.8
2020-04-28,Rajahmundry,22.1,7.43,28.1,727.4
2020-04-28,Vijayawada,4.9,5.38,33.0,328.7
2020-04-29,Vizianagaram,1.3,5.64,28.6,194.4
2020-04-30,Ongole,3.1,6.49,29.8,607.5
2020-05-01,Visakhapatnam,4.8,6.23,29.4,526.9
2020-05-02,Ongole,2.6,5.7,32.0,250.5
2020-05-02,Vizianagaram,12.3,6.6,31.9,448.3
2020-05-04,Rajahmundry,1.3,6.9,28.7,452.6
2020-05-05,Vizianagaram,7.6,5.59,32.3,372.4
2020-05-06,Kadapa,7.6,6.19,29.6,468.7
2020-05-07,Amalapuram,11.6,6.5,29.1,494.5
2020-05-08,Guntur,1.3,6.26,33.2,304.0
2020-05-09,Kadapa,2.4,6.5,30.6,478.6
2020-05-09,Kurnool,8.1,6.1,29.4,399.9
2020-05-12,Machilipatnam,2.9,6.32,34.0,430.8
2020-05-13,Vijayawada,14.8,6.69,32.1,597.9
2020-05-14,Kurnool,3.9,5.43,32.9,226.6
2020-05-16,Kurnool,16.4,6.78,32.7,573.0
2020-05-16,Visakhapatnam,3.3,5.78,32.0,263.0
2020-05-17,Kurnool,1.4,5.29,32.6,286.4
2020-05-18,Eluru,3.9,6.62,31.1,517.3
2020-05-18,Kurnool,5.6,5.69,31.3,355.6
2020-05-20,Guntur,12.9,5.54,33.0,366.6
2020-05-20,Machilipatnam,2.3,6.42,31.3,392.0
2020-05-20,Rajahmundry,8.8,6.11,34.0,379.9
2020-05-21,Vijayawada,5.4,6.38,32.4,489.1
2020-05-22,Anantapur,0.6,5.96,32.0,396.2
2020-05-23,Nellore,3.2,6.52,32.4,450.3
2020-05-23,Visakhapatnam,6.7,6.05,33.1,427.3
2020-05-24,Kadapa,6.0,6.04,32.5,375.7
2020-05-24,Tirupati,10.2,5.88,32.6,415.5
2020-05-25,Machilipatnam,24.5,7.65,31.8,816.8
2020-05-27,Visakhapatnam,7.3,6.09,29.2,446.6
2020-05-28,Eluru,8.9,5.62,32.1,440.7
2020-05-28,Ongole,7.9,6.53,32.1,564.1
2020-05-28,Rajahmundry,8.8,5.56,29.8,383.8
2020-05-28,Srikakulam,1.3,5.9,28.8,328.8
2020-05-28,Vijayawada,6.9,6.41,34.2,448.5
2020-05-29,Guntur,9.0,6.56,33.6,480.3
2020-05-29,Machilipatnam,4.4,5.55,31.6,378.9
2020-05-29,Rajahmundry,9.7,6.68,32.7,566.9
2020-05-30,Amalapuram,4.4,5.6,30.9,282.1
2020-06-01,Eluru,47.2,7.48,31.3,902.7
2020-06-01,Eluru,3.9,5.84,30.6,425.1
2020-06-01,Kurnool,3.1,5.92,33.4,277.8
2020-06-05,Rajahmundry,25.0,6.71,30.9,565.3
2020-06-06,Anantapur,2.6,6.27,31.7,357.9
2020-06-06,Kakinada,20.3,6.56,31.9,633.1
2020-06-07,Vijayawada,29.9,7.95,32.3,858.2
2020-06-08,Kakinada,96.5,10.35,31.8,1724.0
2020-06-08,Ongole,3.1,6.4,32.7,468.3
2020-06-08,Tirupati,36.3,7.54,33.6,798.9
2020-06-10,Visakhapatnam,6.9,6.53,33.2,417.8
2020-06-13,Rajahmundry,21.4,7.07,30.2,724.1
2020-06-13,Visakhapatnam,16.5,5.86,31.0,366.2
2020-06-14,Anantapur,34.2,7.34,32.8,827.8
2020-06-14,Eluru,6.2,6.8,30.6,517.9
2020-06-14,Ongole,13.0,6.1,33.5,419.4
2020-06-14,Ongole,39.2,7.76,32.3,968.8
2020-06-14,Tirupati,7.1,4.92,31.6,194.1
2020-06-16,Anantapur,29.8,6.84,30.8,662.5
2020-06-16,Eluru,6.1,6.11,32.0,405.6
2020-06-17,Amalapuram,11.8,5.57,32.3,416.1
2020-06-17,Nellore,18.5,6.78,33.8,519.5
2020-06-19,Kadapa,91.1,10.27,31.6,1673.6
2020-06-20,Anantapur,27.3,7.79,32.6,760.9
2020-06-20,Rajahmundry,18.7,6.55,29.8,583.3
2020-06-21,Anantapur,31.1,7.83,33.1,859.4
2020-06-23,Ongole,42.3,8.63,30.9,1028.1
2020-06-24,Visakhapatnam,53.1,9.45,34.0,1243.9
2020-06-25,Eluru,5.4,6.06,33.4,405.9
2020-06-26,Guntur,11.8,6.13,33.2,440.1
2020-06-28,Eluru,10.6,6.14,33.3,463.8
2020-06-29,Nellore,5.1,6.52,32.8,477.2
2020-07-01,Kakinada,22.2,6.92,32.5,561.6
2020-07-03,Kakinada,37.4,7.94,31.9,877.7
2020-07-04,Guntur,7.0,6.5,32.6,445.1
2020-07-10,Srikakulam,16.6,7.44,33.2,665.1
2020-07-11,Eluru,13.6,6.81,33.8,583.2
2020-07-12,Guntur,30.7,7.16,32.6,886.5
2020-07-12,Ongole,7.4,5.76,32.0,286.9
2020-07-12,Vizianagaram,8.5,6.92,33.5,557.5
2020-07-14,Eluru,11.4,6.61,31.9,466.6
2020-07-14,Guntur,12.8,7.38,31.8,732.0
2020-07-15,Nellore,15.5,6.58,32.3,477.8
2020-07-15,Rajahmundry,9.9,5.88,30.6,363.9
2020-07-16,Kadapa,3.4,6.33,28.4,451.1
2020-07-20,Guntur,57.7,8.65,29.3,1164.7
2020-07-21,Visakhapatnam,15.8,6.9,32.5,620.1
2020-07-22,Vizianagaram,3.6,6.14,28.1,406.2
2020-07-24,Amalapuram,4.0,6.27,30.8,409.5
2020-07-26,Kurnool,18.5,6.78,32.1,672.2
2020-07-26,Visakhapatnam,4.7,6.7,30.3,403.6
2020-07-27,Srikakulam,23.6,7.32,32.8,693.6
2020-07-28,Kurnool,34.7,6.75,32.1,798.7
2020-07-28,Tirupati,6.2,6.31,31.6,443.7
2020-07-29,Rajahmundry,19.8,6.79,28.8,667.6
2020-08-01,Eluru,20.5,7.37,32.0,668.3
2020-08-01,Kakinada,5.5,6.59,30.1,538.0
2020-08-05,Machilipatnam,0.7,5.8,28.8,258.2
2020-08-06,Kurnool,1.5,5.73,32.0,226.7
2020-08-06,Tirupati,19.5,6.35,30.9,551.4
2020-08-06,Visakhapatnam,15.9,5.64,31.1,356.5
2020-08-07,Visakhapatnam,8.3,6.24,30.6,443.7
2020-08-08,Machilipatnam,25.2,7.41,28.6,756.5
2020-08-09,Eluru,14.8,6.19,35.1,450.3
2020-08-09,Nellore,12.3,6.27,28.6,499.8
2020-08-09,Vizianagaram,15.2,6.35,30.6,576.2
2020-08-10,Kakinada,11.7,6.82,29.1,594.9
2020-08-10,Tirupati,53.9,7.96,30.4,1082.5
2020-08-11,Amalapuram,6.5,6.4,30.2,500.7
2020-08-12,Nellore,66.7,9.03,31.5,1266.8
2020-08-12,Vijayawada,11.0,6.41,31.6,492.2
2020-08-12,Visakhapatnam,14.6,6.89,28.2,625.8
2020-08-13,Rajahmundry,32.8,7.28,30.6,775.6
2020-08-14,Kakinada,1.0,6.74,28.5,502.6
2020-08-19,Amalapuram,12.9,7.32,28.7,691.2
2020-08-19,Anantapur,133.6,12.04,30.4,2190.8
2020-08-19,Ongole,13.5,6.94,29.7,587.1
2020-08-20,Tirupati,29.0,7.06,29.6,735.8
2020-08-22,Amalapuram,18.7,6.65,31.7,543.0
2020-08-22,Machilipatnam,18.1,6.92,26.2,752.5
2020-08-24,Anantapur,33.1,7.14,30.8,662.9
2020-08-24,Nellore,20.0,6.32,29.0,651.6
2020-08-24,Ongole,4.3,6.73,30.8,570.8
2020-08-24,Rajahmundry,14.8,6.85,32.6,666.2
2020-08-24,Srikakulam,14.2,6.49,30.4,536.6
2020-08-25,Tirupati,29.4,7.16,29.6,664.2
2020-08-26,Kurnool,13.9,6.3,31.9,572.1
2020-08-26,Srikakulam,6.3,6.14,32.5,391.5
2020-08-27,Eluru,7.3,7.27,28.1,641.8
2020-08-28,Visakhapatnam,22.2,7.15,29.1,612.5
2020-08-29,Eluru,11.0,5.79,28.8,371.9
2020-08-30,Tirupati,15.2,6.25,31.3,547.2
2020-09-01,Machilipatnam,14.0,6.35,28.3,527.7
2020-09-02,Srikakulam,53.4,8.46,31.0,1024.9
2020-09-02,Visakhapatnam,2.6,5.82,29.7,521.7
2020-09-02,Vizianagaram,6.6,6.77,28.3,523.6
2020-09-03,Machilipatnam,5.5,6.46,28.9,464.6
2020-09-03,Srikakulam,5.9,5.97,29.7,438.4
2020-09-04,Kurnool,5.5,6.17,29.3,436.7
2020-09-05,Anantapur,3.7,5.93,27.4,315.6
2020-09-06,Vijayawada,27.4,7.29,29.0,764.7
2020-09-07,Amalapuram,12.4,6.77,30.7,584.3
2020-09-09,Amalapuram,9.7,6.25,28.8,541.3
2020-09-09,Srikakulam,0.8,5.4,29.7,166.3
2020-09-10,Vijayawada,14.4,6.25,28.8,520.8
2020-09-10,Vijayawada,3.0,6.76,27.6,471.2
2020-09-11,Machilipatnam,1.1,6.7,29.7,528.5
2020-09-12,Kadapa,32.6,6.93,28.7,671.0
2020-09-12,Tirupati,8.2,6.01,29.0,432.2
2020-09-15,Eluru,5.3,6.01,30.4,444.4
2020-09-15,Guntur,1.2,6.16,30.5,262.5
2020-09-15,Ongole,2.9,5.77,30.1,283.9
2020-09-15,Visakhapatnam,20.2,6.56,25.3,519.6
2020-09-16,Kadapa,121.0,12.05,25.1,2020.9
2020-09-16,Srikakulam,2.7,6.21,29.6,450.0
2020-09-16,Visakhapatnam,13.8,6.45,28.3,519.8
2020-09-18,Amalapuram,4.6,5.26,26.9,314.2
2020-09-21,Rajahmundry,27.5,6.7,27.9,680.7
2020-09-24,Srikakulam,22.4,6.66,25.8,734.7
2020-09-24,Tirupati,0.5,6.01,27.2,322.7
2020-09-25,Visakhapatnam,2.8,5.87,28.2,360.4
2020-09-26,Vijayawada,7.1,6.93,27.9,505.9
2020-09-28,Machilipatnam,5.2,6.52,25.2,455.9
2020-09-28,Visakhapatnam,11.4,5.54,27.2,451.0
2020-09-29,Eluru,10.7,6.27,26.1,459.3
2020-09-29,Guntur,13.7,7.33,27.7,672.9
2020-09-30,Kurnool,4.9,6.47,28.8,447.7
2020-10-05,Kurnool,1.4,5.97,23.5,418.8
2020-10-06,Kadapa,0.4,5.73,27.7,250.6
2020-10-06,Kakinada,3.4,6.29,24.2,460.9
2020-10-08,Machilipatnam,3.6,5.33,24.8,338.3
2020-10-08,Ongole,1.4,5.62,27.3,284.6
2020-10-09,Nellore,1.3,7.08,26.6,531.8
2020-10-10,Anantapur,7.7,5.57,28.3,273.9
2020-10-15,Kadapa,0.4,5.76,28.1,344.3
2020-10-15,Machilipatnam,9.6,6.08,27.0,407.3
2020-10-15,Rajahmundry,14.7,6.67,27.7,538.4
2020-10-16,Amalapuram,3.4,6.13,26.6,393.7
2020-10-18,Anantapur,10.7,6.07,27.9,363.9
2020-10-21,Amalapuram,2.8,6.74,24.2,413.7
2020-10-21,Srikakulam,6.3,5.67,25.0,412.6
2020-10-22,Eluru,1.8,6.32,23.7,403.4
2020-10-22,Kakinada,7.5,6.11,25.2,411.2
2020-10-22,Ongole,6.8,6.98,27.1,663.4
2020-10-23,Tirupati,1.3,5.97,26.7,363.2
2020-10-24,Kurnool,6.3,6.38,27.1,423.0
2020-10-25,Kakinada,1.1,5.44,26.0,316.1
2020-10-25,Nellore,0.6,6.14,26.2,392.1
2020-10-25,Ongole,9.0,6.56,26.6,596.8
2020-10-28,Eluru,7.3,6.29,24.8,562.4
2020-10-28,Kakinada,12.7,6.33,24.1,493.9
2020-10-29,Kurnool,6.4,5.55,23.9,329.2
2020-10-31,Rajahmundry,8.8,6.59,25.4,549.8
2020-11-01,Ongole,1.7,6.37,25.6,451.5
2020-11-02,Machilipatnam,14.8,6.89,27.9,577.0
2020-11-03,Nellore,2.0,5.69,23.6,290.1
2020-11-04,Visakhapatnam,18.7,5.87,24.1,473.7
2020-11-05,Anantapur,5.0,6.45,22.9,430.1
2020-11-06,Srikakulam,2.3,6.35,25.0,441.0
2020-11-08,Srikakulam,13.7,6.9,23.0,606.4
2020-11-09,Kurnool,9.0,6.53,24.5,509.3
2020-11-12,Visakhapatnam,2.9,5.77,24.5,277.1
2020-11-12,Vizianagaram,0.5,6.41,25.4,430.4
2020-11-13,Rajahmundry,9.1,6.09,23.5,476.0
2020-11-14,Nellore,5.8,5.95,22.8,341.9
2020-11-15,Guntur,1.2,6.43,24.1,444.6
2020-11-15,Vijayawada,62.0,9.21,23.7,1242.0
2020-11-16,Amalapuram,3.5,6.08,26.2,424.8
2020-11-16,Ongole,9.4,6.99,22.0,623.4
2020-11-17,Vijayawada,12.3,6.09,24.0,546.3
2020-11-18,Vijayawada,2.7,5.99,24.9,316.0
2020-11-19,Ongole,3.8,5.61,27.3,297.4
2020-11-22,Kadapa,0.5,5.23,23.2,200.9
2020-11-23,Ongole,12.9,6.65,25.5,503.1
2020-11-24,Kakinada,2.6,5.58,24.3,235.4
2020-11-24,Vijayawada,0.4,5.34,26.1,264.5
2020-11-25,Eluru,4.8,6.16,20.9,440.8
2020-11-25,Vijayawada,7.8,6.47,25.6,428.8
2020-11-27,Kakinada,7.7,6.68,26.1,425.4
2020-11-28,Kurnool,5.3,5.86,25.0,367.9
2020-11-29,Rajahmundry,11.2,6.18,22.8,458.2
2020-12-01,Vizianagaram,10.9,6.78,24.4,514.4
2020-12-02,Rajahmundry,6.1,5.83,23.7,424.9
2020-12-05,Guntur,15.1,6.03,26.2,436.4
2020-12-06,Anantapur,4.9,6.2,24.4,360.9
2020-12-06,Kakinada,9.9,6.46,23.0,473.3
2020-12-07,Amalapuram,5.5,6.44,24.3,551.0
2020-12-07,Kadapa,0.7,6.76,22.4,466.7
2020-12-07,Nellore,5.0,5.88,26.8,409.5
2020-12-07,Ongole,3.3,5.96,25.0,273.9
2020-12-08,Kadapa,0.8,6.21,22.1,362.3
2020-12-08,Visakhapatnam,1.0,6.56,24.6,523.3
2020-12-09,Machilipatnam,12.9,6.1,28.5,441.9
2020-12-10,Eluru,2.1,5.91,22.0,328.3
2020-12-14,Kadapa,3.6,5.88,22.8,389.7
2020-12-14,Srikakulam,4.8,5.53,22.8,317.7
2020-12-15,Visakhapatnam,9.5,6.68,23.1,587.8
2020-12-17,Anantapur,3.9,6.51,21.4,465.4
2020-12-18,Visakhapatnam,2.9,5.21,26.0,230.8
2020-12-18,Vizianagaram,12.6,6.18,22.0,461.8
2020-12-19,Amalapuram,5.7,6.2,24.2,486.4
2020-12-20,Nellore,0.3,5.96,23.1,320.5
2020-12-20,Vizianagaram,5.0,6.4,21.9,473.9
2020-12-23,Tirupati,2.5,5.21,23.8,169.9
2020-12-26,Kadapa,4.0,5.42,24.5,310.6
2020-12-26,Kakinada,7.7,6.04,25.8,362.5
2020-12-26,Visakhapatnam,2.8,7.07,23.4,510.5
2020-12-31,Anantapur,1.9,5.97,24.3,239.1
2021-01-03,Nellore,2.4,6.11,24.2,470.4
2021-01-05,Kurnool,13.1,6.81,23.9,555.9
2021-01-07,Amalapuram,2.0,5.8,24.2,319.9
2021-01-07,Amalapuram,2.6,6.52,25.9,453.5
2021-01-07,Vijayawada,1.5,6.64,21.7,481.4
2021-01-08,Visakhapatnam,4.8,6.4,21.8,443.8
2021-01-12,Rajahmundry,0.8,5.88,23.4,357.1
2021-01-13,Kakinada,4.7,5.2,24.6,299.0
2021-01-13,Ongole,4.4,5.71,22.7,384.0
2021-01-13,Srikakulam,3.6,5.72,20.0,333.7
2021-01-14,Machilipatnam,0.9,6.36,22.6,501.5
2021-01-15,Nellore,7.2,6.13,24.8,392.4
2021-01-15,Visakhapatnam,0.9,5.4,24.1,265.3
2021-01-16,Anantapur,9.6,6.15,23.9,449.6
2021-01-16,Anantapur,6.1,5.68,23.4,412.4
2021-01-16,Srikakulam,2.2,5.93,24.5,378.0
2021-01-16,Tirupati,12.3,6.75,23.3,506.1
2021-01-18,Vijayawada,6.2,6.24,25.7,445.0
2021-01-19,Eluru,9.6,5.79,24.9,401.6
2021-01-19,Eluru,11.7,5.65,23.5,340.8
2021-01-21,Anantapur,5.5,6.01,27.1,390.9
2021-01-21,Kakinada,0.5,6.0,24.4,358.8
2021-01-22,Guntur,15.8,7.3,27.1,723.3
2021-01-22,Nellore,0.4,5.99,24.4,285.6
2021-01-23,Guntur,2.0,5.66,24.1,326.2
2021-01-23,Vijayawada,2.7,5.91,23.2,335.9
2021-01-23,Vijayawada,3.6,6.24,24.3,439.4
2021-01-25,Kakinada,2.2,7.15,22.5,590.3
2021-01-25,Kurnool,5.8,6.37,26.3,528.0
2021-01-25,Ongole,152.8,12.9,23.4,2482.6
2021-01-30,Guntur,17.1,7.02,25.5,611.1
2021-01-30,Vijayawada,3.2,5.78,24.5,261.5
2021-02-03,Eluru,3.7,6.35,27.9,466.4
2021-02-03,Machilipatnam,1.2,5.55,24.1,206.7
2021-02-05,Rajahmundry,4.6,5.86,26.4,342.0
2021-02-05,Vizianagaram,9.0,6.79,22.9,588.2
2021-02-06,Amalapuram,1.7,6.77,24.4,623.7
2021-02-06,Srikakulam,3.3,6.61,24.1,567.1
2021-02-07,Ongole,3.4,5.92,24.3,421.7
2021-02-08,Nellore,5.4,6.67,25.0,519.6
2021-02-09,Tirupati,3.6,6.18,25.8,350.4
2021-02-11,Kurnool,1.5,6.45,25.9,328.1
2021-02-14,Ongole,9.9,6.88,24.6,582.9
2021-02-16,Guntur,1.9,6.38,24.7,412.0
2021-02-17,Machilipatnam,3.6,5.96,23.2,274.1
2021-02-18,Kadapa,4.6,6.16,25.7,405.0
2021-02-19,Vizianagaram,3.3,6.08,27.3,379.1
2021-02-20,Tirupati,4.8,6.41,25.3,502.1
2021-02-21,Rajahmundry,4.4,4.89,28.9,203.6
2021-02-22,Amalapuram,1.2,5.91,27.2,307.2
2021-02-22,Kurnool,4.6,6.1,25.9,436.4
2021-02-22,Tirupati,4.0,6.28,26.5,328.5
2021-02-24,Srikakulam,4.2,5.91,27.1,360.3
2021-02-24,Tirupati,2.8,6.41,26.5,429.8
2021-02-24,Visakhapatnam,4.3,6.36,28.1,427.9
2021-02-26,Machilipatnam,8.0,6.46,26.7,527.4
2021-02-28,Eluru,1.6,5.93,26.7,375.0
2021-03-01,Srikakulam,11.6,6.96,28.0,636.4
2021-03-02,Nellore,2.7,6.07,30.6,274.8
2021-03-03,Anantapur,4.5,5.9,27.3,373.6
2021-03-05,Tirupati,1.8,6.06,28.1,326.5
2021-03-06,Guntur,6.0,6.28,25.1,426.6
2021-03-07,Kakinada,5.1,6.19,26.7,406.8
2021-03-07,Nellore,3.2,6.4,26.4,373.8
2021-03-09,Amalapuram,9.7,6.42,24.8,482.4
2021-03-11,Kurnool,0.7,6.0,28.7,352.2
2021-03-11,Srikakulam,10.9,6.11,24.7,428.6
2021-03-13,Kadapa,8.0,7.35,28.6,565.2
2021-03-14,Kakinada,5.8,6.68,25.5,491.0
2021-03-15,Amalapuram,7.2,5.79,26.4,260.2
2021-03-17,Srikakulam,4.7,6.08,26.0,329.7
2021-03-17,Tirupati,5.6,6.95,25.1,512.4
2021-03-17,Vizianagaram,4.2,5.91,29.2,338.6
2021-03-19,Amalapuram,3.1,5.92,25.0,353.5
2021-03-21,Machilipatnam,3.3,7.24,26.2,511.5
2021-03-22,Anantapur,1.3,6.27,27.7,452.6
2021-03-22,Visakhapatnam,0.9,5.6,28.3,345.9
2021-03-23,Nellore,38.9,6.63,27.1,792.3
2021-03-23,Ongole,4.0,6.76,27.9,440.2
2021-03-23,Srikakulam,8.3,6.85,29.3,540.7
2021-03-24,Machilipatnam,1.9,5.82,27.4,272.3
2021-03-25,Anantapur,6.5,6.27,30.1,434.8
2021-03-26,Anantapur,1.0,6.52,28.4,489.8
2021-03-30,Nellore,9.6,6.38,29.9,488.4
2021-03-30,Rajahmundry,4.3,5.16,28.5,295.1
2021-03-31,Kurnool,0.1,5.43,28.0,227.4
2021-03-31,Kurnool,3.6,5.95,29.7,425.1
2021-04-01,Kurnool,2.3,6.09,29.9,422.9
2021-04-03,Ongole,5.0,5.92,31.0,312.0
2021-04-03,Vijayawada,7.5,6.41,32.9,454.0
2021-04-04,Kakinada,7.6,6.54,29.4,487.8
2021-04-05,Amalapuram,1.5,6.06,29.0,335.1
2021-04-06,Kadapa,6.6,6.02,26.4,407.8
2021-04-07,Nellore,6.3,5.9,30.2,377.2
2021-04-07,Vijayawada,7.9,5.86,31.1,382.0
2021-04-08,Eluru,4.7,6.67,29.3,456.3
2021-04-10,Kakinada,9.2,6.24,33.1,544.7
2021-04-10,Kurnool,4.2,7.1,29.0,507.7
2021-04-10,Visakhapatnam,9.5,6.52,30.2,419.6
2021-04-11,Ongole,6.6,6.36,32.3,495.8
2021-04-12,Amalapuram,7.2,6.3,30.3,428.0
2021-04-12,Eluru,3.3,6.2,30.8,463.3
2021-04-13,Anantapur,10.3,6.86,28.8,600.7
2021-04-13,Rajahmundry,11.3,6.13,30.9,480.8
2021-04-13,Vijayawada,97.9,9.7,27.4,1673.4
2021-04-14,Kadapa,2.4,5.38,28.4,231.8
2021-04-15,Ongole,2.0,5.7,29.2,319.0
2021-04-15,Vizianagaram,0.8,6.35,27.1,422.5
2021-04-19,Anantapur,6.4,6.39,30.1,372.3
2021-04-19,Kadapa,31.4,7.91,30.0,763.7
2021-04-19,Tirupati,2.9,5.8,31.7,229.2
2021-04-20,Ongole,8.5,5.92,28.7,365.8
2021-04-22,Kakinada,18.8,7.48,28.0,800.2
2021-04-23,Rajahmundry,5.2,6.14,29.4,392.4
2021-04-23,Tirupati,10.9,6.51,30.1,465.3
2021-04-27,Amalapuram,5.2,6.19,32.3,381.8
2021-04-27,Machilipatnam,9.1,6.31,30.7,398.7
2021-04-29,Srikakulam,62.7,9.28,30.2,1400.4
2021-04-29,Visakhapatnam,149.3,12.73,31.3,2484.7
2021-04-30,Machilipatnam,7.2,6.02,29.7,463.2
2021-04-30,Srikakulam,3.5,6.36,29.8,402.4
2021-05-03,Ongole,3.6,6.3,29.6,381.2
2021-05-04,Kurnool,7.5,5.96,30.7,421.1
2021-05-05,Rajahmundry,4.4,6.65,28.8,354.4
2021-05-05,Tirupati,4.3,6.08,31.1,349.4
2021-05-06,Srikakulam,17.0,6.9,29.2,654.9
2021-05-06,Srikakulam,1.6,5.82,31.1,190.0
2021-05-06,Vizianagaram,0.5,5.11,32.8,262.4
2021-05-07,Machilipatnam,4.1,6.21,29.5,420.3
2021-05-08,Guntur,1.5,5.68,33.0,280.7
2021-05-09,Machilipatnam,6.5,6.31,31.1,506.8
2021-05-09,Vizianagaram,12.0,5.73,32.7,337.2
2021-05-09,Vizianagaram,1.8,5.85,29.1,335.0
2021-05-10,Kadapa,1.8,6.81,30.9,498.3
2021-05-12,Vizianagaram,4.4,6.06,30.7,292.4
2021-05-13,Kurnool,11.4,6.4,31.6,420.7
2021-05-14,Kakinada,4.2,6.06,31.5,459.3
2021-05-15,Amalapuram,1.8,5.46,29.6,222.0
2021-05-15,Kakinada,1.6,5.87,28.1,392.6
2021-05-15,Ongole,2.5,5.61,29.8,365.4
2021-05-16,Srikakulam,7.9,6.5,28.9,507.6
2021-05-16,Vizianagaram,4.4,5.97,30.1,414.0
2021-05-17,Kurnool,1.9,5.83,32.1,337.4
2021-05-18,Kadapa,0.4,7.09,31.0,531.3
2021-05-18,Kakinada,69.5,9.02,32.2,1290.0
2021-05-18,Srikakulam,3.6,6.13,33.1,387.8
2021-05-19,Eluru,0.4,5.5,34.3,351.5
2021-05-19,Rajahmundry,5.0,5.96,32.2,451.7
2021-05-19,Tirupati,1.7,6.5,31.0,372.1
2021-05-21,Kakinada,4.5,6.08,31.8,455.8
2021-05-23,Vijayawada,1.1,6.06,29.6,338.8
2021-05-25,Visakhapatnam,14.4,6.74,33.2,524.6
2021-05-26,Visakhapatnam,7.0,5.36,32.6,340.6
2021-05-27,Vijayawada,1.6,5.87,29.8,352.4
2021-05-28,Kadapa,2.7,6.17,32.6,485.9
2021-05-28,Tirupati,5.6,6.9,31.0,358.6
2021-05-30,Anantapur,23.2,7.1,29.8,626.7
2021-05-30,Kurnool,5.8,6.3,30.0,438.6
2021-05-30,Rajahmundry,12.3,6.39,33.4,410.9
2021-05-30,Vijayawada,6.3,5.94,32.7,426.2
2021-05-30,Vijayawada,8.1,5.99,32.8,419.3
2021-05-31,Kakinada,5.9,7.03,31.6,501.0
2021-05-31,Ongole,5.1,6.13,32.8,317.3
2021-06-01,Kurnool,10.6,6.6,30.5,438.0
2021-06-02,Kadapa,33.2,7.6,31.4,796.2
2021-06-02,Ongole,28.7,7.51,30.9,820.0
2021-06-02,Vijayawada,4.9,6.31,31.4,433.3
2021-06-03,Vijayawada,31.9,7.07,29.1,781.6
2021-06-04,Guntur,25.2,7.63,31.3,871.3
2021-06-04,Kakinada,5.7,6.29,32.1,455.7
2021-06-04,Kurnool,22.2,7.6,35.6,734.1
2021-06-04,Ongole,8.9,5.27,29.2,354.9
2021-06-06,Anantapur,138.1,12.14,30.2,2287.1
2021-06-06,Kadapa,14.9,6.43,33.4,545.3
2021-06-06,Vizianagaram,69.0,9.56,30.3,1406.0
2021-06-07,Srikakulam,14.4,7.38,28.3,713.9
2021-06-07,Vijayawada,32.3,7.17,32.3,682.9
2021-06-09,Ongole,1.0,6.85,32.6,472.4
2021-06-11,Vijayawada,45.1,8.16,32.0,1024.2
2021-06-12,Rajahmundry,6.2,5.97,31.2,419.0
2021-06-13,Eluru,28.9,7.51,33.9,734.8
2021-06-13,Kakinada,13.4,6.25,30.3,430.2
2021-06-13,Tirupati,12.4,6.99,31.0,656.4
2021-06-14,Tirupati,23.7,7.32,32.8,773.4
2021-06-15,Amalapuram,17.7,6.5,32.4,655.8
2021-06-16,Amalapuram,57.9,8.47,32.4,1148.5
2021-06-17,Eluru,19.8,7.0,28.7,667.1
2021-06-17,Srikakulam,18.7,7.03,32.0,640.9
2021-06-19,Anantapur,3.9,6.17,34.0,358.9
2021-06-19,Kadapa,14.7,6.0,33.3,431.0
2021-06-19,Nellore,30.9,6.91,32.4,625.5
2021-06-20,Kurnool,7.5,5.93,30.4,412.0
2021-06-20,Nellore,38.1,6.58,33.0,732.9
2021-06-21,Anantapur,12.1,6.62,31.2,529.7
2021-06-23,Anantapur,33.3,7.44,30.8,758.7
2021-06-24,Tirupati,56.7,8.27,33.2,1077.0
2021-06-24,Visakhapatnam,13.8,6.87,33.0,679.5
2021-06-30,Rajahmundry,2.7,5.2,32.0,243.5
2021-07-01,Tirupati,6.5,6.12,32.3,350.5
2021-07-02,Eluru,21.0,6.87,31.6,608.3
2021-07-03,Kakinada,5.1,6.75,34.4,548.5
2021-07-05,Eluru,12.8,6.04,33.2,456.7
2021-07-05,Kadapa,71.9,9.45,30.0,1370.2
2021-07-05,Srikakulam,19.6,6.32,33.5,585.2
2021-07-06,Machilipatnam,11.9,5.74,31.7,447.8
2021-07-07,Srikakulam,2.4,6.69,34.1,431.2
2021-07-07,Tirupati,26.5,7.15,28.2,663.3
2021-07-08,Kadapa,37.0,7.91,32.1,881.2
2021-07-09,Kadapa,6.3,6.68,33.4,483.1
2021-07-09,Ongole,5.6,6.35,29.2,524.9
2021-07-11,Guntur,2.7,6.05,31.5,321.4
2021-07-12,Amalapuram,3.2,5.83,30.7,195.9
2021-07-12,Guntur,30.2,7.38,34.5,715.5
2021-07-13,Tirupati,25.9,7.33,29.5,721.7
2021-07-15,Ongole,1.5,6.51,30.5,447.8
2021-07-17,Kakinada,6.1,6.34,29.0,376.5
2021-07-19,Anantapur,5.5,5.63,29.8,375.4
2021-07-19,Kakinada,11.5,6.62,29.8,595.9
2021-07-20,Anantapur,21.1,6.67,31.0,620.9
2021-07-21,Machilipatnam,4.3,6.32,32.6,473.4
2021-07-21,Visakhapatnam,27.1,6.66,30.3,549.4
2021-07-23,Amalapuram,30.3,7.86,31.3,882.8
2021-07-24,Rajahmundry,1.7,5.6,32.2,247.6
2021-07-24,Vizianagaram,3.3,6.51,31.9,408.6
2021-07-25,Anantapur,98.6,10.76,28.9,1762.0
2021-07-28,Tirupati,14.0,6.51,32.6,501.2
2021-07-29,Rajahmundry,20.0,6.87,31.4,702.9
2021-07-30,Eluru,47.5,7.75,30.9,939.5
2021-07-30,Vizianagaram,13.4,6.55,32.5,470.8
2021-07-31,Eluru,6.9,6.99,30.5,591.8
2021-07-31,Machilipatnam,13.3,6.68,31.3,592.1
2021-07-31,Srikakulam,7.3,6.76,31.8,416.5
2021-07-31,Visakhapatnam,22.0,7.15,30.6,681.4
2021-08-03,Tirupati,1.8,5.86,30.2,382.3
2021-08-04,Ongole,11.6,6.68,33.2,552.3
2021-08-05,Machilipatnam,5.2,5.35,30.0,201.8
2021-08-06,Visakhapatnam,5.1,6.22,32.4,344.9
2021-08-07,Rajahmundry,32.4,6.85,31.6,572.8
2021-08-08,Amalapuram,5.1,5.57,29.6,273.7
2021-08-08,Srikakulam,9.9,7.08,30.0,617.3
2021-08-10,Kadapa,10.4,6.03,31.8,386.4
2021-08-11,Nellore,10.7,5.99,29.9,481.0
2021-08-11,Visakhapatnam,27.2,6.61,32.7,590.7
2021-08-13,Amalapuram,8.3,6.44,29.1,454.7
2021-08-13,Amalapuram,9.9,6.18,29.2,443.2
2021-08-13,Eluru,136.5,11.91,31.4,2303.0
2021-08-13,Kakinada,8.8,6.87,31.9,495.8
2021-08-16,Srikakulam,2.8,6.38,29.2,433.6
2021-08-20,Machilipatnam,163.1,12.77,28.8,2615.2
2021-08-20,Visakhapatnam,0.4,6.4,28.5,431.2
2021-08-21,Eluru,10.5,6.37,33.6,500.6
2021-08-22,Kadapa,36.7,7.71,29.2,898.0
2021-08-22,Kurnool,21.5,7.03,31.0,603.6
2021-08-25,Amalapuram,13.1,6.61,30.4,484.8
2021-08-28,Ongole,33.3,6.54,28.4,656.8
2021-08-28,Vijayawada,34.9,8.14,27.1,964.9
2021-08-29,Eluru,13.1,6.16,28.8,398.5
2021-08-29,Machilipatnam,13.4,6.49,28.4,432.4
2021-08-29,Vijayawada,26.4,7.74,28.0,896.6
2021-08-30,Anantapur,2.7,5.9,28.1,324.5
2021-09-01,Rajahmundry,13.5,5.9,29.6,415.0
2021-09-01,Srikakulam,27.2,7.39,28.2,688.9
2021-09-02,Rajahmundry,27.2,6.47,26.0,655.6
2021-09-04,Kurnool,2.1,6.2,28.7,396.1
2021-09-07,Vizianagaram,1.1,5.72,30.0,349.4
2021-09-08,Rajahmundry,1.4,5.37,30.3,230.9
2021-09-10,Eluru,3.4,5.83,30.0,377.6
2021-09-14,Machilipatnam,3.2,5.76,29.8,264.6
2021-09-16,Nellore,1.7,6.66,27.3,434.0
2021-09-17,Anantapur,22.4,7.5,29.9,706.7
2021-09-17,Rajahmundry,8.0,6.33,28.3,428.1
2021-09-18,Kakinada,30.7,7.14,28.1,623.4
2021-09-18,Rajahmundry,15.9,6.6,27.9,556.4
2021-09-19,Eluru,13.4,6.81,27.8,507.0
2021-09-19,Kadapa,32.0,7.07,29.0,756.1
2021-09-20,Kakinada,15.0,6.39,29.3,470.8
2021-09-21,Vijayawada,58.7,7.96,26.5,1103.7
2021-09-22,Rajahmundry,25.4,7.05,24.4,692.1
2021-09-23,Anantapur,14.7,7.14,26.9,673.1
2021-09-23,Visakhapatnam,13.3,6.88,30.0,588.7
2021-09-25,Ongole,10.1,6.69,28.4,478.0
2021-09-26,Visakhapatnam,43.6,8.22,26.7,1029.0
2021-09-27,Guntur,12.8,7.13,29.0,620.4
2021-09-28,Visakhapatnam,4.3,6.98,26.8,605.5
2021-09-29,Vizianagaram,17.8,6.98,27.1,704.3
2021-10-01,Guntur,11.5,6.01,28.0,381.2
2021-10-01,Visakhapatnam,8.1,6.47,27.7,535.1
2021-10-03,Kurnool,0.5,6.32,27.2,473.6
2021-10-03,Machilipatnam,32.4,7.96,26.9,916.0
2021-10-04,Anantapur,4.2,6.43,25.7,426.7
2021-10-07,Vizianagaram,3.5,6.17,27.0,392.3
2021-10-08,Kakinada,0.3,6.42,23.4,364.6
2021-10-10,Eluru,3.1,6.42,25.5,417.5
2021-10-10,Ongole,3.0,6.71,22.7,529.7
2021-10-12,Visakhapatnam,2.9,6.14,26.1,497.8
2021-10-14,Srikakulam,10.2,5.72,25.8,329.9
2021-10-14,Vizianagaram,16.3,6.65,27.2,557.3
2021-10-15,Eluru,7.8,6.43,25.8,510.2
2021-10-16,Kadapa,12.0,6.95,26.6,572.9
2021-10-16,Machilipatnam,5.0,5.46,25.8,340.0
2021-10-18,Ongole,6.1,6.51,27.3,467.2
2021-10-18,Srikakulam,9.7,6.92,29.3,539.3
2021-10-19,Srikakulam,0.9,6.19,28.2,311.2
2021-10-21,Ongole,5.7,5.84,25.7,330.2
2021-10-21,Visakhapatnam,22.5,7.16,26.7,728.5
2021-10-22,Visakhapatnam,13.4,6.8,24.3,557.6
2021-10-25,Eluru,5.3,5.75,26.1,275.9
2021-10-25,Machilipatnam,8.3,6.74,23.9,508.3
2021-10-25,Vijayawada,95.8,10.49,26.9,1767.2
2021-10-26,Ongole,2.0,5.3,27.2,261.8
2021-10-26,Srikakulam,149.3,12.17,24.9,2485.7
2021-10-26,Vijayawada,13.3,7.64,25.0,610.7
2021-10-28,Kakinada,4.3,5.86,23.3,442.8
2021-10-28,Vijayawada,13.8,6.61,22.1,587.4
2021-10-31,Tirupati,3.4,6.94,25.1,477.5
2021-10-31,Vizianagaram,3.9,5.39,26.5,296.9
2021-10-31,Vizianagaram,59.9,8.23,24.7,1252.3
2021-11-01,Kadapa,7.0,6.22,23.3,424.0
2021-11-01,Vijayawada,2.2,6.49,25.8,397.8
2021-11-02,Kakinada,3.2,6.43,25.4,407.0
2021-11-02,Ongole,7.4,6.31,25.0,420.3
2021-11-03,Vijayawada,4.5,5.65,25.3,302.3
2021-11-05,Visakhapatnam,13.0,6.6,23.9,557.7
2021-11-05,Visakhapatnam,10.8,6.25,24.9,355.0
2021-11-07,Amalapuram,14.2,7.29,24.2,743.1
2021-11-09,Vizianagaram,2.7,6.65,24.7,407.6
2021-11-14,Anantapur,0.4,6.18,23.7,342.3
2021-11-14,Eluru,2.1,5.56,24.2,333.4
2021-11-15,Rajahmundry,1.2,5.29,23.3,287.1
2021-11-18,Kurnool,7.0,6.76,24.4,677.2
2021-11-18,Machilipatnam,11.5,6.44,25.1,499.6
2021-11-18,Ongole,0.2,5.34,23.7,289.8
2021-11-18,Tirupati,0.7,5.2,27.7,246.5
2021-11-19,Machilipatnam,14.6,6.78,25.2,689.6
2021-11-21,Rajahmundry,11.4,5.27,25.6,274.2
2021-11-27,Vijayawada,5.3,6.42,24.9,429.7
2021-11-28,Anantapur,1.4,5.16,21.7,216.6
2021-11-28,Rajahmundry,2.2,7.01,23.3,595.1
2021-11-30,Nellore,4.9,6.81,24.1,463.9
2021-12-01,Srikakulam,7.9,6.75,26.8,497.6
2021-12-02,Kurnool,1.4,5.89,25.1,324.7
2021-12-03,Guntur,6.9,6.01,23.6,375.0
2021-12-03,Kakinada,7.4,6.84,22.8,539.1
2021-12-03,Ongole,5.7,6.79,21.9,474.9
2021-12-03,Tirupati,5.9,6.0,26.7,408.6
2021-12-03,Vizianagaram,9.2,7.35,23.9,639.4
2021-12-04,Eluru,2.8,5.73,22.8,330.2
2021-12-04,Machilipatnam,13.9,6.82,22.3,715.4
2021-12-05,Machilipatnam,1.6,7.2,27.8,558.9
2021-12-05,Srikakulam,9.8,6.86,24.7,521.4
2021-12-06,Vijayawada,3.1,5.83,25.8,287.2
2021-12-10,Nellore,4.3,6.24,24.9,342.1
2021-12-11,Amalapuram,4.9,6.79,24.5,408.9
2021-12-15,Kakinada,12.9,6.1,25.6,491.1
2021-12-17,Machilipatnam,8.8,6.61,24.1,480.1
2021-12-19,Amalapuram,4.3,6.42,22.5,439.6
2021-12-20,Eluru,5.3,6.02,22.5,465.7
2021-12-20,Vijayawada,1.6,6.78,23.5,472.7
2021-12-21,Anantapur,57.2,8.77,23.1,1286.8
2021-12-21,Ongole,3.1,6.37,25.4,377.3
2021-12-22,Kakinada,6.6,5.99,22.5,380.6
2021-12-22,Vizianagaram,26.5,6.64,24.5,638.9
2021-12-23,Ongole,5.8,7.05,24.1,496.8
2021-12-24,Nellore,13.0,6.61,22.2,585.8
2021-12-24,Vizianagaram,0.6,5.89,22.5,259.1
2021-12-26,Machilipatnam,0.5,5.02,24.7,215.9
2021-12-26,Tirupati,2.6,6.17,23.4,456.3
2021-12-26,Vizianagaram,0.7,5.97,22.3,280.0
2021-12-27,Kakinada,4.4,6.22,24.2,438.3
2021-12-27,Nellore,1.7,6.0,25.3,240.7
2021-12-28,Kadapa,5.7,6.69,23.3,460.2
2021-12-30,Vizianagaram,4.0,5.67,24.4,350.7
2022-01-01,Anantapur,5.3,6.19,24.0,381.3
2022-01-03,Nellore,1.5,6.3,23.1,372.0
2022-01-04,Vizianagaram,3.9,6.63,23.0,580.6
2022-01-05,Eluru,27.4,7.85,23.9,735.1
2022-01-05,Kadapa,11.6,8.78,24.6,821.5
2022-01-05,Vijayawada,21.1,6.38,23.9,535.4
2022-01-06,Rajahmundry,6.6,5.65,23.9,328.1
2022-01-12,Vizianagaram,10.5,6.7,23.6,512.0
2022-01-14,Eluru,1.8,6.37,24.9,490.1
2022-01-15,Guntur,7.7,6.16,24.2,432.5
2022-01-16,Kadapa,0.7,6.48,23.9,410.6
2022-01-17,Anantapur,10.7,6.3,25.6,467.3
2022-01-18,Nellore,8.2,6.84,26.3,533.3
2022-01-18,Vijayawada,1.1,6.48,24.6,405.8
2022-01-18,Vizianagaram,3.2,5.79,24.5,329.9
2022-01-20,Guntur,3.0,5.96,24.4,434.5
2022-01-20,Kakinada,4.5,6.56,26.5,503.7
2022-01-23,Vizianagaram,0.3,6.37,23.5,375.7
2022-01-27,Machilipatnam,2.0,6.09,20.8,384.6
2022-01-27,Ongole,2.1,6.06,24.0,378.2
2022-01-28,Amalapuram,14.7,6.71,26.8,500.3
2022-02-01,Guntur,3.3,5.25,26.0,164.6
2022-02-01,Ongole,2.1,5.94,25.5,350.9
2022-02-02,Eluru,7.5,6.09,24.7,484.7
2022-02-02,Guntur,6.6,6.22,24.9,359.7
2022-02-02,Kadapa,177.1,14.3,26.5,2902.2
2022-02-02,Vijayawada,5.1,6.28,25.3,400.9
2022-02-03,Srikakulam,4.0,5.98,25.9,355.2
2022-02-05,Amalapuram,182.8,13.98,22.6,2910.0
2022-02-06,Kadapa,1.3,5.92,26.0,375.0
2022-02-06,Tirupati,14.8,6.59,25.8,525.6
2022-02-07,Vijayawada,5.3,6.13,25.8,492.3
2022-02-08,Kakinada,3.9,6.08,23.4,389.3
2022-02-08,Machilipatnam,3.0,7.04,26.5,482.8
2022-02-09,Anantapur,3.7,6.66,23.8,475.6
2022-02-09,Machilipatnam,9.7,6.07,23.6,408.2
2022-02-09,Vijayawada,11.7,5.62,28.8,394.2
2022-02-10,Visakhapatnam,3.7,6.54,25.7,462.2
2022-02-12,Ongole,14.2,6.57,26.9,566.3
2022-02-13,Kurnool,12.5,6.29,26.0,475.1
2022-02-14,Eluru,7.9,6.77,27.3,630.1
2022-02-14,Nellore,13.8,6.46,26.3,571.5
2022-02-14,Vijayawada,12.8,6.15,22.5,483.2
2022-02-15,Srikakulam,0.1,6.11,23.6,345.3
2022-02-16,Anantapur,6.6,6.0,27.2,390.1
2022-02-16,Vijayawada,4.7,6.67,24.0,484.7
2022-02-18,Vizianagaram,9.3,6.53,29.2,518.9
2022-02-19,Kakinada,2.5,6.23,25.8,290.4
2022-02-20,Ongole,2.2,5.53,24.5,231.6
2022-02-23,Nellore,5.6,5.99,28.3,269.0
2022-02-23,Ongole,11.8,7.53,24.0,612.7
2022-02-23,Visakhapatnam,4.2,7.25,23.6,587.4
2022-02-24,Ongole,2.0,6.37,28.6,435.3
2022-02-26,Kakinada,12.7,5.99,27.8,366.9
2022-02-26,Machilipatnam,21.7,7.08,28.7,599.6
2022-02-27,Nellore,4.3,6.67,25.3,543.3
2022-02-28,Machilipatnam,1.2,5.79,27.7,332.8
2022-02-28,Vizianagaram,16.8,6.46,23.4,639.2
2022-03-01,Kakinada,9.5,7.39,27.6,671.0
2022-03-01,Machilipatnam,6.9,5.97,27.3,325.5
2022-03-01,Srikakulam,1.6,6.63,25.2,510.3
2022-03-04,Srikakulam,0.7,5.53,26.3,304.8
2022-03-05,Tirupati,3.4,6.21,28.4,444.1
2022-03-05,Vizianagaram,1.8,6.41,23.4,394.1
2022-03-06,Vijayawada,0.9,6.28,25.3,421.9
2022-03-07,Vizianagaram,2.6,6.28,27.8,359.6
2022-03-09,Amalapuram,14.3,7.12,27.2,552.5
2022-03-09,Visakhapatnam,5.5,5.76,29.0,277.0
2022-03-10,Guntur,3.4,6.2,28.3,351.6
2022-03-11,Machilipatnam,3.8,5.74,25.1,302.5
2022-03-13,Eluru,16.0,6.89,26.5,661.9
2022-03-13,Guntur,31.4,7.09,26.6,796.1
2022-03-13,Machilipatnam,1.0,6.01,27.2,345.1
2022-03-17,Visakhapatnam,9.2,5.92,27.5,417.9
2022-03-17,Vizianagaram,11.4,7.0,29.2,614.7
2022-03-19,Guntur,7.5,6.42,28.1,565.6
2022-03-20,Kadapa,14.2,6.77,29.3,535.9
2022-03-23,Visakhapatnam,1.7,5.85,26.2,333.8
2022-03-24,Rajahmundry,2.6,5.97,25.8,395.9
2022-03-26,Ongole,3.3,6.28,28.5,354.4
2022-03-26,Visakhapatnam,1.1,5.53,28.6,260.2
2022-04-03,Eluru,3.0,6.23,26.2,384.7
2022-04-03,Nellore,2.6,5.89,29.2,350.0
2022-04-03,Nellore,11.8,6.48,28.3,607.8
2022-04-04,Amalapuram,9.6,6.32,28.6,466.7
2022-04-05,Vijayawada,6.1,5.78,29.2,263.0
2022-04-05,Vijayawada,1.0,5.7,29.6,385.5
2022-04-05,Vizianagaram,3.0,6.54,26.5,516.8
2022-04-06,Kakinada,7.0,6.12,28.3,464.3
2022-04-06,Nellore,6.4,6.19,30.9,349.7
2022-04-07,Amalapuram,9.0,6.01,26.8,336.2
2022-04-08,Amalapuram,8.0,6.72,27.2,488.1
2022-04-09,Eluru,4.3,6.18,27.8,550.8
2022-04-10,Tirupati,11.6,6.15,30.0,426.2
2022-04-14,Srikakulam,5.6,6.2,28.1,471.5
2022-04-15,Kadapa,3.6,5.85,30.0,360.7
2022-04-16,Kurnool,5.2,6.29,26.3,430.4
2022-04-17,Nellore,0.1,6.32,30.9,458.3
2022-04-17,Rajahmundry,11.4,6.9,29.3,640.7
2022-04-18,Kurnool,4.1,5.8,29.8,350.7
2022-04-21,Rajahmundry,0.4,5.86,32.0,343.6
2022-04-22,Anantapur,4.8,5.82,30.6,390.8
2022-04-22,Kakinada,15.3,7.22,27.6,673.0
2022-04-24,Anantapur,4.6,5.77,28.9,269.7
2022-04-25,Amalapuram,5.9,6.35,27.6,507.9
2022-04-28,Rajahmundry,1.5,6.23,29.5,464.6
2022-04-30,Kadapa,1.7,5.5,30.0,322.4
2022-05-02,Kadapa,12.1,7.0,32.1,595.8
2022-05-02,Nellore,12.2,6.03,32.2,356.8
2022-05-03,Machilipatnam,2.6,6.55,31.3,536.8
2022-05-05,Kurnool,1.7,5.41,32.9,208.9
2022-05-06,Kurnool,8.0,6.31,28.2,486.8
2022-05-06,Ongole,11.4,6.19,30.3,435.5
2022-05-08,Machilipatnam,1.8,5.47,30.5,322.8
2022-05-08,Vizianagaram,8.1,6.63,30.6,591.3
2022-05-09,Kadapa,7.1,6.58,34.1,460.9
2022-05-09,Machilipatnam,13.7,6.9,31.9,648.6
2022-05-10,Amalapuram,10.1,6.66,32.2,594.7
2022-05-12,Amalapuram,1.9,6.31,30.1,429.6
2022-05-12,Ongole,1.1,5.79,32.1,264.3
2022-05-13,Nellore,14.8,7.0,28.7,592.9
2022-05-13,Vizianagaram,1.3,6.02,30.3,351.2
2022-05-14,Machilipatnam,7.1,6.24,30.6,466.5
2022-05-14,Rajahmundry,2.0,5.58,30.4,353.8
2022-05-15,Vizianagaram,2.1,5.85,30.5,403.2
2022-05-17,Kakinada,6.0,6.16,30.8,450.9
2022-05-17,Vijayawada,7.3,6.4,32.1,422.1
2022-05-19,Anantapur,0.3,6.35,29.2,423.5
2022-05-22,Anantapur,15.9,6.74,31.5,629.2
2022-05-22,Kadapa,6.6,5.99,30.6,426.9
2022-05-22,Srikakulam,2.6,5.76,31.3,294.9
2022-05-23,Visakhapatnam,8.6,6.36,34.6,535.7
2022-05-24,Srikakulam,5.9,6.56,30.9,393.8
2022-05-24,Visakhapatnam,4.4,7.06,32.2,543.0
2022-05-25,Vizianagaram,15.8,6.73,30.6,648.6
2022-05-26,Kadapa,16.1,7.31,31.4,700.9
2022-05-27,Rajahmundry,2.1,6.52,30.0,441.8
2022-05-29,Nellore,7.3,6.44,30.6,539.5
2022-05-29,Ongole,4.2,6.15,29.0,542.9
2022-05-30,Kakinada,14.2,6.74,32.9,507.9
2022-05-31,Kakinada,22.9,6.69,28.4,603.9
2022-05-31,Kurnool,3.9,6.56,31.2,509.3
2022-06-02,Visakhapatnam,91.5,10.04,30.7,1600.3
2022-06-02,Visakhapatnam,37.5,7.76,32.7,903.3
2022-06-04,Kurnool,7.6,6.26,32.7,396.1
2022-06-09,Anantapur,24.7,6.78,32.8,679.4
2022-06-10,Guntur,11.6,6.05,31.7,395.9
2022-06-11,Kadapa,42.8,8.82,29.0,1053.1
2022-06-11,Kurnool,17.1,6.03,28.4,444.4
2022-06-16,Guntur,2.0,6.01,30.6,349.9
2022-06-16,Tirupati,4.7,6.81,33.4,478.7
2022-06-17,Eluru,5.3,6.11,33.1,424.8
2022-06-17,Rajahmundry,22.0,6.24,32.8,534.2
2022-06-18,Tirupati,6.9,6.26,30.8,465.3
2022-06-19,Vijayawada,18.2,6.58,34.5,506.4
2022-06-20,Srikakulam,10.0,6.25,30.9,498.3
2022-06-20,Vijayawada,4.3,6.17,32.0,421.7
2022-06-21,Anantapur,44.7,8.55,31.4,1151.7
2022-06-21,Kurnool,64.1,8.64,31.3,1256.8
2022-06-23,Nellore,17.7,6.74,32.9,557.5
2022-06-24,Guntur,8.1,6.28,32.3,402.4
2022-06-24,Rajahmundry,17.4,6.71,32.1,560.4
2022-06-25,Amalapuram,10.8,6.1,34.7,425.6
2022-06-26,Eluru,34.1,8.45,30.6,956.9
2022-06-27,Ongole,3.8,7.02,32.8,483.2
2022-06-28,Srikakulam,20.8,6.08,31.8,481.0
2022-06-29,Amalapuram,12.1,5.85,32.0,253.7
2022-06-30,Eluru,115.7,11.39,30.2,2042.7
2022-06-30,Visakhapatnam,7.6,6.54,32.4,540.1
2022-06-30,Vizianagaram,1.5,6.55,30.0,466.3
2022-07-01,Ongole,30.6,7.21,30.1,828.7
2022-07-04,Visakhapatnam,66.5,9.19,32.1,1335.4
2022-07-05,Eluru,13.5,6.93,31.0,635.6
2022-07-06,Kadapa,10.6,7.0,32.2,597.7
2022-07-08,Nellore,1.3,5.82,31.2,376.0
2022-07-08,Rajahmundry,17.3,7.06,30.0,634.2
2022-07-08,Rajahmundry,9.3,6.03,32.0,415.3
2022-07-09,Rajahmundry,7.5,5.8,31.4,411.3
2022-07-10,Nellore,35.7,8.01,30.9,810.3
2022-07-11,Vizianagaram,32.8,7.77,33.2,884.9
2022-07-13,Visakhapatnam,5.1,6.3,31.5,415.3
2022-07-14,Kakinada,41.0,7.59,30.9,790.0
2022-07-14,Vijayawada,37.3,7.26,32.6,859.8
2022-07-15,Kakinada,29.5,7.59,34.5,817.7
2022-07-15,Machilipatnam,4.9,6.61,30.0,529.2
2022-07-15,Rajahmundry,22.6,8.03,31.3,855.7
2022-07-15,Vijayawada,19.2,7.35,31.1,673.0
2022-07-15,Vijayawada,14.1,6.89,32.7,540.8
2022-07-16,Anantapur,3.1,6.23,30.9,393.2
2022-07-16,Rajahmundry,21.8,6.56,30.3,620.0
2022-07-17,Amalapuram,8.1,5.95,33.6,287.1
2022-07-17,Rajahmundry,19.2,7.48,30.3,760.2
2022-07-17,Vizianagaram,11.6,5.52,29.7,370.4
2022-07-18,Tirupati,36.0,7.68,29.9,859.8
2022-07-21,Vizianagaram,8.4,6.21,32.6,402.5
2022-07-24,Machilipatnam,14.3,7.18,33.1,798.8
2022-07-24,Vizianagaram,32.0,7.33,28.4,834.8
2022-07-26,Srikakulam,12.1,5.87,31.8,436.0
2022-07-30,Guntur,28.1,7.63,30.3,736.8
2022-07-30,Kurnool,67.5,9.44,32.1,1393.1
2022-07-30,Ongole,28.9,7.39,31.3,795.2
2022-07-31,Eluru,22.0,6.3,31.7,664.5
2022-08-01,Kurnool,40.9,7.97,31.4,802.7
2022-08-01,Ongole,45.1,7.59,31.4,850.2
2022-08-01,Visakhapatnam,5.0,6.09,30.7,388.5
2022-08-07,Rajahmundry,0.4,6.78,32.8,498.0
2022-08-08,Kadapa,6.8,6.67,29.4,465.0
2022-08-09,Guntur,2.9,5.81,31.5,358.8
2022-08-09,Vijayawada,17.0,6.74,33.1,559.3
2022-08-11,Tirupati,35.9,6.96,26.8,835.8
2022-08-11,Visakhapatnam,4.3,6.59,30.6,350.5
2022-08-13,Kurnool,7.5,6.16,32.8,411.2
2022-08-13,Tirupati,1.8,4.63,32.1,147.0
2022-08-14,Amalapuram,2.9,5.91,30.2,361.1
2022-08-16,Ongole,61.2,9.6,31.1,1385.5
2022-08-16,Tirupati,25.2,7.13,29.8,751.5
2022-08-17,Kurnool,145.9,12.47,27.4,2371.3
2022-08-18,Kadapa,26.8,7.92,28.4,829.5
2022-08-18,Visakhapatnam,35.6,7.79,29.5,949.2
2022-08-20,Eluru,10.9,7.12,32.2,609.8
2022-08-20,Kadapa,87.4,10.13,30.3,1635.9
2022-08-21,Anantapur,5.6,6.2,27.7,428.9
2022-08-22,Kurnool,15.2,6.3,26.4,508.4
2022-08-23,Machilipatnam,25.6,7.17,30.6,664.4
2022-08-23,Tirupati,16.2,6.8,29.3,598.5
2022-08-24,Tirupati,41.3,8.07,29.2,988.7
2022-08-25,Eluru,14.7,6.28,28.7,503.6
2022-08-25,Ongole,56.2,7.92,30.3,1055.0
2022-08-26,Nellore,24.0,6.72,31.7,647.1
2022-08-28,Amalapuram,5.7,6.94,29.8,545.4
2022-08-29,Anantapur,7.9,6.12,29.5,482.7
2022-08-30,Kadapa,3.6,5.54,28.5,342.8
2022-08-30,Tirupati,3.8,5.79,28.6,371.0
2022-09-02,Ongole,23.9,7.3,29.0,675.4
2022-09-02,Vizianagaram,33.9,7.39,28.0,837.7
2022-09-03,Guntur,6.5,5.92,26.7,338.9
2022-09-04,Eluru,17.5,6.88,28.7,570.8
2022-09-05,Guntur,7.9,6.62,30.7,462.6
2022-09-07,Vizianagaram,7.2,6.48,27.8,476.9
2022-09-08,Vizianagaram,55.0,8.62,29.0,1197.0
2022-09-10,Tirupati,44.3,7.46,26.5,833.5
2022-09-11,Vijayawada,45.6,8.0,26.4,994.1
2022-09-12,Eluru,15.7,7.49,28.9,666.7
2022-09-12,Ongole,12.4,6.75,28.0,555.8
2022-09-12,Vijayawada,9.4,6.7,30.1,524.2
2022-09-13,Visakhapatnam,51.7,9.04,26.1,1147.1
2022-09-14,Tirupati,2.5,5.76,28.9,278.0
2022-09-17,Kadapa,16.9,6.13,29.1,465.7
2022-09-18,Kadapa,15.9,6.5,27.6,628.3
2022-09-18,Machilipatnam,5.6,6.74,29.8,536.2
2022-09-18,Ongole,4.9,5.52,24.5,345.7
2022-09-19,Eluru,11.7,6.59,28.5,503.1
2022-09-19,Kakinada,4.0,6.34,27.5,390.4
2022-09-19,Kurnool,7.1,6.37,26.7,463.3
2022-09-21,Srikakulam,8.4,6.14,26.5,507.5
2022-09-22,Eluru,66.3,9.4,24.6,1374.2
2022-09-22,Srikakulam,66.7,8.43,26.9,1208.4
2022-09-22,Srikakulam,7.1,6.77,29.4,415.6
2022-09-22,Vijayawada,14.0,6.25,29.7,456.3
2022-09-23,Eluru,13.5,6.98,27.9,760.5
2022-09-26,Eluru,16.5,7.28,28.6,645.2
2022-09-27,Kadapa,21.6,7.36,24.7,641.8
2022-09-27,Kurnool,12.6,6.2,26.2,566.5
2022-09-27,Machilipatnam,11.3,6.76,26.6,513.2
2022-09-27,Rajahmundry,4.1,5.53,29.3,391.3
2022-09-27,Srikakulam,1.1,6.1,29.9,439.6
2022-09-29,Anantapur,27.4,7.94,25.3,824.4
2022-09-29,Nellore,9.2,6.32,27.9,447.2
2022-09-29,Nellore,11.0,5.89,28.5,455.2
2022-09-29,Vizianagaram,3.5,6.18,29.0,362.7
2022-09-30,Eluru,0.6,6.22,27.2,446.5
2022-09-30,Kurnool,16.8,6.87,24.8,726.6
2022-09-30,Tirupati,1.1,6.01,26.8,488.8
2022-10-01,Srikakulam,1.7,6.32,26.1,443.8
2022-10-02,Rajahmundry,178.4,13.83,26.6,2849.1
2022-10-03,Ongole,11.9,5.81,28.0,493.0
2022-10-04,Anantapur,6.8,6.85,25.3,585.5
2022-10-04,Kadapa,6.1,6.87,25.0,591.5
2022-10-05,Anantapur,1.1,5.94,26.6,469.9
2022-10-05,Guntur,2.5,6.52,29.4,465.3
2022-10-06,Kurnool,7.0,7.06,27.5,512.6
2022-10-07,Tirupati,1.3,5.56,28.8,216.6
2022-10-09,Amalapuram,3.0,6.62,28.8,513.0
2022-10-09,Guntur,8.4,7.18,27.6,582.0
2022-10-09,Guntur,2.0,6.54,29.7,485.5
2022-10-11,Guntur,3.2,6.15,26.6,357.2
2022-10-12,Amalapuram,8.7,6.56,28.5,462.3
2022-10-12,Anantapur,0.9,6.26,25.2,419.3
2022-10-13,Kurnool,4.5,6.28,26.4,514.5
2022-10-13,Kurnool,0.0,5.32,27.8,228.9
2022-10-13,Nellore,2.7,6.26,26.9,394.7
2022-10-14,Kurnool,0.6,6.69,26.1,494.8
2022-10-14,Vijayawada,4.9,7.03,25.9,619.6
2022-10-15,Vizianagaram,7.1,6.11,25.2,400.5
2022-10-16,Vijayawada,3.2,5.55,26.5,283.0
2022-10-17,Kurnool,12.8,6.53,26.1,587.3
2022-10-18,Rajahmundry,132.7,12.73,24.0,2262.7
2022-10-18,Vizianagaram,9.9,6.37,28.2,518.0
2022-10-20,Tirupati,10.1,6.59,26.1,556.3
2022-10-21,Vizianagaram,4.1,5.26,24.3,279.8
2022-10-25,Vizianagaram,7.7,6.82,25.2,518.1
2022-10-27,Anantapur,2.7,5.8,26.4,254.8
2022-10-27,Kadapa,4.1,6.1,25.4,396.6
2022-10-28,Vizianagaram,115.9,11.52,23.6,2064.5
2022-10-30,Anantapur,0.8,5.99,27.9,237.0
2022-10-30,Ongole,4.8,5.75,27.3,396.3
2022-10-30,Ongole,6.6,7.12,26.9,593.6
2022-10-30,Ongole,3.2,5.77,24.4,296.8
2022-11-02,Rajahmundry,4.0,5.68,23.4,288.1
2022-11-04,Amalapuram,4.0,5.49,27.1,176.2
2022-11-04,Kurnool,15.2,5.57,24.0,337.9
2022-11-04,Vijayawada,1.7,5.78,26.3,327.2
2022-11-05,Rajahmundry,6.0,6.18,23.4,387.4
2022-11-06,Eluru,20.5,6.54,23.5,693.9
2022-11-06,Vijayawada,14.2,6.36,22.6,472.1
2022-11-06,Vizianagaram,1.0,6.81,24.4,321.0
2022-11-07,Nellore,20.3,7.71,24.3,714.4
2022-11-08,Vijayawada,1.3,6.01,24.8,296.7
2022-11-08,Visakhapatnam,4.4,5.93,25.2,404.6
2022-11-09,Kakinada,12.3,6.65,26.6,558.7
2022-11-12,Kakinada,3.2,6.25,25.1,355.0
2022-11-13,Machilipatnam,4.8,6.72,24.2,566.3
2022-11-13,Visakhapatnam,5.0,6.19,21.9,505.4
2022-11-14,Eluru,1.9,5.87,25.1,383.6
2022-11-16,Anantapur,4.7,6.31,23.5,479.1
2022-11-17,Eluru,1.8,6.38,26.9,395.8
2022-11-17,Guntur,0.2,5.7,25.6,211.7
2022-11-18,Machilipatnam,5.2,6.5,25.0,524.5
2022-11-19,Eluru,0.4,5.73,25.7,380.6
2022-11-19,Tirupati,10.5,5.87,25.4,339.4
2022-11-22,Guntur,9.4,6.72,22.6,645.0
2022-11-22,Kurnool,5.1,5.93,25.6,528.0
2022-11-24,Machilipatnam,5.3,6.51,25.9,453.8
2022-11-24,Vizianagaram,2.5,5.96,25.0,434.9
2022-11-26,Eluru,26.8,6.85,24.4,675.2
2022-11-27,Amalapuram,11.8,5.62,24.9,340.6
2022-11-27,Machilipatnam,5.2,6.23,26.3,311.6
2022-11-27,Nellore,4.5,6.26,23.6,484.5
2022-11-28,Amalapuram,13.0,6.79,23.8,584.5
2022-11-28,Kurnool,9.2,6.79,23.1,548.5
2022-11-28,Rajahmundry,14.1,6.34,22.3,453.9
2022-11-29,Tirupati,6.0,7.14,22.1,513.8
2022-11-29,Vijayawada,1.9,6.14,22.8,488.3
2022-11-30,Guntur,3.9,5.24,24.9,342.5
2022-12-03,Tirupati,5.0,6.51,24.8,447.3
2022-12-05,Machilipatnam,0.9,5.27,23.3,206.9
2022-12-07,Kakinada,4.1,6.17,25.0,396.5
2022-12-08,Nellore,13.6,6.18,23.9,469.0
2022-12-08,Srikakulam,0.2,5.93,23.8,303.4
2022-12-11,Tirupati,2.8,6.55,22.0,419.2
2022-12-13,Anantapur,1.7,5.85,26.0,349.2
2022-12-14,Ongole,7.9,7.2,26.8,592.2
2022-12-14,Visakhapatnam,4.0,6.06,24.5,359.5
2022-12-15,Srikakulam,9.0,6.15,24.6,447.1
2022-12-16,Visakhapatnam,4.2,6.41,25.2,470.6
2022-12-17,Kurnool,4.3,6.21,27.3,423.0
2022-12-18,Kadapa,0.0,6.14,24.2,372.1
2022-12-19,Anantapur,1.2,6.72,21.9,376.2
2022-12-21,Kadapa,20.6,7.45,24.2,632.4
2022-12-21,Rajahmundry,5.7,6.3,24.1,448.8
2022-12-21,Vizianagaram,0.3,6.1,21.8,402.9
2022-12-23,Amalapuram,7.5,6.44,24.0,476.4
2022-12-23,Kurnool,16.5,6.85,23.1,579.8
2022-12-26,Anantapur,0.6,5.78,24.6,360.1
2022-12-26,Kadapa,3.1,5.56,26.3,410.9
2022-12-27,Vijayawada,17.0,6.24,28.5,574.7
2022-12-28,Kadapa,4.7,5.97,24.9,371.1
2022-12-29,Ongole,24.2,7.02,21.5,763.5
2022-12-30,Eluru,1.5,6.08,23.7,323.9
2022-12-31,Kurnool,10.4,6.22,26.0,417.9
2022-12-31,Machilipatnam,8.1,6.06,24.0,445.3
2023-01-02,Kadapa,3.3,6.24,25.2,415.7
2023-01-03,Nellore,0.9,6.4,22.3,475.9
2023-01-03,Ongole,3.4,6.58,22.3,525.9
2023-01-03,Vijayawada,9.3,6.45,25.5,449.5
2023-01-04,Rajahmundry,9.7,5.66,26.2,333.5
2023-01-05,Anantapur,10.0,7.43,24.5,560.1
2023-01-05,Nellore,3.9,6.51,24.3,477.0
2023-01-06,Guntur,2.3,5.95,25.5,409.9
2023-01-06,Guntur,1.9,5.75,23.2,339.1
2023-01-07,Guntur,17.6,6.36,24.2,486.6
2023-01-07,Machilipatnam,12.1,5.9,24.4,420.1
2023-01-07,Srikakulam,1.7,6.26,24.3,539.1
2023-01-08,Kurnool,2.1,6.16,19.8,389.0
2023-01-09,Amalapuram,5.7,5.54,26.3,278.3
2023-01-09,Anantapur,0.8,6.02,25.1,279.3
2023-01-09,Ongole,5.5,6.12,24.6,452.4
2023-01-11,Anantapur,8.9,6.16,24.2,426.6
2023-01-11,Kadapa,1.8,6.51,22.5,359.4
2023-01-12,Kadapa,1.2,6.01,25.5,385.3
2023-01-15,Kadapa,8.2,5.81,25.8,387.6
2023-01-18,Anantapur,8.4,5.93,23.2,478.0
2023-01-18,Kurnool,1.8,5.38,24.2,279.8
2023-01-18,Vizianagaram,127.0,11.64,24.5,2184.7
2023-01-19,Anantapur,28.0,6.47,23.1,676.2
2023-01-21,Guntur,8.2,6.66,24.4,536.3
2023-01-24,Ongole,2.5,5.57,24.3,387.8
2023-01-25,Anantapur,6.3,5.95,24.9,391.6
2023-01-25,Kadapa,1.4,5.53,23.7,278.0
2023-01-25,Nellore,9.9,6.65,22.7,668.2
2023-01-26,Anantapur,6.2,6.98,24.8,584.1
2023-01-27,Machilipatnam,15.6,6.74,24.4,608.9
2023-01-29,Kadapa,8.1,5.82,24.9,325.8
2023-01-29,Machilipatnam,8.1,6.78,23.6,646.9
2023-01-30,Anantapur,5.3,6.2,24.9,446.5
2023-01-31,Vijayawada,9.9,6.73,26.3,540.7
2023-02-01,Eluru,4.3,6.49,26.0,469.1
2023-02-01,Rajahmundry,2.1,6.21,27.5,257.4
2023-02-02,Nellore,6.6,6.86,20.8,602.2
2023-02-03,Kadapa,2.5,5.01,24.7,261.5
2023-02-05,Guntur,7.6,5.75,25.1,275.2
2023-02-05,Ongole,6.2,6.79,25.0,529.9
2023-02-08,Rajahmundry,9.1,6.68,25.2,528.6
2023-02-09,Anantapur,1.2,6.2,23.9,427.2
2023-02-09,Guntur,1.9,6.3,24.5,417.5
2023-02-09,Kakinada,21.1,6.64,24.1,591.9
2023-02-09,Nellore,1.1,5.91,25.0,291.7
2023-02-09,Vizianagaram,6.0,6.58,24.7,488.6
2023-02-11,Srikakulam,6.1,6.43,27.0,467.7
2023-02-12,Kadapa,20.5,7.09,25.3,579.4
2023-02-15,Guntur,9.4,6.35,24.8,510.9
2023-02-15,Kurnool,6.7,6.17,26.9,450.4
2023-02-15,Srikakulam,5.8,6.03,24.3,377.0
2023-02-16,Kadapa,2.1,5.56,27.5,245.4
2023-02-16,Kurnool,12.3,6.77,26.4,429.9
2023-02-17,Tirupati,3.4,6.61,25.0,573.3
2023-02-17,Vijayawada,10.5,6.67,28.6,647.7
2023-02-18,Eluru,5.4,7.04,24.4,569.5
2023-02-19,Amalapuram,0.1,5.59,29.8,269.6
2023-02-20,Ongole,5.1,5.66,27.1,253.4
2023-02-22,Amalapuram,1.7,5.55,28.0,285.4
2023-02-22,Ongole,10.6,6.72,24.0,489.0
2023-02-23,Nellore,2.7,5.64,26.0,278.5
2023-02-25,Eluru,7.8,6.59,26.0,499.9
2023-03-01,Guntur,0.9,6.16,27.8,364.2
2023-03-02,Ongole,1.5,5.75,29.1,247.2
2023-03-03,Tirupati,1.7,5.88,26.7,312.1
2023-03-06,Ongole,0.7,6.74,28.0,491.8
2023-03-07,Nellore,2.9,6.15,26.0,363.2
2023-03-08,Kadapa,11.7,5.81,24.8,404.2
2023-03-09,Guntur,7.6,6.24,25.7,340.0
2023-03-09,Kurnool,3.6,5.96,25.0,431.0
2023-03-09,Tirupati,7.8,6.03,24.9,421.7
2023-03-10,Amalapuram,4.6,4.97,27.4,235.5
2023-03-11,Amalapuram,7.0,6.56,25.9,555.6
2023-03-12,Amalapuram,6.9,6.47,31.2,469.0
2023-03-12,Tirupati,7.7,6.92,26.7,493.9
2023-03-13,Vijayawada,3.8,6.92,27.8,472.4
2023-03-14,Guntur,12.3,6.55,25.6,558.9
2023-03-14,Guntur,10.1,6.05,26.7,372.6
2023-03-15,Kadapa,5.7,6.24,28.6,328.8
2023-03-17,Vijayawada,10.7,6.05,28.5,415.9
2023-03-18,Amalapuram,5.4,5.8,29.0,405.0
2023-03-19,Kurnool,14.4,6.36,28.1,434.3
2023-03-19,Machilipatnam,0.7,5.75,30.6,288.3
2023-03-20,Rajahmundry,2.4,7.04,31.5,569.1
2023-03-21,Kakinada,0.0,6.47,26.1,483.4
2023-03-21,Kurnool,6.6,7.2,29.5,593.7
2023-03-21,Vizianagaram,12.0,6.67,27.1,537.0
2023-03-24,Anantapur,10.9,6.16,29.1,476.6
2023-03-24,Tirupati,1.3,6.12,26.7,400.1
2023-03-26,Vizianagaram,2.4,5.85,28.6,363.3
2023-03-28,Visakhapatnam,6.3,6.47,29.2,526.6
2023-03-29,Eluru,10.1,5.74,28.7,452.0
2023-03-30,Eluru,1.2,6.87,27.5,415.8
2023-03-30,Vizianagaram,4.7,6.08,30.4,505.1
2023-04-01,Machilipatnam,39.0,7.64,27.9,969.5
2023-04-02,Kurnool,4.7,5.84,25.5,415.7
2023-04-02,Visakhapatnam,9.4,7.09,26.2,592.5
2023-04-05,Rajahmundry,7.5,5.85,27.4,399.9
2023-04-07,Vijayawada,1.3,6.44,28.4,517.6
2023-04-09,Visakhapatnam,3.6,5.72,25.7,352.9
2023-04-13,Ongole,1.8,6.81,28.1,461.2
2023-04-15,Vizianagaram,3.0,6.48,27.7,413.2
2023-04-19,Ongole,2.3,6.08,30.3,332.4
2023-04-19,Visakhapatnam,2.3,5.55,32.0,329.2
2023-04-20,Anantapur,3.7,6.02,31.2,294.4
2023-04-20,Tirupati,10.3,5.98,29.3,454.8
2023-04-21,Machilipatnam,3.0,6.78,26.3,493.3
2023-04-24,Nellore,5.9,6.15,29.8,438.0
2023-04-24,Vizianagaram,1.9,6.19,28.6,336.1
2023-04-27,Vizianagaram,3.5,6.43,31.0,354.3
2023-04-28,Vijayawada,7.8,6.61,30.9,534.2
2023-04-28,Vizianagaram,15.7,7.05,27.6,509.9
2023-04-30,Amalapuram,0.6,5.55,29.3,357.4
2023-05-01,Tirupati,15.3,5.99,30.4,428.2
2023-05-01,Tirupati,7.2,6.62,30.1,526.0
2023-05-02,Vizianagaram,24.2,7.18,31.1,696.9
2023-05-03,Machilipatnam,1.0,5.49,28.8,323.3
2023-05-04,Kurnool,5.6,6.28,29.3,426.6
2023-05-04,Ongole,3.6,6.44,27.5,494.6
2023-05-05,Kakinada,5.4,6.09,32.4,382.3
2023-05-05,Visakhapatnam,11.7,6.86,30.7,668.8
2023-05-06,Kakinada,2.6,5.46,30.3,353.4
2023-05-06,Rajahmundry,11.1,7.19,31.7,586.9
2023-05-06,Srikakulam,1.0,6.18,32.9,456.0
2023-05-07,Amalapuram,0.7,6.38,30.1,399.4
2023-05-07,Rajahmundry,5.4,6.64,28.6,556.9
2023-05-09,Ongole,4.8,6.41,29.6,415.9
2023-05-13,Visakhapatnam,5.3,5.47,32.0,232.9
2023-05-16,Tirupati,5.1,6.33,32.5,431.0
2023-05-20,Kurnool,14.2,6.85,30.6,591.8
2023-05-20,Srikakulam,1.2,6.41,32.6,425.4
2023-05-20,Vijayawada,0.9,5.8,32.0,293.1
2023-05-22,Anantapur,3.0,5.21,31.7,234.2
2023-05-22,Kadapa,4.2,7.17,32.5,594.4
2023-05-23,Guntur,3.0,5.99,32.1,393.3
2023-05-25,Kakinada,2.2,5.75,32.3,280.5
2023-05-25,Machilipatnam,24.9,7.45,31.7,837.6
2023-05-25,Srikakulam,11.1,6.1,28.8,404.1
2023-05-27,Kadapa,21.0,7.16,32.0,676.5
2023-05-27,Kurnool,10.5,5.97,29.2,453.5
2023-05-27,Nellore,1.5,6.14,31.1,450.1
2023-05-27,Ongole,6.8,6.77,32.0,562.6
2023-05-27,Tirupati,1.4,6.26,33.3,413.9
2023-05-28,Rajahmundry,7.0,6.59,32.6,590.2
2023-05-29,Srikakulam,3.1,5.88,32.7,404.3
2023-05-31,Vijayawada,7.7,6.1,32.0,385.4
2023-05-31,Visakhapatnam,1.3,6.29,32.3,468.7
2023-06-01,Guntur,33.8,7.54,31.0,804.7
2023-06-03,Nellore,16.0,6.85,32.9,549.6
2023-06-03,Vizianagaram,38.2,7.87,31.0,923.3
2023-06-07,Nellore,5.4,5.55,32.4,349.5
2023-06-08,Ongole,11.4,6.85,31.3,525.1
2023-06-08,Vizianagaram,6.3,6.96,33.0,511.8
2023-06-09,Kurnool,5.4,6.56,33.2,468.4
2023-06-09,Visakhapatnam,79.0,9.39,30.2,1425.3
2023-06-12,Rajahmundry,94.8,10.87,28.2,1753.5
2023-06-12,Tirupati,11.3,6.65,32.5,612.0
2023-06-15,Vijayawada,8.6,6.34,29.1,416.4
2023-06-17,Visakhapatnam,10.8,6.83,31.0,496.3
2023-06-18,Kurnool,1.3,5.63,32.4,379.3
2023-06-18,Vijayawada,5.6,6.11,31.8,390.2
2023-06-19,Machilipatnam,14.8,6.89,32.0,610.8
2023-06-19,Visakhapatnam,0.6,5.84,31.4,295.4
2023-06-20,Kakinada,8.6,5.92,32.6,323.2
2023-06-22,Vizianagaram,2.7,5.66,29.3,256.7
2023-06-23,Visakhapatnam,125.2,11.6,32.4,2054.6
2023-06-24,Kadapa,35.8,8.05,29.9,911.0
2023-06-24,Tirupati,21.5,7.12,32.2,728.3
2023-06-25,Srikakulam,17.4,6.95,31.6,635.8
2023-06-26,Nellore,5.4,5.49,33.0,323.1
2023-06-26,Ongole,2.6,6.13,31.7,420.1
2023-06-28,Kadapa,34.6,7.43,31.4,830.5
2023-06-28,Nellore,16.6,7.03,34.8,583.1
2023-06-29,Eluru,18.4,6.48,29.9,656.2
2023-06-29,Tirupati,11.6,6.6,31.6,576.8
2023-06-30,Guntur,8.2,5.52,32.3,326.3
2023-07-01,Vijayawada,7.0,6.67,34.4,612.8
2023-07-02,Kakinada,1.9,5.9,29.6,402.0
2023-07-02,Visakhapatnam,5.2,5.93,34.0,268.0
2023-07-03,Rajahmundry,3.5,5.75,30.2,326.2
2023-07-04,Ongole,23.5,7.58,29.5,857.3
2023-07-04,Visakhapatnam,13.0,6.31,33.4,496.7
2023-07-05,Eluru,6.4,5.76,31.8,371.9
2023-07-05,Rajahmundry,9.0,6.24,31.0,429.5
2023-07-05,Tirupati,4.6,5.8,29.4,386.0
2023-07-05,Vijayawada,45.8,7.87,29.7,938.4
2023-07-07,Kadapa,38.9,8.32,30.0,921.7
2023-07-07,Tirupati,44.8,7.33,28.5,943.6
2023-07-09,Guntur,20.7,6.63,31.8,622.2
2023-07-09,Kurnool,30.7,7.38,33.5,833.6
2023-07-09,Ongole,23.0,7.17,31.8,686.3
2023-07-09,Tirupati,32.2,7.44,31.2,796.9
2023-07-09,Vijayawada,16.6,6.61,30.5,638.6
2023-07-09,Vizianagaram,25.0,7.34,31.0,741.2
2023-07-12,Vijayawada,20.5,6.37,30.6,520.6
2023-07-14,Ongole,9.4,5.76,30.7,379.1
2023-07-18,Guntur,18.5,6.67,32.9,678.1
2023-07-19,Vijayawada,2.4,6.06,30.9,279.5
2023-07-20,Amalapuram,23.1,7.01,33.5,720.7
2023-07-20,Ongole,45.0,8.36,29.8,1064.5
2023-07-21,Vijayawada,61.0,7.88,29.6,1107.4
2023-07-22,Vizianagaram,51.3,8.38,30.3,1069.4
2023-07-23,Kadapa,9.4,6.56,29.5,519.4
2023-07-24,Machilipatnam,0.6,6.29,30.5,365.3
2023-07-26,Amalapuram,1.5,6.62,33.3,537.3
2023-07-26,Anantapur,14.6,7.22,31.9,577.3
2023-07-26,Visakhapatnam,28.8,6.88,30.8,673.6
2023-07-27,Ongole,26.7,7.07,31.1,765.7
2023-07-28,Amalapuram,45.5,7.47,29.4,858.7
2023-07-29,Kakinada,13.3,6.65,26.4,458.2
2023-07-29,Visakhapatnam,48.1,7.74,29.4,936.5
2023-07-30,Guntur,7.1,6.58,30.3,473.5
2023-07-30,Nellore,5.1,6.29,31.3,324.4
2023-07-31,Kadapa,5.9,6.73,30.5,536.6
2023-07-31,Nellore,9.3,5.69,30.7,377.1
2023-08-01,Amalapuram,28.2,7.68,28.8,753.5
2023-08-02,Amalapuram,46.9,7.74,30.8,964.7
2023-08-03,Kakinada,23.3,7.17,28.6,606.5
2023-08-04,Guntur,14.3,6.62,27.9,532.4
2023-08-04,Guntur,38.9,7.17,26.9,792.8
2023-08-05,Amalapuram,3.1,7.1,32.9,567.4
2023-08-05,Vijayawada,19.7,6.97,32.8,743.0
2023-08-08,Amalapuram,2.4,6.71,30.6,447.7
2023-08-11,Anantapur,33.4,6.96,30.6,854.9
2023-08-11,Kurnool,11.8,6.66,31.8,433.6
2023-08-11,Srikakulam,12.7,6.33,31.2,517.4
2023-08-12,Machilipatnam,18.3,6.32,29.4,541.5
2023-08-14,Rajahmundry,14.2,6.77,32.5,545.9
2023-08-14,Rajahmundry,14.8,7.24,30.4,559.3
2023-08-16,Machilipatnam,10.6,6.54,28.3,503.2
2023-08-18,Amalapuram,45.5,8.52,32.0,1057.0
2023-08-18,Vijayawada,36.6,8.29,33.5,1018.3
2023-08-19,Kurnool,26.3,7.56,31.9,827.1
2023-08-19,Nellore,3.1,5.84,30.3,328.4
2023-08-19,Ongole,65.9,9.06,29.2,1318.3
2023-08-23,Srikakulam,0.2,5.24,29.0,321.3
2023-08-24,Machilipatnam,22.7,7.62,31.2,743.9
2023-08-24,Tirupati,2.2,5.74,31.4,333.1
2023-08-24,Tirupati,13.3,7.24,28.1,574.5
2023-08-25,Machilipatnam,6.2,6.56,29.8,509.5
2023-08-28,Eluru,8.3,6.76,29.2,545.3
2023-08-30,Vijayawada,13.0,6.22,30.0,446.6
2023-08-31,Eluru,106.3,10.72,28.6,1819.2
2023-09-02,Visakhapatnam,4.9,6.18,30.5,442.3
2023-09-03,Machilipatnam,41.8,8.09,27.0,992.9
2023-09-08,Ongole,34.7,7.07,27.6,708.3
2023-09-08,Srikakulam,4.7,6.25,29.3,417.1
2023-09-10,Kakinada,10.5,6.74,28.2,594.8
2023-09-11,Rajahmundry,54.2,8.55,29.9,1179.7
2023-09-13,Tirupati,12.3,6.89,29.1,534.5
2023-09-14,Guntur,9.3,7.2,25.7,597.9
2023-09-14,Tirupati,4.9,6.62,31.0,482.0
2023-09-15,Ongole,169.1,13.87,29.6,2827.5
2023-09-16,Guntur,7.5,6.86,28.1,577.3
2023-09-16,Kadapa,13.7,6.72,29.3,527.1
2023-09-16,Machilipatnam,23.5,6.86,27.2,708.5
2023-09-17,Vijayawada,169.8,13.62,24.7,2850.5
2023-09-21,Visakhapatnam,13.8,6.3,28.7,551.0
2023-09-23,Machilipatnam,24.8,7.32,27.5,784.3
2023-09-24,Guntur,13.7,6.1,27.4,579.0
2023-09-25,Eluru,27.9,7.34,31.6,756.9
2023-09-25,Kurnool,0.6,6.73,26.9,548.5
2023-09-25,Rajahmundry,52.8,8.53,26.9,1048.2
2023-09-25,Vizianagaram,37.8,7.96,28.2,897.9
2023-09-26,Tirupati,2.6,6.02,26.7,379.1
2023-09-27,Rajahmundry,19.4,7.44,28.3,752.4
2023-09-28,Kurnool,12.9,6.92,27.4,607.5
2023-09-29,Nellore,22.1,7.45,23.7,680.0
2023-09-30,Anantapur,11.2,5.85,27.8,456.8
2023-10-01,Ongole,5.1,5.83,27.9,226.4
2023-10-01,Vijayawada,4.3,6.22,25.9,433.9
2023-10-01,Vizianagaram,1.5,6.3,24.7,377.2
2023-10-03,Amalapuram,2.9,7.12,24.5,573.4
2023-10-04,Eluru,1.7,5.26,27.8,264.1
2023-10-04,Vijayawada,5.4,6.92,23.9,584.8
2023-10-06,Guntur,1.5,6.08,26.1,418.5
2023-10-07,Kakinada,2.5,5.99,28.3,415.8
2023-10-08,Amalapuram,4.2,7.38,26.7,686.6
2023-10-08,Kadapa,9.7,6.63,28.8,561.4
2023-10-08,Ongole,7.6,5.94,28.0,458.5
2023-10-09,Machilipatnam,0.7,6.11,27.1,384.3
2023-10-10,Kurnool,2.4,5.5,28.2,307.5
2023-10-11,Tirupati,5.4,6.31,29.3,457.6
2023-10-11,Vizianagaram,8.5,6.56,26.8,472.8
2023-10-12,Vijayawada,8.5,6.53,28.8,480.6
2023-10-13,Kadapa,2.3,6.07,24.7,431.6
2023-10-13,Machilipatnam,130.4,11.38,25.2,2063.6
2023-10-17,Kadapa,0.5,5.72,25.4,231.2
2023-10-18,Tirupati,0.9,5.61,24.1,360.7
2023-10-19,Vizianagaram,1.5,6.24,26.6,349.2
2023-10-20,Kadapa,1.5,6.41,28.5,456.1
2023-10-20,Vizianagaram,2.6,6.41,28.5,471.0
2023-10-22,Kadapa,14.4,5.98,28.9,470.2
2023-10-23,Rajahmundry,3.9,6.71,24.8,479.7
2023-10-23,Visakhapatnam,1.5,5.78,27.8,289.3
2023-10-24,Ongole,19.4,7.46,24.8,851.4
2023-10-25,Kadapa,5.5,5.98,24.9,313.8
2023-10-25,Vizianagaram,2.1,5.84,25.9,276.8
2023-10-27,Kadapa,0.3,6.23,25.2,417.3
2023-10-28,Tirupati,7.6,6.88,25.9,596.1
2023-10-29,Kadapa,10.0,6.55,26.3,376.3
2023-11-05,Vizianagaram,185.0,14.21,24.5,2994.0
2023-11-06,Vijayawada,3.4,6.12,25.1,402.6
2023-11-07,Kurnool,6.2,6.61,24.1,534.0
2023-11-07,Ongole,3.1,5.81,24.1,336.4
2023-11-07,Vijayawada,2.6,6.04,26.9,322.9
2023-11-08,Srikakulam,2.2,6.43,24.6,507.4
2023-11-12,Rajahmundry,11.0,7.24,25.5,614.1
2023-11-13,Kurnool,2.5,6.44,23.6,387.2
2023-11-13,Kurnool,5.1,6.39,26.4,458.8
2023-11-13,Tirupati,1.6,6.33,24.5,392.3
2023-11-14,Eluru,3.8,5.67,19.9,272.1
2023-11-15,Guntur,122.4,10.92,23.4,1988.9
2023-11-17,Anantapur,3.3,6.49,23.5,363.1
2023-11-19,Anantapur,2.1,5.87,24.5,415.4
2023-11-19,Guntur,26.3,8.34,25.3,902.4
2023-11-20,Kakinada,5.4,6.18,24.0,434.4
2023-11-20,Srikakulam,6.0,6.06,23.6,395.7
2023-11-23,Ongole,5.2,6.24,25.1,462.3
2023-11-24,Ongole,12.4,5.89,22.7,405.1
2023-11-26,Kurnool,7.8,6.56,21.6,527.9
2023-12-01,Kakinada,4.4,6.19,23.9,444.8
2023-12-03,Amalapuram,2.4,5.74,25.6,354.0
2023-12-03,Vijayawada,2.0,6.28,23.9,347.5
2023-12-04,Kadapa,0.7,6.43,25.3,386.7
2023-12-05,Tirupati,15.8,6.88,25.2,602.2
2023-12-05,Vijayawada,1.7,6.23,26.4,299.3
2023-12-07,Kadapa,3.6,6.26,24.7,369.0
2023-12-07,Tirupati,8.8,5.7,23.6,350.1
2023-12-08,Amalapuram,6.4,6.31,25.6,515.1
2023-12-09,Nellore,23.1,7.04,20.8,701.4
2023-12-11,Srikakulam,3.5,6.25,24.2,384.3
2023-12-13,Kakinada,176.8,13.79,24.4,2894.9
2023-12-13,Ongole,3.1,6.86,23.9,431.3
2023-12-14,Kadapa,5.7,6.3,25.1,380.1
2023-12-19,Vizianagaram,5.7,6.02,25.5,373.4
2023-12-19,Vizianagaram,2.7,6.02,26.3,360.4
2023-12-20,Kakinada,7.7,6.12,21.8,375.9
2023-12-24,Nellore,3.9,5.79,24.9,242.7
2023-12-25,Guntur,5.1,5.88,25.3,340.9
2023-12-25,Kadapa,12.9,6.68,25.6,538.8
2023-12-25,Machilipatnam,4.9,6.06,25.1,424.5
2023-12-27,Amalapuram,0.2,5.91,22.6,354.2
2023-12-27,Eluru,10.3,6.18,23.4,479.0
2023-12-28,Kadapa,13.1,5.89,23.6,448.3
2023-12-30,Eluru,14.9,6.72,22.3,665.3
2023-12-31,Srikakulam,3.4,6.19,23.6,418.7
2024-01-02,Machilipatnam,4.7,6.47,23.5,481.8
2024-01-04,Kadapa,2.8,5.51,25.1,267.3
2024-01-04,Vizianagaram,3.9,5.33,27.5,293.3
2024-01-05,Ongole,3.6,5.98,22.2,393.4
2024-01-07,Eluru,2.2,5.72,27.3,350.8
2024-01-07,Visakhapatnam,4.5,5.97,27.7,387.5
2024-01-09,Kadapa,10.8,5.95,22.5,518.7
2024-01-09,Vijayawada,0.8,6.38,26.6,345.1
2024-01-10,Kadapa,7.0,6.25,26.5,385.2
2024-01-10,Ongole,9.6,6.0,24.0,351.9
2024-01-14,Kurnool,2.0,6.19,25.8,494.5
2024-01-14,Vijayawada,3.8,5.84,20.9,348.6
2024-01-15,Ongole,1.6,6.18,22.2,489.1
2024-01-15,Srikakulam,8.4,6.45,23.9,367.8
2024-01-16,Nellore,52.3,8.05,23.9,1064.1
2024-01-16,Srikakulam,8.2,6.25,24.7,355.3
2024-01-20,Eluru,1.5,6.62,23.4,397.0
2024-01-22,Kadapa,7.8,6.74,26.0,692.0
2024-01-22,Ongole,7.0,6.9,25.6,459.5
2024-01-27,Vijayawada,14.9,6.82,21.9,618.5
2024-01-28,Nellore,17.6,6.91,23.0,673.3
2024-01-30,Srikakulam,11.4,6.48,25.9,483.1
2024-02-01,Guntur,12.4,6.65,21.9,559.4
2024-02-01,Machilipatnam,4.5,5.93,25.5,331.5
2024-02-02,Amalapuram,4.7,6.44,23.1,415.8
2024-02-05,Srikakulam,7.7,5.83,24.3,532.8
2024-02-06,Anantapur,20.9,7.77,25.2,876.3
2024-02-07,Vizianagaram,7.1,7.41,24.6,630.6
2024-02-08,Nellore,3.0,6.42,23.5,406.5
2024-02-11,Tirupati,3.8,6.82,25.4,546.9
2024-02-13,Kadapa,1.3,6.39,24.0,437.1
2024-02-13,Vijayawada,6.4,6.26,26.0,459.6
2024-02-14,Eluru,17.9,7.18,27.7,708.2
2024-02-16,Tirupati,4.4,5.9,24.1,356.2
2024-02-17,Srikakulam,2.7,6.19,26.6,390.8
2024-02-18,Nellore,1.7,6.6,26.5,462.6
2024-02-19,Anantapur,16.1,6.45,25.8,517.1
2024-02-19,Kadapa,2.9,5.39,27.5,242.9
2024-02-20,Kakinada,6.8,6.15,26.6,364.2
2024-02-20,Kurnool,2.8,6.56,24.1,536.4
2024-02-21,Amalapuram,1.8,6.01,25.9,348.2
2024-02-21,Guntur,1.8,7.2,27.7,613.3
2024-02-21,Machilipatnam,5.0,5.76,27.3,378.8
2024-02-21,Visakhapatnam,2.7,5.32,28.2,192.9
2024-02-22,Amalapuram,66.2,9.87,25.6,1412.8
2024-02-23,Srikakulam,5.3,6.53,28.2,568.2
2024-02-24,Guntur,1.4,6.29,26.1,436.2
2024-02-25,Rajahmundry,1.5,6.24,26.8,345.4
2024-02-27,Nellore,1.4,6.12,27.4,397.4
2024-02-28,Visakhapatnam,1.1,5.68,25.2,330.2
2024-02-29,Vizianagaram,4.3,5.8,23.8,409.1
2024-03-03,Anantapur,1.3,6.04,28.8,405.4
2024-03-03,Vizianagaram,0.8,6.26,24.7,298.4
2024-03-04,Guntur,19.8,7.14,25.4,581.0
2024-03-04,Kurnool,26.1,7.42,25.9,671.4
2024-03-05,Kakinada,2.8,6.05,25.7,417.1
2024-03-05,Ongole,5.1,6.13,26.9,414.9
2024-03-10,Visakhapatnam,12.8,6.91,27.8,568.9
2024-03-11,Guntur,1.4,5.7,28.2,314.9
2024-03-16,Rajahmundry,8.6,6.82,26.7,478.7
2024-03-16,Vizianagaram,0.2,5.24,26.8,213.0
2024-03-17,Machilipatnam,5.4,5.76,27.3,376.3
2024-03-20,Tirupati,6.8,6.57,27.1,517.0
2024-03-20,Visakhapatnam,2.7,5.45,28.8,292.5
2024-03-21,Kurnool,2.1,6.36,28.4,415.9
2024-03-22,Ongole,9.1,6.88,26.4,618.6
2024-03-23,Vijayawada,137.3,11.68,27.6,2188.0
2024-03-25,Guntur,114.4,12.0,30.0,2129.8
2024-03-25,Kurnool,1.6,5.74,31.0,252.1
2024-03-26,Amalapuram,19.0,6.52,27.7,554.6
2024-03-26,Ongole,4.0,5.85,28.2,325.6
2024-03-29,Vijayawada,8.0,6.15,26.8,436.8
2024-04-01,Nellore,90.3,10.26,30.8,1624.4
2024-04-02,Tirupati,3.1,6.4,30.5,451.6
2024-04-04,Eluru,4.8,6.2,30.0,382.2
2024-04-04,Srikakulam,8.8,6.1,29.0,505.8
2024-04-05,Visakhapatnam,6.1,6.56,29.6,466.7
2024-04-07,Kadapa,2.2,6.61,30.1,364.5
2024-04-09,Amalapuram,18.6,5.9,31.9,516.7
2024-04-10,Nellore,4.1,6.33,27.8,480.5
2024-04-11,Guntur,8.3,6.61,30.3,527.2
2024-04-16,Machilipatnam,180.0,13.87,28.4,2868.5
2024-04-19,Kadapa,7.3,6.05,33.2,324.0
2024-04-19,Kurnool,1.6,6.06,29.7,356.7
2024-04-19,Ongole,0.7,5.82,30.1,291.9
2024-04-19,Visakhapatnam,3.0,5.91,28.9,300.2
2024-04-22,Tirupati,9.6,6.73,31.5,586.9
2024-04-23,Nellore,14.7,5.88,30.6,395.1
2024-04-23,Vijayawada,1.3,5.44,30.8,356.8
2024-04-25,Vizianagaram,7.8,6.68,30.2,428.3
2024-04-26,Kadapa,1.4,5.54,30.8,373.4
2024-04-26,Rajahmundry,14.9,6.85,28.4,538.3
2024-04-27,Eluru,2.1,6.18,31.4,371.7
2024-04-27,Nellore,6.8,6.27,30.9,367.6
2024-04-28,Ongole,2.1,5.28,30.1,301.9
2024-04-28,Rajahmundry,3.4,6.11,32.3,394.7
2024-04-30,Eluru,0.7,6.06,31.5,341.4
2024-04-30,Guntur,7.0,6.61,30.2,481.6
2024-04-30,Visakhapatnam,5.2,6.48,32.0,509.7
2024-05-01,Tirupati,10.1,5.95,29.6,365.6
2024-05-02,Eluru,0.9,5.57,30.3,226.5
2024-05-02,Kakinada,5.1,6.23,28.4,453.1
2024-05-03,Kurnool,4.9,6.89,31.1,520.4
2024-05-03,Vizianagaram,1.2,5.86,29.0,366.1
2024-05-06,Kurnool,9.0,6.86,30.6,520.0
2024-05-07,Vizianagaram,10.1,6.25,30.4,384.2
2024-05-09,Machilipatnam,5.8,6.75,31.3,494.5
2024-05-09,Vizianagaram,7.0,6.58,34.5,506.5
2024-05-10,Visakhapatnam,0.2,6.8,30.3,433.9
2024-05-13,Anantapur,0.9,6.21,32.2,415.6
2024-05-17,Machilipatnam,4.4,5.87,30.1,297.7
2024-05-17,Vijayawada,29.4,8.08,32.8,889.3
2024-05-18,Kakinada,6.7,6.55,31.9,400.2
2024-05-20,Srikakulam,15.6,6.75,33.9,599.5
2024-05-21,Eluru,3.0,6.36,31.1,535.7
2024-05-22,Machilipatnam,11.4,6.13,30.9,503.1
2024-05-24,Rajahmundry,5.1,5.84,34.1,375.5
2024-05-26,Machilipatnam,7.4,5.66,31.6,373.8
2024-05-26,Tirupati,3.8,5.53,34.1,229.5
2024-05-27,Kurnool,4.3,6.47,29.6,397.8
2024-05-28,Guntur,5.9,6.28,32.0,323.3
2024-05-28,Rajahmundry,3.9,6.07,31.9,360.8
2024-05-29,Tirupati,11.8,6.31,31.7,528.2
2024-06-02,Eluru,9.5,6.46,30.8,525.4
2024-06-03,Anantapur,6.5,6.06,30.8,416.1
2024-06-03,Guntur,9.4,6.69,30.8,502.8
2024-06-03,Visakhapatnam,2.0,6.33,31.6,445.0
2024-06-04,Kurnool,21.4,7.14,32.3,657.6
2024-06-04,Vijayawada,1.7,6.73,33.2,472.8
2024-06-05,Kadapa,14.8,7.15,33.9,624.4
2024-06-05,Tirupati,25.2,7.72,29.4,909.9
2024-06-08,Rajahmundry,14.3,7.49,31.6,720.0
2024-06-09,Kakinada,12.2,6.42,34.0,574.2
2024-06-10,Amalapuram,1.0,5.96,29.7,278.2
2024-06-10,Vijayawada,3.1,5.57,33.8,411.1
2024-06-10,Visakhapatnam,23.1,7.13,35.7,775.1
2024-06-11,Vizianagaram,22.4,6.68,33.6,471.0
2024-06-12,Anantapur,48.3,9.05,30.5,1076.4
2024-06-12,Guntur,16.2,7.37,30.5,686.5
2024-06-13,Vijayawada,21.1,7.08,32.0,619.3
2024-06-14,Amalapuram,14.8,5.97,32.2,449.0
2024-06-16,Srikakulam,30.5,7.63,31.5,862.9
2024-06-17,Kakinada,19.2,7.24,29.1,716.1
2024-06-17,Machilipatnam,11.9,7.15,31.4,660.4
2024-06-18,Anantapur,9.9,6.35,30.1,402.3
2024-06-22,Visakhapatnam,3.9,5.5,30.1,296.7
2024-06-23,Anantapur,9.0,6.43,33.0,506.4
2024-06-23,Kakinada,32.1,7.68,31.5,739.3
2024-06-23,Tirupati,2.6,5.99,32.3,419.4
2024-06-23,Vizianagaram,10.8,6.37,35.0,485.3
2024-06-24,Eluru,55.2,8.52,32.4,1130.1
2024-06-24,Visakhapatnam,16.6,7.64,29.8,701.3
2024-06-27,Anantapur,8.7,5.32,31.7,299.8
2024-06-27,Kakinada,53.4,8.51,30.1,1224.5
2024-06-27,Vijayawada,12.9,6.02,31.9,479.9
2024-06-28,Kurnool,2.4,6.73,33.2,537.5
2024-06-28,Visakhapatnam,16.5,6.7,33.5,615.7
2024-06-30,Eluru,10.0,6.39,30.7,484.9
2024-06-30,Kadapa,31.6,7.06,31.9,829.0
2024-06-30,Tirupati,32.1,7.32,32.1,751.9
2024-07-01,Guntur,12.1,7.78,32.0,756.5
2024-07-01,Rajahmundry,14.4,6.08,32.3,505.4
2024-07-03,Anantapur,2.9,5.85,31.6,290.5
2024-07-03,Kurnool,7.1,6.08,30.3,386.8
2024-07-04,Anantapur,17.6,6.77,31.1,602.8
2024-07-04,Ongole,40.1,7.66,32.1,916.1
2024-07-04,Ongole,0.6,6.33,28.2,471.7
2024-07-07,Eluru,142.5,12.83,30.1,2388.8
2024-07-07,Machilipatnam,3.7,6.04,35.0,380.6
2024-07-08,Amalapuram,7.6,6.65,33.9,489.1
2024-07-08,Vijayawada,14.5,7.19,31.1,634.2
2024-07-10,Amalapuram,2.8,5.66,32.9,260.7
2024-07-13,Nellore,0.3,5.27,33.1,177.2
2024-07-14,Kadapa,23.5,7.04,32.8,576.9
2024-07-16,Nellore,15.3,6.56,30.6,469.4
2024-07-18,Amalapuram,3.7,6.53,33.9,470.3
2024-07-18,Guntur,12.1,6.27,32.8,369.8
2024-07-18,Machilipatnam,8.6,5.75,32.9,307.2
2024-07-22,Ongole,35.8,7.34,31.5,835.1
2024-07-22,Rajahmundry,12.2,6.19,31.9,433.7
2024-07-23,Guntur,3.0,5.04,33.4,207.9
2024-07-23,Kurnool,9.2,5.71,32.1,359.1
2024-07-24,Ongole,1.4,5.51,32.3,317.3
2024-07-24,Vizianagaram,16.4,7.35,29.0,871.2
2024-07-26,Kurnool,51.5,8.33,32.1,1077.2
2024-07-26,Rajahmundry,2.2,6.59,30.8,451.9
2024-07-26,Tirupati,43.4,8.4,31.9,1134.3
2024-07-27,Amalapuram,12.3,6.25,31.8,487.5
2024-07-27,Anantapur,17.1,6.73,32.2,530.3
2024-07-27,Srikakulam,5.3,6.32,30.8,439.4
2024-07-28,Guntur,1.4,6.26,31.3,351.5
2024-07-28,Kurnool,3.3,6.54,30.8,490.4
2024-07-29,Kakinada,10.1,6.47,30.4,392.6
2024-07-29,Rajahmundry,13.8,6.91,30.2,622.9
2024-07-30,Rajahmundry,47.6,8.48,27.1,1006.4
2024-07-30,Vizianagaram,13.2,7.47,31.5,675.8
2024-07-31,Nellore,43.5,8.24,28.7,1081.5
2024-07-31,Vizianagaram,13.4,6.94,32.5,569.3
2024-08-01,Eluru,9.3,6.75,30.7,474.6
2024-08-01,Eluru,32.9,7.98,31.9,870.8
2024-08-02,Kakinada,13.2,6.75,27.8,541.5
2024-08-07,Vijayawada,38.6,7.76,29.0,887.1
2024-08-09,Eluru,21.1,7.75,31.0,726.1
2024-08-09,Guntur,20.5,6.41,30.8,487.6
2024-08-12,Ongole,14.1,6.08,31.0,568.1
2024-08-12,Rajahmundry,15.7,6.88,31.2,615.0
2024-08-12,Vizianagaram,23.8,6.72,33.4,601.3
2024-08-13,Srikakulam,16.9,7.25,31.1,681.2
2024-08-15,Ongole,20.9,6.27,28.4,515.1
2024-08-15,Vizianagaram,4.7,6.04,30.6,437.8
2024-08-17,Amalapuram,2.8,6.27,31.9,447.8
2024-08-17,Guntur,5.7,6.8,30.9,501.3
2024-08-17,Rajahmundry,7.3,6.74,31.0,531.3
2024-08-18,Machilipatnam,12.5,6.62,28.6,523.8
2024-08-18,Nellore,94.1,10.08,28.0,1579.5
2024-08-20,Kadapa,19.9,7.55,29.2,817.5
2024-08-21,Vijayawada,9.4,6.54,32.4,518.1
2024-08-21,Vizianagaram,12.5,6.43,29.2,425.7
2024-08-23,Srikakulam,12.0,6.93,26.7,544.4
2024-08-24,Guntur,20.1,6.51,32.5,643.7
2024-08-25,Anantapur,4.1,6.4,28.3,405.1
2024-08-25,Rajahmundry,37.2,7.84,32.2,886.1
2024-08-25,Vijayawada,14.8,7.12,30.0,656.5
2024-08-25,Vijayawada,9.8,6.51,30.8,519.3
2024-08-26,Vizianagaram,23.1,6.36,27.4,624.6
2024-08-27,Kadapa,2.4,5.47,28.2,290.2
2024-08-27,Vizianagaram,19.7,6.24,29.2,517.0
2024-08-29,Nellore,28.4,7.87,29.6,933.4
2024-08-30,Nellore,32.7,7.36,30.7,797.9
2024-08-31,Guntur,1.7,6.7,27.9,454.2
2024-08-31,Rajahmundry,42.5,7.68,25.4,981.8
2024-08-31,Visakhapatnam,0.7,6.26,30.8,411.2
2024-09-02,Vijayawada,17.5,6.33,29.5,514.4
2024-09-03,Visakhapatnam,23.0,6.87,30.4,681.2
2024-09-04,Vizianagaram,85.5,9.53,25.6,1501.5
2024-09-05,Amalapuram,7.6,6.69,25.8,543.5
2024-09-05,Tirupati,16.8,6.44,29.1,575.4
2024-09-06,Kakinada,28.1,7.71,29.6,825.4
2024-09-07,Eluru,33.6,8.08,27.4,1011.9
2024-09-08,Kakinada,13.8,6.41,27.5,584.2
2024-09-08,Kakinada,10.2,7.05,27.8,613.5
2024-09-08,Vizianagaram,14.2,6.84,28.9,609.3
2024-09-09,Nellore,7.3,6.34,28.9,461.5
2024-09-09,Rajahmundry,5.2,5.67,28.6,336.3
2024-09-09,Vijayawada,15.1,7.12,28.0,595.1
2024-09-10,Kakinada,66.2,8.93,26.8,1391.3
2024-09-10,Srikakulam,1.9,5.81,27.9,362.5
2024-09-11,Vijayawada,18.3,7.63,30.8,841.5
2024-09-14,Rajahmundry,6.3,6.35,28.4,443.8
2024-09-15,Kurnool,11.7,6.99,28.3,629.9
2024-09-15,Vijayawada,16.3,7.45,26.4,695.4
2024-09-17,Ongole,6.4,6.7,29.8,471.3
2024-09-18,Eluru,31.3,7.35,29.3,870.8
2024-09-18,Rajahmundry,5.0,6.02,27.4,413.7
2024-09-19,Guntur,36.3,7.95,28.3,918.1
2024-09-19,Vizianagaram,5.3,6.0,29.8,395.0
2024-09-21,Kakinada,19.1,6.43,26.5,669.1
2024-09-22,Guntur,23.3,6.48,29.0,523.9
2024-09-22,Ongole,12.6,6.14,27.1,447.4
2024-09-23,Kadapa,21.9,6.81,29.4,633.7
2024-09-23,Machilipatnam,4.2,6.42,24.9,426.4
2024-09-23,Nellore,9.7,6.6,26.6,437.0
2024-09-24,Guntur,4.1,6.37,27.8,458.6
2024-09-24,Srikakulam,3.1,6.12,28.6,343.1
2024-09-25,Rajahmundry,18.2,6.87,28.9,568.7
2024-09-26,Vizianagaram,24.1,7.79,29.5,825.5
2024-09-27,Kurnool,2.4,5.87,25.6,379.7
2024-09-28,Eluru,20.2,7.49,27.3,624.6
2024-10-02,Kakinada,5.8,5.84,29.8,385.8
2024-10-03,Visakhapatnam,9.3,5.75,28.0,492.0
2024-10-04,Kadapa,3.9,5.9,24.4,308.4
2024-10-04,Machilipatnam,5.2,6.44,28.7,417.6
2024-10-05,Kadapa,3.4,6.67,27.0,549.4
2024-10-07,Amalapuram,1.3,5.89,26.1,344.6
2024-10-10,Guntur,5.2,6.42,24.9,433.3
2024-10-10,Visakhapatnam,5.3,5.99,24.7,356.2
2024-10-11,Rajahmundry,1.9,6.53,27.4,347.8
2024-10-11,Srikakulam,1.7,5.84,29.8,244.8
2024-10-12,Eluru,3.4,6.05,25.8,366.5
2024-10-13,Eluru,4.3,5.87,27.4,340.2
2024-10-13,Rajahmundry,163.3,13.96,28.9,2732.1
2024-10-15,Amalapuram,10.5,7.01,24.1,532.8
2024-10-15,Eluru,6.0,6.25,27.0,450.1
2024-10-15,Tirupati,123.0,11.84,23.3,2125.0
2024-10-16,Anantapur,7.7,6.08,26.0,391.3
2024-10-16,Ongole,9.4,6.55,23.9,481.8
2024-10-18,Visakhapatnam,2.5,6.36,25.5,412.3
2024-10-19,Amalapuram,7.0,5.97,26.6,458.9
2024-10-20,Nellore,5.8,5.86,26.9,431.7
2024-10-20,Ongole,0.5,5.65,25.5,238.6
2024-10-20,Rajahmundry,0.9,6.94,27.4,529.8
2024-10-21,Rajahmundry,10.9,6.51,25.4,544.8
2024-10-22,Ongole,0.6,5.67,25.3,259.1
2024-10-23,Vijayawada,4.8,5.07,27.8,251.8
2024-10-24,Eluru,159.9,13.35,23.1,2608.6
2024-10-24,Guntur,8.0,5.91,25.4,372.5
2024-10-24,Kakinada,2.3,5.53,23.5,320.5
2024-10-25,Tirupati,6.8,6.84,25.8,489.2
2024-10-25,Vizianagaram,6.6,6.11,23.7,392.9
2024-10-26,Visakhapatnam,10.5,6.71,25.6,504.3
2024-10-28,Machilipatnam,3.4,6.83,26.1,580.8
2024-10-30,Vijayawada,1.7,5.91,23.9,348.8
2024-11-01,Amalapuram,1.8,7.07,24.1,511.5
2024-11-02,Guntur,4.9,6.43,24.4,586.2
2024-11-02,Ongole,6.7,6.46,27.9,474.7
2024-11-03,Anantapur,8.1,6.31,24.7,480.0
2024-11-05,Vijayawada,1.6,6.41,24.3,392.8
2024-11-06,Amalapuram,2.1,6.79,25.3,521.7
2024-11-06,Rajahmundry,8.9,6.17,27.6,322.8
2024-11-07,Vizianagaram,1.0,6.14,25.3,342.7
2024-11-10,Amalapuram,25.6,7.2,23.6,740.8
2024-11-10,Kakinada,7.8,6.31,26.0,507.2
2024-11-10,Srikakulam,4.2,5.85,25.5,357.0
2024-11-10,Vizianagaram,7.2,5.54,23.2,310.7
2024-11-11,Srikakulam,1.2,5.92,27.0,296.8
2024-11-12,Srikakulam,0.2,4.81,25.1,164.1
2024-11-13,Kakinada,2.9,6.5,26.1,502.9
2024-11-13,Ongole,19.9,6.38,21.6,557.1
2024-11-13,Srikakulam,2.0,6.49,25.6,336.5
2024-11-14,Kadapa,1.7,5.95,23.7,449.4
2024-11-14,Vizianagaram,14.6,6.47,24.7,460.5
2024-11-15,Guntur,10.4,6.19,27.3,426.9
2024-11-15,Srikakulam,2.8,6.73,25.8,532.2
2024-11-17,Guntur,5.7,6.43,23.9,497.0
2024-11-20,Ongole,2.6,6.54,25.8,483.4
2024-11-20,Vijayawada,0.3,6.75,24.7,488.1
2024-11-21,Ongole,0.8,5.56,23.6,338.7
2024-11-21,Vijayawada,13.9,6.25,22.6,456.0
2024-11-23,Guntur,5.6,6.33,25.9,404.9
2024-11-24,Kakinada,0.5,6.89,28.0,470.9
2024-11-26,Nellore,5.7,6.32,22.6,358.9
2024-11-26,Ongole,9.3,6.23,23.2,452.0
2024-11-26,Vijayawada,7.8,6.26,22.9,410.3
2024-11-26,Visakhapatnam,11.5,6.03,24.3,438.5
2024-11-27,Kadapa,3.7,6.25,24.7,340.9
2024-11-27,Vijayawada,3.0,6.27,24.5,533.7
2024-11-28,Amalapuram,8.9,5.37,22.9,357.2
2024-11-28,Guntur,3.3,6.5,24.0,542.1
2024-11-29,Machilipatnam,6.9,6.03,23.0,389.7
2024-11-29,Visakhapatnam,172.2,14.18,24.2,2907.2
2024-11-30,Visakhapatnam,14.7,7.1,23.9,704.6
2024-12-01,Eluru,8.5,7.53,24.5,619.7
2024-12-01,Srikakulam,1.8,6.08,24.6,358.6
2024-12-01,Vizianagaram,2.3,5.83,22.6,328.8
2024-12-02,Vizianagaram,45.4,7.65,21.8,1035.2
2024-12-03,Anantapur,5.0,5.61,26.4,380.4
2024-12-03,Kurnool,3.8,5.7,26.7,219.1
2024-12-04,Eluru,4.9,6.4,24.7,417.6
2024-12-04,Machilipatnam,9.0,6.04,24.4,418.6
2024-12-04,Srikakulam,9.5,7.1,24.4,598.1
2024-12-07,Eluru,7.7,6.89,21.8,565.5
2024-12-11,Anantapur,9.5,7.08,24.8,631.0
2024-12-12,Kadapa,4.9,5.72,22.1,364.5
2024-12-12,Kakinada,3.6,5.89,27.8,361.0
2024-12-12,Tirupati,13.0,6.53,24.9,589.4
2024-12-12,Visakhapatnam,20.2,6.89,27.9,536.1
2024-12-13,Ongole,1.3,6.22,22.3,484.5
2024-12-13,Vizianagaram,15.1,7.69,27.1,721.2
2024-12-15,Kurnool,94.8,11.35,21.9,1787.3
2024-12-16,Amalapuram,1.0,6.17,23.3,444.4
2024-12-17,Srikakulam,0.8,5.98,25.5,234.2
2024-12-20,Eluru,89.8,10.25,24.9,1681.0
2024-12-20,Ongole,1.6,6.48,25.6,315.8
2024-12-21,Guntur,1.3,6.24,20.2,349.5
2024-12-26,Amalapuram,4.4,5.59,27.0,279.2
2024-12-29,Rajahmundry,2.6,6.05,25.0,409.7
2024-12-29,Tirupati,6.0,6.16,20.6,420.7
2024-12-30,Srikakulam,8.8,6.77,22.1,566.5
2024-12-31,Nellore,14.1,6.13,26.0,461.5
2025-01-01,Eluru,4.3,6.21,19.7,448.0
2025-01-01,Kadapa,3.8,6.96,23.6,494.7
2025-01-01,Tirupati,1.6,5.66,22.8,329.0
2025-01-01,Visakhapatnam,0.4,6.94,21.7,456.9
2025-01-05,Kadapa,12.9,5.96,22.2,552.4
2025-01-07,Kurnool,21.2,7.34,24.5,662.4
2025-01-07,Nellore,0.7,5.66,24.3,201.3
2025-01-08,Amalapuram,52.4,8.57,24.4,1039.7
2025-01-08,Srikakulam,1.2,6.48,23.9,449.1
2025-01-08,Tirupati,9.0,6.23,25.4,473.3
2025-01-10,Tirupati,2.1,5.69,23.9,220.4
2025-01-11,Ongole,12.4,6.25,24.4,564.4
2025-01-11,Rajahmundry,7.9,6.16,25.2,444.8
2025-01-11,Visakhapatnam,24.4,7.22,25.3,841.1
2025-01-12,Kadapa,1.6,6.58,24.3,396.4
2025-01-12,Rajahmundry,1.4,5.79,21.3,290.3
2025-01-13,Eluru,4.2,6.17,24.5,456.1
2025-01-13,Kadapa,2.7,6.14,25.7,384.8
2025-01-13,Srikakulam,2.8,6.09,24.4,362.1
2025-01-14,Eluru,5.2,6.77,27.4,434.6
2025-01-14,Guntur,6.2,6.75,25.0,512.6
2025-01-14,Ongole,9.2,6.35,25.0,430.7
2025-01-16,Ongole,4.7,6.42,25.6,467.0
2025-01-18,Vijayawada,21.1,7.79,25.0,846.4
2025-01-19,Anantapur,0.5,6.5,24.1,484.9
2025-01-19,Eluru,1.6,6.57,26.0,413.3
2025-01-19,Guntur,6.5,6.44,26.6,489.6
2025-01-20,Anantapur,4.6,5.99,24.5,468.7
2025-01-20,Kakinada,2.6,6.21,22.6,376.4
2025-01-20,Vizianagaram,11.9,6.99,25.9,714.2
2025-01-21,Anantapur,4.6,5.98,19.9,362.8
2025-01-21,Machilipatnam,5.2,5.87,23.0,357.7
2025-01-22,Kadapa,8.6,6.93,21.8,497.6
2025-01-22,Srikakulam,14.3,6.0,25.7,399.3
2025-01-23,Srikakulam,1.2,5.84,22.8,296.6
2025-01-27,Vizianagaram,7.9,6.8,23.8,607.9
2025-01-28,Nellore,9.0,6.22,25.9,436.5
2025-01-28,Ongole,152.8,13.0,25.1,2606.5
2025-01-29,Kadapa,18.8,7.19,25.5,620.2
2025-01-29,Vijayawada,14.4,6.89,23.7,602.6
2025-01-30,Machilipatnam,2.5,6.04,25.7,366.1
2025-01-31,Guntur,143.7,11.75,24.3,2248.3
2025-01-31,Srikakulam,4.5,6.03,24.4,299.1
2025-02-01,Kakinada,17.3,6.65,25.9,628.3
2025-02-02,Kakinada,2.1,6.16,26.9,356.2
2025-02-03,Ongole,0.9,6.26,23.4,374.4
2025-02-03,Visakhapatnam,10.8,6.19,27.9,463.0
2025-02-04,Anantapur,2.9,5.98,26.0,279.4
2025-02-04,Guntur,10.4,7.06,25.6,637.7
2025-02-05,Kakinada,4.7,7.13,21.6,592.6
2025-02-05,Nellore,6.5,6.81,26.4,554.6
2025-02-05,Vizianagaram,0.9,5.96,25.9,275.7
2025-02-06,Kadapa,2.1,5.95,26.7,320.4
2025-02-07,Machilipatnam,8.2,5.79,24.3,370.4
2025-02-07,Nellore,4.5,6.18,26.0,449.6
2025-02-07,Ongole,3.3,6.27,26.1,403.5
2025-02-08,Guntur,6.8,7.27,25.5,611.2
2025-02-08,Machilipatnam,0.8,5.91,24.0,305.8
2025-02-08,Ongole,7.2,6.18,25.5,409.5
2025-02-12,Kakinada,5.8,6.08,24.1,455.4
2025-02-12,Machilipatnam,11.5,6.25,24.5,425.1
2025-02-13,Vizianagaram,2.7,5.98,26.6,374.1
2025-02-14,Amalapuram,10.1,6.32,27.4,418.6
2025-02-14,Nellore,1.0,6.23,23.4,407.4
2025-02-15,Anantapur,5.9,6.52,25.9,475.4
2025-02-17,Machilipatnam,4.4,6.43,23.9,487.7
2025-02-17,Vijayawada,3.6,6.63,24.7,536.7
2025-02-18,Rajahmundry,6.9,6.48,27.1,508.4
2025-02-19,Kakinada,8.3,6.41,24.6,534.0
2025-02-19,Kakinada,3.4,6.47,24.5,409.2
2025-02-20,Eluru,4.1,5.89,25.7,334.1
2025-02-20,Tirupati,2.6,5.51,25.9,287.1
2025-02-22,Eluru,6.0,5.76,26.7,327.4
2025-02-22,Tirupati,1.7,6.38,23.0,431.4
2025-02-23,Kurnool,7.2,6.8,25.5,478.7
2025-02-25,Srikakulam,172.5,14.25,24.9,2766.3
2025-02-25,Vijayawada,0.5,5.92,25.9,302.4
2025-02-26,Kurnool,11.8,6.31,24.8,464.0
2025-03-02,Machilipatnam,127.6,11.72,26.5,2132.7
2025-03-03,Machilipatnam,14.4,6.71,26.2,561.8
2025-03-04,Visakhapatnam,3.4,6.78,25.5,519.7
2025-03-05,Eluru,10.7,6.77,29.2,554.0
2025-03-06,Ongole,5.6,6.06,24.5,376.0
2025-03-07,Anantapur,2.9,6.98,27.0,510.4
2025-03-07,Vijayawada,1.5,5.75,28.4,378.8
2025-03-15,Anantapur,7.0,6.55,28.2,502.9
2025-03-16,Guntur,12.1,6.35,26.3,490.1
2025-03-16,Kadapa,1.5,6.02,25.8,367.8
2025-03-17,Anantapur,5.9,6.15,29.0,416.2
2025-03-17,Guntur,21.3,6.83,27.5,614.0
2025-03-19,Ongole,1.6,5.86,27.1,287.2
2025-03-24,Tirupati,1.9,6.96,27.3,452.9
2025-03-28,Eluru,11.9,7.41,29.2,617.4
2025-03-28,Rajahmundry,3.9,6.42,30.0,367.1
2025-03-29,Srikakulam,14.9,6.34,27.7,549.6
2025-03-30,Nellore,0.9,4.78,27.8,192.0
2025-04-01,Eluru,0.6,5.43,27.7,305.6
2025-04-01,Ongole,7.9,6.04,29.4,412.3
2025-04-01,Tirupati,3.0,5.59,27.0,239.9
2025-04-03,Kakinada,4.2,5.59,31.4,405.8
2025-04-04,Kadapa,6.4,5.64,30.4,355.8
2025-04-05,Ongole,2.8,5.93,29.4,332.3
2025-04-06,Tirupati,1.6,6.18,29.9,539.6
2025-04-07,Eluru,8.6,6.91,29.1,542.9
2025-04-07,Vijayawada,5.7,5.89,30.1,338.7
2025-04-09,Anantapur,2.9,6.87,29.5,501.7
2025-04-10,Vijayawada,4.0,6.39,30.0,441.4
2025-04-11,Tirupati,0.8,6.45,29.5,417.8
2025-04-13,Visakhapatnam,2.0,5.92,31.3,381.7
2025-04-14,Visakhapatnam,8.3,6.07,32.4,401.0
2025-04-16,Rajahmundry,53.6,8.56,29.8,1182.8
2025-04-18,Rajahmundry,2.0,6.52,28.4,482.0
2025-04-19,Anantapur,7.9,6.28,28.8,473.7
2025-04-19,Anantapur,7.7,6.4,29.2,490.6
2025-04-19,Nellore,2.3,6.29,28.1,333.6
2025-04-20,Vizianagaram,6.6,5.95,30.6,395.5
2025-04-21,Vijayawada,6.3,6.65,30.4,546.3
2025-04-25,Nellore,9.8,6.2,32.3,350.4
2025-04-26,Tirupati,2.2,5.87,30.1,311.7
2025-04-27,Vizianagaram,5.0,6.48,32.4,436.6
2025-04-28,Kurnool,3.9,5.83,30.3,404.1
2025-04-28,Tirupati,1.7,6.73,30.4,499.9
2025-05-02,Guntur,7.2,6.4,31.5,414.0
2025-05-02,Machilipatnam,1.8,6.19,29.1,381.6
2025-05-04,Eluru,13.3,5.81,31.6,506.5
2025-05-04,Kadapa,15.4,7.23,29.4,624.7
2025-05-06,Kurnool,0.9,6.6,33.4,409.0
2025-05-06,Nellore,1.1,5.92,32.1,330.8
2025-05-07,Kurnool,2.0,5.46,30.7,327.1
2025-05-08,Guntur,6.2,6.48,30.2,450.5
2025-05-10,Anantapur,6.4,6.59,31.7,500.5
2025-05-12,Vijayawada,0.5,6.08,29.9,464.7
2025-05-13,Ongole,4.7,6.39,29.4,446.9
2025-05-15,Kadapa,12.2,6.86,33.1,598.2
2025-05-15,Rajahmundry,12.2,6.7,31.1,568.5
2025-05-17,Anantapur,6.9,6.96,31.2,464.3
2025-05-17,Machilipatnam,7.1,7.16,32.0,589.8
2025-05-17,Nellore,12.0,5.88,31.6,422.1
2025-05-17,Rajahmundry,2.8,6.34,32.0,464.0
2025-05-19,Kadapa,9.0,7.42,32.9,606.4
2025-05-20,Kakinada,16.0,6.78,30.9,662.8
2025-05-21,Machilipatnam,6.7,5.91,33.1,339.3
2025-05-21,Rajahmundry,1.5,6.21,32.8,408.8
2025-05-24,Rajahmundry,7.5,6.26,30.0,511.8
2025-05-24,Rajahmundry,7.9,6.69,30.8,508.6
2025-05-25,Ongole,4.3,6.67,30.4,486.4
2025-05-26,Kadapa,6.3,6.53,30.8,431.3
2025-05-26,Nellore,2.8,5.87,30.4,335.1
2025-05-26,Tirupati,0.3,6.35,29.6,449.6
2025-05-27,Anantapur,8.1,7.16,31.4,588.0
2025-05-27,Anantapur,13.7,6.49,29.6,536.6
2025-05-28,Kurnool,7.9,6.86,30.4,483.9
2025-05-29,Tirupati,6.7,5.75,35.3,401.1
2025-05-29,Vijayawada,6.2,6.33,34.1,463.4
2025-06-02,Kakinada,0.6,5.5,32.8,263.8
2025-06-04,Vijayawada,34.2,7.24,30.4,803.7
2025-06-07,Ongole,29.9,7.45,31.4,817.5
2025-06-09,Guntur,56.5,7.45,33.2,926.4
2025-06-10,Guntur,24.9,7.57,30.0,654.7
2025-06-12,Kadapa,17.3,6.61,31.2,475.6
2025-06-14,Rajahmundry,24.3,7.07,33.5,759.2
2025-06-16,Kadapa,26.8,7.67,31.6,838.6
2025-06-19,Eluru,11.2,5.4,31.3,359.6
2025-06-19,Machilipatnam,6.7,5.61,29.6,363.8
2025-06-19,Vizianagaram,17.0,6.54,31.6,577.9
2025-06-22,Anantapur,11.5,6.84,33.3,528.8
2025-06-22,Vijayawada,61.1,8.19,32.6,1160.7
2025-06-25,Kurnool,24.7,7.11,30.6,662.0
2025-06-26,Eluru,8.5,6.87,30.8,610.2
2025-06-26,Kadapa,5.6,6.5,29.5,413.1
2025-06-26,Kadapa,29.5,7.47,29.9,725.6
2025-06-26,Kurnool,38.3,8.04,32.5,912.2
2025-06-26,Nellore,11.0,6.37,28.8,584.2
2025-06-26,Srikakulam,9.6,5.92,31.3,383.8
2025-06-26,Vijayawada,41.3,7.49,31.0,926.5
2025-06-28,Amalapuram,1.3,5.95,30.3,263.8
2025-06-28,Eluru,22.8,7.85,32.9,790.1
2025-06-28,Ongole,33.3,7.35,31.9,843.9
2025-06-28,Rajahmundry,2.3,6.23,29.8,433.2
2025-06-29,Machilipatnam,0.8,6.07,27.9,352.7
2025-07-01,Vizianagaram,27.0,7.46,31.3,781.9
2025-07-04,Srikakulam,14.0,6.49,33.0,537.7
2025-07-05,Visakhapatnam,10.4,7.45,31.9,732.0
2025-07-07,Srikakulam,24.4,6.76,33.1,685.3
2025-07-08,Anantapur,3.5,5.74,31.6,242.8
2025-07-09,Guntur,15.8,6.5,32.3,522.0
2025-07-11,Ongole,20.6,6.75,31.3,585.8
2025-07-15,Anantapur,24.1,7.13,31.2,636.0
2025-07-15,Kakinada,19.0,7.56,29.9,708.3
2025-07-16,Anantapur,17.3,6.79,32.3,601.1
2025-07-19,Kadapa,29.4,7.92,33.4,809.1
2025-07-20,Vijayawada,42.2,7.57,30.3,883.5
2025-07-21,Kurnool,21.5,7.1,31.7,641.5
2025-07-22,Guntur,9.1,6.22,31.5,386.5
2025-07-23,Vijayawada,25.0,6.67,31.5,690.4
2025-07-24,Machilipatnam,7.9,6.98,28.8,553.0
2025-07-26,Anantapur,54.9,8.35,31.7,1091.6
2025-07-28,Guntur,43.1,8.3,31.5,1019.0
2025-07-31,Eluru,10.7,6.33,31.5,447.2
2025-08-02,Vijayawada,63.8,9.51,30.3,1350.8
2025-08-03,Srikakulam,8.4,6.1,29.8,480.2
2025-08-04,Vizianagaram,11.3,6.57,32.7,528.5
2025-08-07,Machilipatnam,23.6,6.96,31.8,624.1
2025-08-11,Machilipatnam,31.9,7.0,29.0,760.6
2025-08-12,Guntur,5.9,6.1,33.3,385.3
2025-08-14,Tirupati,16.7,6.18,31.9,542.0
2025-08-15,Kadapa,34.4,7.17,32.2,730.1
2025-08-18,Amalapuram,0.5,6.04,30.3,339.6
2025-08-19,Vizianagaram,14.0,6.76,30.3,593.2
2025-08-20,Eluru,27.4,6.93,29.1,777.1
2025-08-20,Visakhapatnam,14.4,6.41,29.8,576.7
2025-08-21,Eluru,4.0,6.1,29.8,436.4
2025-08-23,Ongole,2.4,6.18,28.1,376.3
2025-08-23,Visakhapatnam,4.1,5.65,29.5,345.8
2025-08-24,Nellore,54.7,8.49,29.9,1208.1
2025-08-24,Tirupati,8.1,6.34,31.5,428.5
2025-08-24,Vijayawada,23.1,6.82,32.7,672.8
2025-08-25,Anantapur,27.9,6.36,30.4,638.0
2025-08-25,Guntur,59.8,8.47,29.4,1135.1
2025-08-25,Machilipatnam,6.1,6.13,30.7,397.0
2025-08-25,Nellore,21.3,7.0,30.0,645.2
2025-08-26,Vizianagaram,14.3,6.92,32.0,607.3
2025-08-26,Vizianagaram,10.3,6.98,28.2,564.0
2025-08-27,Machilipatnam,18.7,6.9,30.4,623.8
2025-08-28,Kadapa,4.5,5.79,26.3,291.2
2025-08-29,Kadapa,21.4,7.34,28.1,724.6
2025-08-30,Nellore,18.3,7.18,27.4,698.7
2025-08-31,Kurnool,1.1,6.3,28.3,390.4
2025-08-31,Nellore,5.0,6.42,30.5,453.7
2025-08-31,Ongole,22.3,6.57,27.5,587.2
2025-09-01,Anantapur,39.3,7.5,27.1,847.9
2025-09-01,Kakinada,40.6,7.85,28.7,1008.3
2025-09-01,Vizianagaram,5.3,6.62,28.2,469.3
2025-09-02,Vijayawada,1.7,6.1,30.6,345.1
2025-09-03,Kakinada,9.9,6.83,27.8,527.1
2025-09-05,Ongole,8.1,5.75,28.6,356.7
2025-09-06,Nellore,2.0,5.45,28.3,274.7
2025-09-06,Rajahmundry,1.8,6.18,31.3,413.3
2025-09-08,Amalapuram,34.8,7.22,27.8,761.5
2025-09-08,Anantapur,4.8,5.68,28.5,318.0
2025-09-08,Vijayawada,20.0,6.2,28.5,614.5
2025-09-09,Machilipatnam,15.1,6.75,30.5,594.9
2025-09-09,Ongole,6.3,6.45,27.9,448.5
2025-09-11,Anantapur,57.5,9.02,29.9,1192.9
2025-09-12,Eluru,2.1,6.11,29.5,368.1
2025-09-13,Kakinada,17.3,6.7,26.1,598.1
2025-09-13,Vijayawada,3.0,6.03,28.3,333.9
2025-09-15,Kurnool,34.2,7.93,28.1,872.7
2025-09-15,Vizianagaram,57.9,9.04,25.6,1317.4
2025-09-18,Kadapa,18.6,6.38,28.2,569.3
2025-09-18,Kurnool,28.0,8.17,29.8,931.7
2025-09-18,Machilipatnam,6.7,5.92,27.0,378.2
2025-09-18,Vijayawada,19.5,7.24,28.7,677.9
2025-09-20,Machilipatnam,19.9,7.01,27.6,611.7
2025-09-21,Eluru,5.7,6.21,27.4,447.6
2025-09-21,Eluru,4.6,6.9,29.6,574.0
2025-09-21,Tirupati,19.7,7.83,26.8,693.3
2025-09-21,Vizianagaram,92.6,9.38,26.1,1542.1
2025-09-22,Amalapuram,34.3,8.13,26.7,913.5
2025-09-23,Kakinada,14.6,6.36,24.7,488.7
2025-09-24,Amalapuram,30.5,8.0,26.5,902.3
2025-09-24,Rajahmundry,28.4,6.86,29.4,633.9
2025-09-26,Anantapur,9.9,5.73,27.7,381.5
2025-09-27,Vijayawada,12.2,6.48,26.2,501.7
2025-09-28,Kurnool,7.0,5.69,28.9,309.8
2025-09-28,Vijayawada,4.6,5.84,25.6,336.0
2025-09-29,Anantapur,1.5,6.03,25.2,351.1
2025-09-29,Vizianagaram,8.5,6.88,25.6,624.5
2025-10-03,Guntur,2.7,6.5,26.8,452.2
2025-10-04,Guntur,3.2,5.94,25.2,343.6
2025-10-04,Rajahmundry,7.3,6.73,26.1,504.4
2025-10-04,Vizianagaram,4.4,5.71,27.7,418.6
2025-10-05,Machilipatnam,4.8,6.38,26.2,572.9
2025-10-07,Anantapur,1.2,5.26,25.3,201.4
2025-10-07,Kurnool,5.7,6.2,27.7,494.5
2025-10-07,Ongole,3.9,6.05,28.4,346.6
2025-10-08,Visakhapatnam,49.3,7.31,27.5,887.2
2025-10-12,Tirupati,1.2,5.78,24.2,289.5
2025-10-15,Kadapa,7.9,5.39,28.9,151.1
2025-10-15,Rajahmundry,2.7,7.16,25.2,517.2
2025-10-15,Tirupati,4.3,6.04,26.3,398.0
2025-10-17,Rajahmundry,7.0,6.37,23.0,453.3
2025-10-18,Vizianagaram,108.7,10.89,23.1,2101.2
2025-10-22,Srikakulam,1.4,6.52,27.2,354.5
2025-10-23,Tirupati,3.7,6.66,27.1,521.7
2025-10-25,Amalapuram,5.1,6.02,26.1,464.0
2025-10-25,Srikakulam,6.6,6.78,25.0,415.1
2025-10-26,Visakhapatnam,14.5,6.55,24.6,481.2
2025-11-02,Ongole,175.5,13.9,26.6,2884.8
2025-11-03,Guntur,3.5,5.57,23.9,273.7
2025-11-03,Kakinada,9.6,6.48,26.3,482.9
2025-11-04,Rajahmundry,2.2,5.88,23.2,308.3
2025-11-06,Vijayawada,1.6,6.85,24.0,459.8
2025-11-07,Vijayawada,10.6,6.85,24.8,528.8
2025-11-08,Kakinada,1.5,6.73,23.3,530.2
2025-11-08,Ongole,1.6,6.28,23.8,400.4
2025-11-08,Visakhapatnam,2.4,6.9,25.5,496.1
2025-11-10,Tirupati,2.0,6.55,22.7,420.9
2025-11-10,Vijayawada,2.6,6.28,25.4,433.1
2025-11-11,Kakinada,1.5,5.75,27.8,247.4
2025-11-14,Kadapa,13.5,7.01,26.4,607.3
2025-11-15,Machilipatnam,10.1,6.2,23.7,468.0
2025-11-15,Rajahmundry,4.7,6.9,24.3,574.1
2025-11-15,Tirupati,11.3,6.99,23.9,589.3
2025-11-16,Guntur,67.2,8.7,25.5,1236.4
2025-11-17,Eluru,4.6,6.49,22.9,449.3
2025-11-19,Ongole,2.0,6.01,24.6,380.2
2025-11-21,Ongole,0.8,6.09,23.7,313.7
2025-11-22,Kakinada,7.1,7.0,26.4,604.8
2025-11-22,Visakhapatnam,0.7,6.27,24.2,269.4
2025-11-23,Kadapa,1.8,6.64,23.0,530.6
2025-11-24,Guntur,3.5,6.42,27.2,423.7
2025-11-25,Vizianagaram,12.0,6.87,23.0,566.4
2025-11-27,Rajahmundry,1.5,6.36,26.0,442.2
2025-12-01,Kadapa,4.8,6.14,23.9,452.9
2025-12-02,Amalapuram,0.3,6.06,21.8,501.7
2025-12-03,Amalapuram,2.0,6.77,24.2,575.4
2025-12-03,Rajahmundry,12.0,6.24,24.0,477.9
2025-12-03,Srikakulam,6.3,6.23,25.0,424.1
2025-12-03,Vijayawada,23.1,6.53,23.0,681.8
2025-12-04,Kadapa,7.4,5.63,26.5,359.6
2025-12-05,Visakhapatnam,3.0,6.41,22.8,518.3
2025-12-06,Machilipatnam,5.6,6.5,22.6,442.5
2025-12-07,Machilipatnam,8.6,7.59,24.8,608.3
2025-12-07,Nellore,6.5,6.25,25.2,431.7
2025-12-08,Srikakulam,3.3,6.46,23.8,482.9
2025-12-09,Machilipatnam,3.6,6.75,24.3,515.1
2025-12-09,Tirupati,148.9,12.9,22.5,2404.4
2025-12-09,Visakhapatnam,7.4,6.12,26.1,391.3
2025-12-11,Guntur,4.8,5.64,25.6,266.3
2025-12-11,Kadapa,3.5,5.88,23.2,466.2
2025-12-12,Amalapuram,93.6,9.37,20.8,1584.8
2025-12-13,Nellore,13.6,7.2,22.1,615.6
2025-12-15,Anantapur,14.2,6.48,25.3,396.8
2025-12-16,Machilipatnam,1.9,6.02,22.6,396.3
2025-12-16,Nellore,0.3,6.11,22.0,427.0
2025-12-16,Rajahmundry,18.5,6.92,23.1,657.5
2025-12-18,Rajahmundry,2.1,6.44,24.7,401.4
2025-12-19,Kakinada,1.0,6.07,23.0,384.5
2025-12-20,Rajahmundry,3.3,6.16,23.8,421.3
2025-12-21,Guntur,8.3,6.4,22.0,462.0
2025-12-21,Kakinada,7.9,5.88,27.6,487.5
2025-12-21,Ongole,12.7,6.75,22.9,474.9
2025-12-22,Vizianagaram,0.6,6.48,24.1,450.7
2025-12-23,Guntur,10.6,6.45,25.6,460.2
2025-12-23,Rajahmundry,3.7,6.16,23.3,445.1
2025-12-24,Vizianagaram,2.7,6.53,22.2,500.3
2025-12-27,Rajahmundry,0.4,5.31,21.8,196.7
2025-12-27,Visakhapatnam,2.3,6.35,22.4,472.7
2025-12-29,Kakinada,5.5,6.64,23.7,437.5
2025-12-30,Eluru,4.4,6.64,24.2,354.7
2026-01-01,Machilipatnam,4.9,5.36,22.4,349.0
2026-01-04,Vijayawada,1.1,6.11,25.6,369.2
2026-01-09,Rajahmundry,19.6,6.81,22.8,573.5
2026-01-10,Kakinada,15.6,7.75,26.2,758.8
2026-01-11,Guntur,1.9,6.24,24.9,394.9
2026-01-11,Nellore,2.0,5.47,26.7,380.2
2026-01-12,Eluru,8.6,7.31,23.4,620.4
2026-01-14,Guntur,15.6,6.66,26.0,562.6
2026-01-14,Machilipatnam,4.3,5.55,24.2,276.7
2026-01-17,Guntur,6.1,6.06,24.0,417.1
2026-01-19,Nellore,152.1,12.92,23.2,2499.5
2026-01-19,Ongole,3.8,6.06,28.4,415.8
2026-01-22,Kurnool,4.3,5.77,25.2,392.2
2026-01-22,Nellore,5.6,6.3,25.6,322.1
2026-01-22,Ongole,2.6,6.22,22.6,214.7
2026-01-23,Kadapa,22.3,7.54,23.7,803.6
2026-01-23,Vijayawada,16.7,6.9,24.6,545.4
2026-01-26,Srikakulam,36.7,7.69,25.3,911.4
2026-01-27,Machilipatnam,4.7,6.14,26.1,421.2
2026-01-29,Amalapuram,11.4,6.59,22.9,489.3
2026-01-30,Srikakulam,18.6,6.34,24.4,639.8
2026-01-30,Visakhapatnam,3.4,6.95,26.8,600.7
2026-01-31,Eluru,4.4,6.46,25.0,468.3
2026-02-02,Anantapur,3.6,5.89,27.4,397.9
2026-02-02,Kadapa,2.1,5.86,25.7,256.4
2026-02-02,Kurnool,0.3,6.6,26.1,425.2
2026-02-03,Rajahmundry,2.3,5.14,24.4,319.9
2026-02-03,Tirupati,4.6,6.64,24.0,453.5
2026-02-05,Anantapur,12.0,7.13,28.8,630.2
2026-02-05,Tirupati,3.7,5.84,23.3,360.2
2026-02-07,Amalapuram,8.8,6.37,26.5,459.9
2026-02-07,Machilipatnam,0.4,6.22,24.8,361.4
2026-02-08,Rajahmundry,3.2,6.65,25.9,489.5
2026-02-09,Guntur,2.6,5.71,23.5,359.5
2026-02-10,Nellore,12.8,6.16,26.2,562.4
2026-02-11,Nellore,6.1,6.35,25.5,514.8
2026-02-13,Kakinada,1.8,4.77,24.8,173.2
2026-02-13,Srikakulam,2.9,6.06,26.1,360.5
2026-02-13,Visakhapatnam,4.4,5.93,24.4,401.1
2026-02-16,Eluru,2.9,6.12,25.7,468.6
2026-02-17,Kurnool,117.6,10.91,25.7,1940.5
2026-02-18,Kadapa,7.4,6.85,26.8,633.4
2026-02-21,Rajahmundry,11.1,6.1,26.3,439.7
2026-02-25,Srikakulam,5.5,6.6,25.9,466.2
2026-02-26,Nellore,4.1,6.42,28.2,480.5
2026-02-26,Srikakulam,1.8,6.71,28.6,419.2
2026-02-28,Kurnool,7.4,5.99,28.3,401.1
2026-03-02,Vizianagaram,9.5,6.62,26.3,597.4
2026-03-04,Nellore,18.0,6.65,25.2,548.1
2026-03-06,Amalapuram,8.0,5.76,27.5,379.8
2026-03-06,Eluru,3.9,6.31,25.2,440.2
2026-03-06,Guntur,7.8,6.09,29.5,255.6
2026-03-06,Tirupati,6.3,6.42,29.6,476.8
2026-03-09,Guntur,0.5,6.05,25.6,425.5
2026-03-10,Eluru,13.3,5.91,26.7,381.4
2026-03-10,Nellore,9.5,5.95,29.6,352.7
2026-03-13,Kurnool,1.6,6.24,24.7,379.5
2026-03-13,Srikakulam,13.7,6.51,27.1,544.2
2026-03-14,Anantapur,3.0,6.31,27.0,387.1
2026-03-16,Srikakulam,4.0,6.61,29.5,497.3
2026-03-17,Anantapur,0.6,6.14,28.2,279.2
2026-03-17,Kurnool,5.8,6.06,26.9,403.4
2026-03-17,Rajahmundry,7.4,5.89,27.2,374.4
2026-03-17,Vijayawada,13.4,6.77,27.9,618.2
2026-03-18,Kurnool,16.8,6.4,27.8,471.1
2026-03-19,Guntur,18.6,6.83,25.3,695.8
2026-03-19,Kakinada,1.2,6.3,26.5,429.3
2026-03-19,Ongole,14.5,6.42,29.1,535.2
2026-03-20,Machilipatnam,5.0,6.41,25.6,441.6
2026-03-20,Srikakulam,6.7,6.73,29.9,581.2
2026-03-22,Tirupati,1.1,5.63,28.2,326.9
2026-03-23,Nellore,57.2,8.22,27.2,1129.4
2026-03-24,Amalapuram,11.1,6.93,26.8,590.4
2026-03-25,Rajahmundry,6.5,5.82,27.6,378.5
2026-03-25,Vizianagaram,7.6,6.02,28.3,401.4
2026-03-27,Machilipatnam,4.6,5.69,27.8,295.8
2026-03-27,Vizianagaram,10.4,6.44,27.3,467.1
2026-03-29,Visakhapatnam,4.2,5.98,26.7,393.5
2026-03-30,Anantapur,4.0,6.37,29.9,419.3
2026-03-30,Srikakulam,2.2,5.84,31.1,351.1
2026-03-31,Vijayawada,3.5,6.83,26.3,521.2
2026-04-04,Kurnool,2.6,5.84,30.9,340.4
2026-04-04,Tirupati,0.4,5.6,29.7,240.4
2026-04-05,Srikakulam,7.1,5.49,30.4,320.0
2026-04-07,Srikakulam,3.6,6.69,27.2,415.3
2026-04-08,Guntur,8.3,5.75,29.8,403.0
2026-04-09,Nellore,6.9,6.13,28.1,257.9
2026-04-09,Tirupati,4.0,6.06,29.0,438.1
2026-04-13,Machilipatnam,11.3,6.62,29.3,690.4
2026-04-15,Kadapa,6.5,5.85,28.6,455.9
2026-04-15,Nellore,3.0,5.93,30.3,414.4
2026-04-16,Vizianagaram,9.1,6.51,31.1,431.8
2026-04-20,Srikakulam,5.3,6.52,29.1,556.0
2026-04-21,Machilipatnam,1.0,5.44,28.1,284.0
2026-04-23,Ongole,7.2,6.02,34.4,382.8
2026-04-25,Rajahmundry,1.9,5.45,30.9,255.3
2026-04-27,Nellore,3.7,6.21,31.1,499.6
2026-04-29,Kadapa,4.9,6.58,33.8,595.4
2026-04-30,Kurnool,6.6,6.82,30.6,569.1
2026-05-01,Kurnool,3.4,6.4,31.1,424.4
2026-05-01,Nellore,4.1,7.11,31.0,408.0
2026-05-01,Srikakulam,150.6,12.59,30.9,2459.9
2026-05-01,Srikakulam,6.3,5.62,31.4,351.4
2026-05-01,Tirupati,2.0,6.15,31.1,467.3
2026-05-02,Rajahmundry,2.0,6.11,30.3,443.7
2026-05-02,Rajahmundry,6.9,6.43,30.0,450.1
2026-05-03,Rajahmundry,5.4,6.14,30.6,431.6
2026-05-04,Anantapur,2.4,5.82,28.6,205.8
2026-05-05,Amalapuram,20.7,6.84,29.8,563.7
2026-05-08,Vijayawada,0.6,6.28,32.0,362.8
2026-05-09,Kurnool,1.7,5.29,31.5,313.4
2026-05-09,Vijayawada,3.5,5.01,29.4,144.6
2026-05-10,Amalapuram,6.8,5.95,30.6,405.1
2026-05-11,Amalapuram,8.9,6.77,32.3,613.0
2026-05-11,Machilipatnam,0.6,5.54,32.1,341.5
2026-05-11,Rajahmundry,9.2,6.68,30.3,454.8
2026-05-12,Srikakulam,2.6,7.04,33.5,555.0
2026-05-13,Nellore,3.1,5.59,31.2,262.2
2026-05-15,Amalapuram,0.1,6.06,31.6,385.1
2026-05-15,Vijayawada,4.7,6.46,29.6,436.1
2026-05-17,Visakhapatnam,14.0,7.85,30.5,760.2
2026-05-21,Amalapuram,12.3,6.71,32.1,534.5
2026-05-21,Guntur,0.9,4.98,29.8,259.2
2026-05-21,Kadapa,9.2,6.88,29.2,551.4
2026-05-21,Kurnool,5.3,5.77,31.2,367.6
2026-05-21,Vizianagaram,9.2,6.4,32.6,537.7
2026-05-22,Guntur,2.2,5.62,30.9,408.6
2026-05-22,Kakinada,0.2,6.37,33.4,422.5
2026-05-22,Kakinada,8.2,6.12,33.3,485.1
2026-05-22,Srikakulam,4.6,6.38,31.1,343.9
2026-05-23,Vijayawada,1.8,6.64,31.3,422.5
2026-05-24,Guntur,2.6,5.54,30.0,269.0
2026-05-24,Vizianagaram,2.8,6.78,30.3,495.3
2026-05-25,Kadapa,11.5,6.85,34.8,491.6
2026-05-26,Anantapur,7.2,6.26,32.3,465.4
2026-05-27,Vizianagaram,1.6,5.85,31.8,317.1
2026-05-28,Ongole,5.3,5.52,31.4,303.2
2026-05-31,Kakinada,4.1,5.52,32.0,335.1
2026-06-01,Ongole,26.0,7.06,33.5,821.9
2026-06-03,Tirupati,12.9,6.13,32.5,601.3
2026-06-03,Vizianagaram,56.6,8.19,30.4,1081.3
2026-06-04,Amalapuram,27.6,7.44,33.3,786.3
2026-06-05,Nellore,34.0,7.78,33.5,780.8
2026-06-05,Ongole,8.4,6.48,31.8,509.4
2026-06-07,Visakhapatnam,17.0,7.33,31.3,714.2
2026-06-08,Guntur,5.0,6.4,30.0,446.9
2026-06-09,Amalapuram,13.2,6.5,32.4,519.8
2026-06-14,Guntur,31.1,7.48,34.1,773.8
2026-06-14,Kakinada,50.6,8.38,31.3,1077.7
2026-06-14,Kurnool,13.7,7.66,30.4,738.0
2026-06-14,Kurnool,25.5,8.45,31.4,854.4
2026-06-15,Eluru,11.3,6.27,30.3,429.5
2026-06-17,Tirupati,14.1,6.31,34.0,484.0
2026-06-18,Guntur,18.1,7.02,28.5,651.1
2026-06-19,Nellore,0.4,6.83,31.6,579.6
2026-06-20,Eluru,9.3,7.32,31.4,602.3
2026-06-20,Vijayawada,27.4,6.85,35.0,611.3
2026-06-21,Kakinada,18.1,6.48,34.2,597.6
2026-06-21,Tirupati,2.5,5.99,31.8,330.6
2026-06-22,Nellore,17.9,6.84,29.6,727.8
2026-06-23,Ongole,14.2,6.26,30.4,543.3
2026-06-24,Eluru,28.0,6.93,30.1,719.3
2026-06-24,Kurnool,91.8,10.06,32.7,1620.3
2026-06-25,Machilipatnam,28.3,7.32,30.7,806.5
2026-06-26,Nellore,21.4,6.6,33.6,543.8
2026-06-26,Rajahmundry,11.6,6.04,31.3,332.1
2026-06-26,Srikakulam,44.9,8.24,31.4,1011.2
2026-06-26,Vijayawada,29.3,8.55,29.3,995.0
2026-06-27,Kadapa,19.1,6.15,32.6,451.2
2026-06-27,Vijayawada,2.9,6.39,31.5,380.4
2026-06-28,Kakinada,40.6,7.89,32.3,956.0
2026-06-29,Ongole,27.0,7.56,31.5,802.2
2026-06-30,Srikakulam,25.7,7.65,29.9,805.7
2026-07-01,Anantapur,30.3,8.04,31.6,904.3
2026-07-01,Eluru,40.1,8.02,31.0,892.8
2026-07-01,Ongole,11.9,6.55,31.1,567.5
2026-07-01,Rajahmundry,13.2,6.61,31.9,578.7
2026-07-01,Vizianagaram,30.3,7.91,33.2,923.3
2026-07-02,Vizianagaram,50.3,7.83,32.9,1056.1
2026-07-03,Kadapa,3.4,6.24,29.4,407.4
2026-07-03,Tirupati,6.4,6.06,31.7,436.2
2026-07-05,Nellore,15.1,6.04,33.6,475.8
2026-07-06,Vijayawada,12.0,6.49,30.4,470.6
2026-07-06,Vijayawada,17.5,7.33,31.9,657.8
2026-07-07,Kakinada,12.0,6.73,30.2,573.5
2026-07-09,Anantapur,22.2,6.74,31.2,618.5
2026-07-10,Kurnool,18.7,6.98,29.7,715.4
2026-07-10,Visakhapatnam,7.2,5.55,30.7,384.6
2026-07-11,Eluru,45.0,8.34,29.7,932.4
2026-07-11,Tirupati,22.6,6.17,33.3,409.7
2026-07-12,Kakinada,14.7,6.46,30.9,597.2
2026-07-13,Rajahmundry,6.0,7.1,32.2,566.0
2026-07-15,Anantapur,64.3,9.03,32.9,1248.2
2026-07-15,Nellore,166.4,13.55,34.4,2821.7
2026-07-15,Vijayawada,17.2,6.94,33.6,627.3
2026-07-16,Kakinada,4.9,5.73,31.5,311.9
2026-07-16,Vijayawada,21.1,6.76,31.7,639.0
2026-07-17,Guntur,3.9,5.93,33.4,405.7
2026-07-17,Machilipatnam,15.6,7.02,32.1,603.4
2026-07-19,Nellore,0.3,6.68,27.3,463.8
2026-07-19,Tirupati,18.6,6.76,31.0,641.6
2026-07-19,Tirupati,3.9,6.26,33.7,290.7
2026-07-20,Amalapuram,22.5,6.43,29.9,643.5
2026-07-22,Guntur,8.9,6.21,29.3,455.3
2026-07-23,Tirupati,55.4,7.71,32.4,1078.2
2026-07-23,Visakhapatnam,11.3,6.06,32.3,435.9
2026-07-26,Kakinada,97.4,10.32,30.4,1622.2
2026-07-26,Tirupati,35.5,7.99,31.8,969.4
2026-07-27,Kadapa,13.2,6.7,29.3,568.4
2026-07-27,Kakinada,37.3,7.91,30.3,953.9
2026-07-27,Ongole,10.8,6.67,32.8,542.6
2026-07-31,Rajahmundry,6.9,5.84,27.7,395.9
2026-08-02,Vijayawada,14.0,6.52,30.3,455.5
2026-08-04,Guntur,28.8,6.95,31.5,768.9
2026-08-04,Kakinada,29.0,7.09,30.3,719.0
2026-08-06,Vijayawada,69.6,9.27,30.8,1356.8
2026-08-06,Vizianagaram,9.9,7.1,30.5,580.3
2026-08-06,Vizianagaram,5.4,6.35,30.6,471.7
2026-08-07,Srikakulam,65.6,8.92,29.8,1253.3
2026-08-08,Srikakulam,10.7,6.58,30.1,438.0
2026-08-09,Nellore,5.1,5.6,32.8,345.9
2026-08-09,Nellore,1.7,6.4,34.5,303.0
2026-08-09,Vijayawada,7.7,6.48,32.5,495.4
2026-08-09,Vijayawada,5.1,6.38,31.9,464.1
2026-08-11,Tirupati,14.0,6.45,30.3,579.3
2026-08-12,Rajahmundry,13.1,5.82,27.2,397.3
2026-08-15,Amalapuram,8.8,6.35,28.5,393.6
2026-08-16,Rajahmundry,5.7,6.4,27.7,551.5
2026-08-17,Kurnool,17.1,6.19,28.8,541.2
2026-08-17,Vijayawada,0.0,5.83,34.5,376.3
2026-08-17,Visakhapatnam,27.1,6.91,28.7,690.8
2026-08-21,Amalapuram,14.5,6.02,32.6,480.6
2026-08-21,Amalapuram,70.7,8.9,30.7,1276.3
2026-08-21,Machilipatnam,39.1,8.25,28.1,1047.7
2026-08-22,Srikakulam,20.1,6.1,28.9,436.1
2026-08-23,Guntur,8.5,6.11,27.4,354.0
2026-08-24,Anantapur,1.4,5.43,31.6,332.1
2026-08-25,Visakhapatnam,32.2,7.2,28.0,804.2
2026-08-27,Rajahmundry,9.7,6.06,29.4,390.7
2026-08-27,Rajahmundry,7.0,6.2,29.8,519.0
2026-08-28,Amalapuram,15.9,7.13,33.3,606.7
2026-08-28,Nellore,11.8,6.98,30.5,655.6
2026-08-29,Amalapuram,16.2,6.94,30.0,649.4
2026-08-31,Guntur,15.1,7.36,30.4,682.5
2026-08-31,Kurnool,23.1,7.46,31.0,726.0
2026-09-02,Eluru,4.9,6.03,29.1,431.9
2026-09-03,Rajahmundry,20.3,6.1,32.0,527.3
2026-09-04,Amalapuram,29.8,7.56,25.9,772.7
2026-09-04,Eluru,18.3,6.78,30.5,581.8
2026-09-04,Tirupati,35.2,7.91,30.6,973.4
2026-09-05,Amalapuram,6.0,6.54,27.3,470.0
2026-09-05,Kakinada,41.3,7.94,29.9,861.6
2026-09-05,Kurnool,14.2,6.64,26.1,578.0
2026-09-06,Anantapur,16.5,6.34,27.5,506.0
2026-09-06,Kadapa,18.0,6.54,28.2,475.3
2026-09-06,Tirupati,3.1,5.56,29.8,246.0
2026-09-06,Tirupati,8.8,6.32,30.8,535.2
2026-09-07,Ongole,23.4,7.29,27.8,777.0
2026-09-09,Machilipatnam,9.6,6.6,28.7,557.9
2026-09-11,Eluru,31.9,6.95,29.6,729.3
2026-09-11,Kadapa,32.2,7.51,26.8,786.4
2026-09-11,Rajahmundry,196.0,15.55,28.3,3441.5
2026-09-15,Srikakulam,10.2,6.68,25.9,497.0
2026-09-16,Kakinada,3.7,6.62,28.9,478.9
2026-09-16,Ongole,4.7,6.1,28.4,397.1
2026-09-17,Anantapur,3.1,6.18,29.9,326.2
2026-09-17,Kadapa,1.7,5.38,26.5,190.4
2026-09-17,Nellore,1.7,5.72,28.5,298.5
2026-09-19,Vijayawada,167.0,13.52,25.8,2705.0
2026-09-20,Srikakulam,26.5,8.1,28.9,838.4
2026-09-20,Srikakulam,6.0,6.41,28.7,502.0
2026-09-21,Amalapuram,21.1,7.16,29.9,604.2
2026-09-21,Anantapur,0.8,5.68,28.9,337.9
2026-09-23,Amalapuram,33.3,8.3,27.0,961.6
2026-09-23,Kakinada,2.2,5.84,26.0,339.9
2026-09-23,Kurnool,167.0,13.71,24.9,2821.9
2026-09-23,Nellore,25.1,7.77,29.1,922.9
2026-09-26,Srikakulam,19.7,6.86,28.4,703.3
2026-09-26,Vizianagaram,4.1,6.17,26.2,326.4
2026-09-27,Guntur,9.6,5.72,27.3,394.0
2026-09-28,Ongole,8.3,6.16,27.5,479.7
